WARNING - 2025-12-16 01:12:44 --> [DEPRECATED] Creation of dynamic property App\Controllers\Home::$nama is deprecated in APPPATH\Controllers\BaseController.php on line 44.
 1 SYSTEMPATH\CodeIgniter.php(904): App\Controllers\BaseController->initController(Object(CodeIgniter\HTTP\IncomingRequest), Object(CodeIgniter\HTTP\Response), Object(CodeIgniter\Log\Logger))
 2 SYSTEMPATH\CodeIgniter.php(498): CodeIgniter\CodeIgniter->createController()
 3 SYSTEMPATH\CodeIgniter.php(354): CodeIgniter\CodeIgniter->handleRequest(null, Object(Config\Cache), false)
 4 SYSTEMPATH\Boot.php(363): CodeIgniter\CodeIgniter->run()
 5 SYSTEMPATH\Boot.php(68): CodeIgniter\Boot::runCodeIgniter(Object(CodeIgniter\CodeIgniter))
 6 FCPATH\index.php(59): CodeIgniter\Boot::bootWeb(Object(Config\Paths))
 7 SYSTEMPATH\rewrite.php(44): require_once('C:\\xampp\\htdocs\\cicemilankayo\\public\\index.php')
WARNING - 2025-12-16 01:13:10 --> [DEPRECATED] Creation of dynamic property App\Controllers\Beranda::$nama is deprecated in APPPATH\Controllers\BaseController.php on line 44.
 1 SYSTEMPATH\CodeIgniter.php(904): App\Controllers\BaseController->initController(Object(CodeIgniter\HTTP\IncomingRequest), Object(CodeIgniter\HTTP\Response), Object(CodeIgniter\Log\Logger))
 2 SYSTEMPATH\CodeIgniter.php(498): CodeIgniter\CodeIgniter->createController()
 3 SYSTEMPATH\CodeIgniter.php(354): CodeIgniter\CodeIgniter->handleRequest(null, Object(Config\Cache), false)
 4 SYSTEMPATH\Boot.php(363): CodeIgniter\CodeIgniter->run()
 5 SYSTEMPATH\Boot.php(68): CodeIgniter\Boot::runCodeIgniter(Object(CodeIgniter\CodeIgniter))
 6 FCPATH\index.php(59): CodeIgniter\Boot::bootWeb(Object(Config\Paths))
 7 SYSTEMPATH\rewrite.php(44): require_once('C:\\xampp\\htdocs\\cicemilankayo\\public\\index.php')
WARNING - 2025-12-16 01:13:10 --> [DEPRECATED] Creation of dynamic property App\Controllers\Layanan::$nama is deprecated in APPPATH\Controllers\BaseController.php on line 44.
 1 SYSTEMPATH\CodeIgniter.php(904): App\Controllers\BaseController->initController(Object(CodeIgniter\HTTP\IncomingRequest), Object(CodeIgniter\HTTP\Response), Object(CodeIgniter\Log\Logger))
 2 SYSTEMPATH\CodeIgniter.php(498): CodeIgniter\CodeIgniter->createController()
 3 SYSTEMPATH\CodeIgniter.php(354): CodeIgniter\CodeIgniter->handleRequest(null, Object(Config\Cache), false)
 4 SYSTEMPATH\Boot.php(363): CodeIgniter\CodeIgniter->run()
 5 SYSTEMPATH\Boot.php(68): CodeIgniter\Boot::runCodeIgniter(Object(CodeIgniter\CodeIgniter))
 6 FCPATH\index.php(59): CodeIgniter\Boot::bootWeb(Object(Config\Paths))
 7 SYSTEMPATH\rewrite.php(44): require_once('C:\\xampp\\htdocs\\cicemilankayo\\public\\index.php')
WARNING - 2025-12-16 01:13:27 --> [DEPRECATED] Creation of dynamic property App\Controllers\Layanan::$nama is deprecated in APPPATH\Controllers\BaseController.php on line 44.
 1 SYSTEMPATH\CodeIgniter.php(904): App\Controllers\BaseController->initController(Object(CodeIgniter\HTTP\IncomingRequest), Object(CodeIgniter\HTTP\Response), Object(CodeIgniter\Log\Logger))
 2 SYSTEMPATH\CodeIgniter.php(498): CodeIgniter\CodeIgniter->createController()
 3 SYSTEMPATH\CodeIgniter.php(354): CodeIgniter\CodeIgniter->handleRequest(null, Object(Config\Cache), false)
 4 SYSTEMPATH\Boot.php(363): CodeIgniter\CodeIgniter->run()
 5 SYSTEMPATH\Boot.php(68): CodeIgniter\Boot::runCodeIgniter(Object(CodeIgniter\CodeIgniter))
 6 FCPATH\index.php(59): CodeIgniter\Boot::bootWeb(Object(Config\Paths))
 7 SYSTEMPATH\rewrite.php(44): require_once('C:\\xampp\\htdocs\\cicemilankayo\\public\\index.php')
WARNING - 2025-12-16 01:13:37 --> [DEPRECATED] Creation of dynamic property App\Controllers\Layanan::$nama is deprecated in APPPATH\Controllers\BaseController.php on line 44.
 1 SYSTEMPATH\CodeIgniter.php(904): App\Controllers\BaseController->initController(Object(CodeIgniter\HTTP\IncomingRequest), Object(CodeIgniter\HTTP\Response), Object(CodeIgniter\Log\Logger))
 2 SYSTEMPATH\CodeIgniter.php(498): CodeIgniter\CodeIgniter->createController()
 3 SYSTEMPATH\CodeIgniter.php(354): CodeIgniter\CodeIgniter->handleRequest(null, Object(Config\Cache), false)
 4 SYSTEMPATH\Boot.php(363): CodeIgniter\CodeIgniter->run()
 5 SYSTEMPATH\Boot.php(68): CodeIgniter\Boot::runCodeIgniter(Object(CodeIgniter\CodeIgniter))
 6 FCPATH\index.php(59): CodeIgniter\Boot::bootWeb(Object(Config\Paths))
 7 SYSTEMPATH\rewrite.php(44): require_once('C:\\xampp\\htdocs\\cicemilankayo\\public\\index.php')
WARNING - 2025-12-16 01:13:38 --> [DEPRECATED] Creation of dynamic property App\Controllers\Portofolio::$nama is deprecated in APPPATH\Controllers\BaseController.php on line 44.
 1 SYSTEMPATH\CodeIgniter.php(904): App\Controllers\BaseController->initController(Object(CodeIgniter\HTTP\IncomingRequest), Object(CodeIgniter\HTTP\Response), Object(CodeIgniter\Log\Logger))
 2 SYSTEMPATH\CodeIgniter.php(498): CodeIgniter\CodeIgniter->createController()
 3 SYSTEMPATH\CodeIgniter.php(354): CodeIgniter\CodeIgniter->handleRequest(null, Object(Config\Cache), false)
 4 SYSTEMPATH\Boot.php(363): CodeIgniter\CodeIgniter->run()
 5 SYSTEMPATH\Boot.php(68): CodeIgniter\Boot::runCodeIgniter(Object(CodeIgniter\CodeIgniter))
 6 FCPATH\index.php(59): CodeIgniter\Boot::bootWeb(Object(Config\Paths))
 7 SYSTEMPATH\rewrite.php(44): require_once('C:\\xampp\\htdocs\\cicemilankayo\\public\\index.php')
WARNING - 2025-12-16 01:13:39 --> [DEPRECATED] Creation of dynamic property App\Controllers\Layanan::$nama is deprecated in APPPATH\Controllers\BaseController.php on line 44.
 1 SYSTEMPATH\CodeIgniter.php(904): App\Controllers\BaseController->initController(Object(CodeIgniter\HTTP\IncomingRequest), Object(CodeIgniter\HTTP\Response), Object(CodeIgniter\Log\Logger))
 2 SYSTEMPATH\CodeIgniter.php(498): CodeIgniter\CodeIgniter->createController()
 3 SYSTEMPATH\CodeIgniter.php(354): CodeIgniter\CodeIgniter->handleRequest(null, Object(Config\Cache), false)
 4 SYSTEMPATH\Boot.php(363): CodeIgniter\CodeIgniter->run()
 5 SYSTEMPATH\Boot.php(68): CodeIgniter\Boot::runCodeIgniter(Object(CodeIgniter\CodeIgniter))
 6 FCPATH\index.php(59): CodeIgniter\Boot::bootWeb(Object(Config\Paths))
 7 SYSTEMPATH\rewrite.php(44): require_once('C:\\xampp\\htdocs\\cicemilankayo\\public\\index.php')
WARNING - 2025-12-16 01:13:39 --> [DEPRECATED] Creation of dynamic property App\Controllers\Beranda::$nama is deprecated in APPPATH\Controllers\BaseController.php on line 44.
 1 SYSTEMPATH\CodeIgniter.php(904): App\Controllers\BaseController->initController(Object(CodeIgniter\HTTP\IncomingRequest), Object(CodeIgniter\HTTP\Response), Object(CodeIgniter\Log\Logger))
 2 SYSTEMPATH\CodeIgniter.php(498): CodeIgniter\CodeIgniter->createController()
 3 SYSTEMPATH\CodeIgniter.php(354): CodeIgniter\CodeIgniter->handleRequest(null, Object(Config\Cache), false)
 4 SYSTEMPATH\Boot.php(363): CodeIgniter\CodeIgniter->run()
 5 SYSTEMPATH\Boot.php(68): CodeIgniter\Boot::runCodeIgniter(Object(CodeIgniter\CodeIgniter))
 6 FCPATH\index.php(59): CodeIgniter\Boot::bootWeb(Object(Config\Paths))
 7 SYSTEMPATH\rewrite.php(44): require_once('C:\\xampp\\htdocs\\cicemilankayo\\public\\index.php')
WARNING - 2025-12-16 01:13:41 --> [DEPRECATED] Creation of dynamic property App\Controllers\Layanan::$nama is deprecated in APPPATH\Controllers\BaseController.php on line 44.
 1 SYSTEMPATH\CodeIgniter.php(904): App\Controllers\BaseController->initController(Object(CodeIgniter\HTTP\IncomingRequest), Object(CodeIgniter\HTTP\Response), Object(CodeIgniter\Log\Logger))
 2 SYSTEMPATH\CodeIgniter.php(498): CodeIgniter\CodeIgniter->createController()
 3 SYSTEMPATH\CodeIgniter.php(354): CodeIgniter\CodeIgniter->handleRequest(null, Object(Config\Cache), false)
 4 SYSTEMPATH\Boot.php(363): CodeIgniter\CodeIgniter->run()
 5 SYSTEMPATH\Boot.php(68): CodeIgniter\Boot::runCodeIgniter(Object(CodeIgniter\CodeIgniter))
 6 FCPATH\index.php(59): CodeIgniter\Boot::bootWeb(Object(Config\Paths))
 7 SYSTEMPATH\rewrite.php(44): require_once('C:\\xampp\\htdocs\\cicemilankayo\\public\\index.php')
WARNING - 2025-12-16 01:15:49 --> [DEPRECATED] Creation of dynamic property App\Controllers\Beranda::$nama is deprecated in APPPATH\Controllers\BaseController.php on line 44.
 1 SYSTEMPATH\CodeIgniter.php(904): App\Controllers\BaseController->initController(Object(CodeIgniter\HTTP\IncomingRequest), Object(CodeIgniter\HTTP\Response), Object(CodeIgniter\Log\Logger))
 2 SYSTEMPATH\CodeIgniter.php(498): CodeIgniter\CodeIgniter->createController()
 3 SYSTEMPATH\CodeIgniter.php(354): CodeIgniter\CodeIgniter->handleRequest(null, Object(Config\Cache), false)
 4 SYSTEMPATH\Boot.php(363): CodeIgniter\CodeIgniter->run()
 5 SYSTEMPATH\Boot.php(68): CodeIgniter\Boot::runCodeIgniter(Object(CodeIgniter\CodeIgniter))
 6 FCPATH\index.php(59): CodeIgniter\Boot::bootWeb(Object(Config\Paths))
 7 SYSTEMPATH\rewrite.php(44): require_once('C:\\xampp\\htdocs\\cicemilankayo\\public\\index.php')
WARNING - 2025-12-16 01:15:49 --> [DEPRECATED] Creation of dynamic property App\Controllers\Layanan::$nama is deprecated in APPPATH\Controllers\BaseController.php on line 44.
 1 SYSTEMPATH\CodeIgniter.php(904): App\Controllers\BaseController->initController(Object(CodeIgniter\HTTP\IncomingRequest), Object(CodeIgniter\HTTP\Response), Object(CodeIgniter\Log\Logger))
 2 SYSTEMPATH\CodeIgniter.php(498): CodeIgniter\CodeIgniter->createController()
 3 SYSTEMPATH\CodeIgniter.php(354): CodeIgniter\CodeIgniter->handleRequest(null, Object(Config\Cache), false)
 4 SYSTEMPATH\Boot.php(363): CodeIgniter\CodeIgniter->run()
 5 SYSTEMPATH\Boot.php(68): CodeIgniter\Boot::runCodeIgniter(Object(CodeIgniter\CodeIgniter))
 6 FCPATH\index.php(59): CodeIgniter\Boot::bootWeb(Object(Config\Paths))
 7 SYSTEMPATH\rewrite.php(44): require_once('C:\\xampp\\htdocs\\cicemilankayo\\public\\index.php')
WARNING - 2025-12-16 01:15:50 --> [DEPRECATED] Creation of dynamic property App\Controllers\Portofolio::$nama is deprecated in APPPATH\Controllers\BaseController.php on line 44.
 1 SYSTEMPATH\CodeIgniter.php(904): App\Controllers\BaseController->initController(Object(CodeIgniter\HTTP\IncomingRequest), Object(CodeIgniter\HTTP\Response), Object(CodeIgniter\Log\Logger))
 2 SYSTEMPATH\CodeIgniter.php(498): CodeIgniter\CodeIgniter->createController()
 3 SYSTEMPATH\CodeIgniter.php(354): CodeIgniter\CodeIgniter->handleRequest(null, Object(Config\Cache), false)
 4 SYSTEMPATH\Boot.php(363): CodeIgniter\CodeIgniter->run()
 5 SYSTEMPATH\Boot.php(68): CodeIgniter\Boot::runCodeIgniter(Object(CodeIgniter\CodeIgniter))
 6 FCPATH\index.php(59): CodeIgniter\Boot::bootWeb(Object(Config\Paths))
 7 SYSTEMPATH\rewrite.php(44): require_once('C:\\xampp\\htdocs\\cicemilankayo\\public\\index.php')
WARNING - 2025-12-16 01:15:51 --> [DEPRECATED] Creation of dynamic property App\Controllers\Layanan::$nama is deprecated in APPPATH\Controllers\BaseController.php on line 44.
 1 SYSTEMPATH\CodeIgniter.php(904): App\Controllers\BaseController->initController(Object(CodeIgniter\HTTP\IncomingRequest), Object(CodeIgniter\HTTP\Response), Object(CodeIgniter\Log\Logger))
 2 SYSTEMPATH\CodeIgniter.php(498): CodeIgniter\CodeIgniter->createController()
 3 SYSTEMPATH\CodeIgniter.php(354): CodeIgniter\CodeIgniter->handleRequest(null, Object(Config\Cache), false)
 4 SYSTEMPATH\Boot.php(363): CodeIgniter\CodeIgniter->run()
 5 SYSTEMPATH\Boot.php(68): CodeIgniter\Boot::runCodeIgniter(Object(CodeIgniter\CodeIgniter))
 6 FCPATH\index.php(59): CodeIgniter\Boot::bootWeb(Object(Config\Paths))
 7 SYSTEMPATH\rewrite.php(44): require_once('C:\\xampp\\htdocs\\cicemilankayo\\public\\index.php')
WARNING - 2025-12-16 01:15:51 --> [DEPRECATED] Creation of dynamic property App\Controllers\Beranda::$nama is deprecated in APPPATH\Controllers\BaseController.php on line 44.
 1 SYSTEMPATH\CodeIgniter.php(904): App\Controllers\BaseController->initController(Object(CodeIgniter\HTTP\IncomingRequest), Object(CodeIgniter\HTTP\Response), Object(CodeIgniter\Log\Logger))
 2 SYSTEMPATH\CodeIgniter.php(498): CodeIgniter\CodeIgniter->createController()
 3 SYSTEMPATH\CodeIgniter.php(354): CodeIgniter\CodeIgniter->handleRequest(null, Object(Config\Cache), false)
 4 SYSTEMPATH\Boot.php(363): CodeIgniter\CodeIgniter->run()
 5 SYSTEMPATH\Boot.php(68): CodeIgniter\Boot::runCodeIgniter(Object(CodeIgniter\CodeIgniter))
 6 FCPATH\index.php(59): CodeIgniter\Boot::bootWeb(Object(Config\Paths))
 7 SYSTEMPATH\rewrite.php(44): require_once('C:\\xampp\\htdocs\\cicemilankayo\\public\\index.php')
WARNING - 2025-12-16 01:15:53 --> [DEPRECATED] Creation of dynamic property App\Controllers\Layanan::$nama is deprecated in APPPATH\Controllers\BaseController.php on line 44.
 1 SYSTEMPATH\CodeIgniter.php(904): App\Controllers\BaseController->initController(Object(CodeIgniter\HTTP\IncomingRequest), Object(CodeIgniter\HTTP\Response), Object(CodeIgniter\Log\Logger))
 2 SYSTEMPATH\CodeIgniter.php(498): CodeIgniter\CodeIgniter->createController()
 3 SYSTEMPATH\CodeIgniter.php(354): CodeIgniter\CodeIgniter->handleRequest(null, Object(Config\Cache), false)
 4 SYSTEMPATH\Boot.php(363): CodeIgniter\CodeIgniter->run()
 5 SYSTEMPATH\Boot.php(68): CodeIgniter\Boot::runCodeIgniter(Object(CodeIgniter\CodeIgniter))
 6 FCPATH\index.php(59): CodeIgniter\Boot::bootWeb(Object(Config\Paths))
 7 SYSTEMPATH\rewrite.php(44): require_once('C:\\xampp\\htdocs\\cicemilankayo\\public\\index.php')
WARNING - 2025-12-16 01:16:41 --> [DEPRECATED] Creation of dynamic property App\Controllers\Beranda::$nama is deprecated in APPPATH\Controllers\BaseController.php on line 44.
 1 SYSTEMPATH\CodeIgniter.php(904): App\Controllers\BaseController->initController(Object(CodeIgniter\HTTP\IncomingRequest), Object(CodeIgniter\HTTP\Response), Object(CodeIgniter\Log\Logger))
 2 SYSTEMPATH\CodeIgniter.php(498): CodeIgniter\CodeIgniter->createController()
 3 SYSTEMPATH\CodeIgniter.php(354): CodeIgniter\CodeIgniter->handleRequest(null, Object(Config\Cache), false)
 4 SYSTEMPATH\Boot.php(363): CodeIgniter\CodeIgniter->run()
 5 SYSTEMPATH\Boot.php(68): CodeIgniter\Boot::runCodeIgniter(Object(CodeIgniter\CodeIgniter))
 6 FCPATH\index.php(59): CodeIgniter\Boot::bootWeb(Object(Config\Paths))
 7 SYSTEMPATH\rewrite.php(44): require_once('C:\\xampp\\htdocs\\cicemilankayo\\public\\index.php')
WARNING - 2025-12-16 01:16:41 --> [DEPRECATED] Creation of dynamic property App\Controllers\Layanan::$nama is deprecated in APPPATH\Controllers\BaseController.php on line 44.
 1 SYSTEMPATH\CodeIgniter.php(904): App\Controllers\BaseController->initController(Object(CodeIgniter\HTTP\IncomingRequest), Object(CodeIgniter\HTTP\Response), Object(CodeIgniter\Log\Logger))
 2 SYSTEMPATH\CodeIgniter.php(498): CodeIgniter\CodeIgniter->createController()
 3 SYSTEMPATH\CodeIgniter.php(354): CodeIgniter\CodeIgniter->handleRequest(null, Object(Config\Cache), false)
 4 SYSTEMPATH\Boot.php(363): CodeIgniter\CodeIgniter->run()
 5 SYSTEMPATH\Boot.php(68): CodeIgniter\Boot::runCodeIgniter(Object(CodeIgniter\CodeIgniter))
 6 FCPATH\index.php(59): CodeIgniter\Boot::bootWeb(Object(Config\Paths))
 7 SYSTEMPATH\rewrite.php(44): require_once('C:\\xampp\\htdocs\\cicemilankayo\\public\\index.php')
WARNING - 2025-12-16 01:16:42 --> [DEPRECATED] Creation of dynamic property App\Controllers\Beranda::$nama is deprecated in APPPATH\Controllers\BaseController.php on line 44.
 1 SYSTEMPATH\CodeIgniter.php(904): App\Controllers\BaseController->initController(Object(CodeIgniter\HTTP\IncomingRequest), Object(CodeIgniter\HTTP\Response), Object(CodeIgniter\Log\Logger))
 2 SYSTEMPATH\CodeIgniter.php(498): CodeIgniter\CodeIgniter->createController()
 3 SYSTEMPATH\CodeIgniter.php(354): CodeIgniter\CodeIgniter->handleRequest(null, Object(Config\Cache), false)
 4 SYSTEMPATH\Boot.php(363): CodeIgniter\CodeIgniter->run()
 5 SYSTEMPATH\Boot.php(68): CodeIgniter\Boot::runCodeIgniter(Object(CodeIgniter\CodeIgniter))
 6 FCPATH\index.php(59): CodeIgniter\Boot::bootWeb(Object(Config\Paths))
 7 SYSTEMPATH\rewrite.php(44): require_once('C:\\xampp\\htdocs\\cicemilankayo\\public\\index.php')
WARNING - 2025-12-16 01:16:43 --> [DEPRECATED] Creation of dynamic property App\Controllers\Layanan::$nama is deprecated in APPPATH\Controllers\BaseController.php on line 44.
 1 SYSTEMPATH\CodeIgniter.php(904): App\Controllers\BaseController->initController(Object(CodeIgniter\HTTP\IncomingRequest), Object(CodeIgniter\HTTP\Response), Object(CodeIgniter\Log\Logger))
 2 SYSTEMPATH\CodeIgniter.php(498): CodeIgniter\CodeIgniter->createController()
 3 SYSTEMPATH\CodeIgniter.php(354): CodeIgniter\CodeIgniter->handleRequest(null, Object(Config\Cache), false)
 4 SYSTEMPATH\Boot.php(363): CodeIgniter\CodeIgniter->run()
 5 SYSTEMPATH\Boot.php(68): CodeIgniter\Boot::runCodeIgniter(Object(CodeIgniter\CodeIgniter))
 6 FCPATH\index.php(59): CodeIgniter\Boot::bootWeb(Object(Config\Paths))
 7 SYSTEMPATH\rewrite.php(44): require_once('C:\\xampp\\htdocs\\cicemilankayo\\public\\index.php')
WARNING - 2025-12-16 01:18:22 --> [DEPRECATED] Creation of dynamic property App\Controllers\Home::$nama is deprecated in APPPATH\Controllers\BaseController.php on line 44.
 1 SYSTEMPATH\CodeIgniter.php(904): App\Controllers\BaseController->initController(Object(CodeIgniter\HTTP\IncomingRequest), Object(CodeIgniter\HTTP\Response), Object(CodeIgniter\Log\Logger))
 2 SYSTEMPATH\CodeIgniter.php(498): CodeIgniter\CodeIgniter->createController()
 3 SYSTEMPATH\CodeIgniter.php(354): CodeIgniter\CodeIgniter->handleRequest(null, Object(Config\Cache), false)
 4 SYSTEMPATH\Boot.php(363): CodeIgniter\CodeIgniter->run()
 5 SYSTEMPATH\Boot.php(68): CodeIgniter\Boot::runCodeIgniter(Object(CodeIgniter\CodeIgniter))
 6 FCPATH\index.php(59): CodeIgniter\Boot::bootWeb(Object(Config\Paths))
 7 SYSTEMPATH\rewrite.php(44): require_once('C:\\xampp\\htdocs\\cicemilankayo\\public\\index.php')
WARNING - 2025-12-16 05:05:35 --> [DEPRECATED] Creation of dynamic property App\Controllers\Home::$nama is deprecated in APPPATH\Controllers\BaseController.php on line 44.
 1 SYSTEMPATH\CodeIgniter.php(904): App\Controllers\BaseController->initController(Object(CodeIgniter\HTTP\IncomingRequest), Object(CodeIgniter\HTTP\Response), Object(CodeIgniter\Log\Logger))
 2 SYSTEMPATH\CodeIgniter.php(498): CodeIgniter\CodeIgniter->createController()
 3 SYSTEMPATH\CodeIgniter.php(354): CodeIgniter\CodeIgniter->handleRequest(null, Object(Config\Cache), false)
 4 SYSTEMPATH\Boot.php(363): CodeIgniter\CodeIgniter->run()
 5 SYSTEMPATH\Boot.php(68): CodeIgniter\Boot::runCodeIgniter(Object(CodeIgniter\CodeIgniter))
 6 FCPATH\index.php(59): CodeIgniter\Boot::bootWeb(Object(Config\Paths))
 7 SYSTEMPATH\rewrite.php(44): require_once('C:\\xampp\\htdocs\\cicemilankayo\\public\\index.php')
WARNING - 2025-12-16 05:05:37 --> [DEPRECATED] Creation of dynamic property App\Controllers\Layanan::$nama is deprecated in APPPATH\Controllers\BaseController.php on line 44.
 1 SYSTEMPATH\CodeIgniter.php(904): App\Controllers\BaseController->initController(Object(CodeIgniter\HTTP\IncomingRequest), Object(CodeIgniter\HTTP\Response), Object(CodeIgniter\Log\Logger))
 2 SYSTEMPATH\CodeIgniter.php(498): CodeIgniter\CodeIgniter->createController()
 3 SYSTEMPATH\CodeIgniter.php(354): CodeIgniter\CodeIgniter->handleRequest(null, Object(Config\Cache), false)
 4 SYSTEMPATH\Boot.php(363): CodeIgniter\CodeIgniter->run()
 5 SYSTEMPATH\Boot.php(68): CodeIgniter\Boot::runCodeIgniter(Object(CodeIgniter\CodeIgniter))
 6 FCPATH\index.php(59): CodeIgniter\Boot::bootWeb(Object(Config\Paths))
 7 SYSTEMPATH\rewrite.php(44): require_once('C:\\xampp\\htdocs\\cicemilankayo\\public\\index.php')
CRITICAL - 2025-12-16 05:05:37 --> Error: Class "App\Controllers\TokoModel" not found
[Method: GET, Route: layanan]
in APPPATH\Controllers\Layanan.php on line 9.
 1 SYSTEMPATH\CodeIgniter.php(933): App\Controllers\Layanan->index()
 2 SYSTEMPATH\CodeIgniter.php(507): CodeIgniter\CodeIgniter->runController(Object(App\Controllers\Layanan))
 3 SYSTEMPATH\CodeIgniter.php(354): CodeIgniter\CodeIgniter->handleRequest(null, Object(Config\Cache), false)
 4 SYSTEMPATH\Boot.php(363): CodeIgniter\CodeIgniter->run()
 5 SYSTEMPATH\Boot.php(68): CodeIgniter\Boot::runCodeIgniter(Object(CodeIgniter\CodeIgniter))
 6 FCPATH\index.php(59): CodeIgniter\Boot::bootWeb(Object(Config\Paths))
 7 SYSTEMPATH\rewrite.php(44): require_once('C:\\xampp\\htdocs\\cicemilankayo\\public\\index.php')
CRITICAL - 2025-12-16 05:11:53 --> ParseError: syntax error, unexpected token "/", expecting "," or ";"
[Method: GET, Route: layanan]
in APPPATH\Controllers\Layanan.php on line 4.
 1 SYSTEMPATH\Autoloader\Autoloader.php(295): CodeIgniter\Autoloader\Autoloader->includeFile('C:\\xampp\\htdocs\\cicemilankayo\\app\\Controllers\\Layanan.php')
 2 SYSTEMPATH\Autoloader\Autoloader.php(271): CodeIgniter\Autoloader\Autoloader->loadInNamespace('App\\Controllers\\Layanan')
 3 [internal function]: CodeIgniter\Autoloader\Autoloader->loadClass('App\\Controllers\\Layanan')
 4 SYSTEMPATH\CodeIgniter.php(885): class_exists('\\App\\Controllers\\Layanan', true)
 5 SYSTEMPATH\CodeIgniter.php(494): CodeIgniter\CodeIgniter->startController()
 6 SYSTEMPATH\CodeIgniter.php(354): CodeIgniter\CodeIgniter->handleRequest(null, Object(Config\Cache), false)
 7 SYSTEMPATH\Boot.php(363): CodeIgniter\CodeIgniter->run()
 8 SYSTEMPATH\Boot.php(68): CodeIgniter\Boot::runCodeIgniter(Object(CodeIgniter\CodeIgniter))
 9 FCPATH\index.php(59): CodeIgniter\Boot::bootWeb(Object(Config\Paths))
10 SYSTEMPATH\rewrite.php(44): require_once('C:\\xampp\\htdocs\\cicemilankayo\\public\\index.php')
WARNING - 2025-12-16 05:11:55 --> [DEPRECATED] Creation of dynamic property App\Controllers\Home::$nama is deprecated in APPPATH\Controllers\BaseController.php on line 44.
 1 SYSTEMPATH\CodeIgniter.php(904): App\Controllers\BaseController->initController(Object(CodeIgniter\HTTP\IncomingRequest), Object(CodeIgniter\HTTP\Response), Object(CodeIgniter\Log\Logger))
 2 SYSTEMPATH\CodeIgniter.php(498): CodeIgniter\CodeIgniter->createController()
 3 SYSTEMPATH\CodeIgniter.php(354): CodeIgniter\CodeIgniter->handleRequest(null, Object(Config\Cache), false)
 4 SYSTEMPATH\Boot.php(363): CodeIgniter\CodeIgniter->run()
 5 SYSTEMPATH\Boot.php(68): CodeIgniter\Boot::runCodeIgniter(Object(CodeIgniter\CodeIgniter))
 6 FCPATH\index.php(59): CodeIgniter\Boot::bootWeb(Object(Config\Paths))
 7 SYSTEMPATH\rewrite.php(44): require_once('C:\\xampp\\htdocs\\cicemilankayo\\public\\index.php')
CRITICAL - 2025-12-16 05:11:56 --> ParseError: syntax error, unexpected token "/", expecting "," or ";"
[Method: GET, Route: layanan]
in APPPATH\Controllers\Layanan.php on line 4.
 1 SYSTEMPATH\Autoloader\Autoloader.php(295): CodeIgniter\Autoloader\Autoloader->includeFile('C:\\xampp\\htdocs\\cicemilankayo\\app\\Controllers\\Layanan.php')
 2 SYSTEMPATH\Autoloader\Autoloader.php(271): CodeIgniter\Autoloader\Autoloader->loadInNamespace('App\\Controllers\\Layanan')
 3 [internal function]: CodeIgniter\Autoloader\Autoloader->loadClass('App\\Controllers\\Layanan')
 4 SYSTEMPATH\CodeIgniter.php(885): class_exists('\\App\\Controllers\\Layanan', true)
 5 SYSTEMPATH\CodeIgniter.php(494): CodeIgniter\CodeIgniter->startController()
 6 SYSTEMPATH\CodeIgniter.php(354): CodeIgniter\CodeIgniter->handleRequest(null, Object(Config\Cache), false)
 7 SYSTEMPATH\Boot.php(363): CodeIgniter\CodeIgniter->run()
 8 SYSTEMPATH\Boot.php(68): CodeIgniter\Boot::runCodeIgniter(Object(CodeIgniter\CodeIgniter))
 9 FCPATH\index.php(59): CodeIgniter\Boot::bootWeb(Object(Config\Paths))
10 SYSTEMPATH\rewrite.php(44): require_once('C:\\xampp\\htdocs\\cicemilankayo\\public\\index.php')
WARNING - 2025-12-16 05:12:42 --> [DEPRECATED] Creation of dynamic property App\Controllers\Home::$nama is deprecated in APPPATH\Controllers\BaseController.php on line 44.
 1 SYSTEMPATH\CodeIgniter.php(904): App\Controllers\BaseController->initController(Object(CodeIgniter\HTTP\IncomingRequest), Object(CodeIgniter\HTTP\Response), Object(CodeIgniter\Log\Logger))
 2 SYSTEMPATH\CodeIgniter.php(498): CodeIgniter\CodeIgniter->createController()
 3 SYSTEMPATH\CodeIgniter.php(354): CodeIgniter\CodeIgniter->handleRequest(null, Object(Config\Cache), false)
 4 SYSTEMPATH\Boot.php(363): CodeIgniter\CodeIgniter->run()
 5 SYSTEMPATH\Boot.php(68): CodeIgniter\Boot::runCodeIgniter(Object(CodeIgniter\CodeIgniter))
 6 FCPATH\index.php(59): CodeIgniter\Boot::bootWeb(Object(Config\Paths))
 7 SYSTEMPATH\rewrite.php(44): require_once('C:\\xampp\\htdocs\\cicemilankayo\\public\\index.php')
WARNING - 2025-12-16 05:12:44 --> [DEPRECATED] Creation of dynamic property App\Controllers\Layanan::$nama is deprecated in APPPATH\Controllers\BaseController.php on line 44.
 1 SYSTEMPATH\CodeIgniter.php(904): App\Controllers\BaseController->initController(Object(CodeIgniter\HTTP\IncomingRequest), Object(CodeIgniter\HTTP\Response), Object(CodeIgniter\Log\Logger))
 2 SYSTEMPATH\CodeIgniter.php(498): CodeIgniter\CodeIgniter->createController()
 3 SYSTEMPATH\CodeIgniter.php(354): CodeIgniter\CodeIgniter->handleRequest(null, Object(Config\Cache), false)
 4 SYSTEMPATH\Boot.php(363): CodeIgniter\CodeIgniter->run()
 5 SYSTEMPATH\Boot.php(68): CodeIgniter\Boot::runCodeIgniter(Object(CodeIgniter\CodeIgniter))
 6 FCPATH\index.php(59): CodeIgniter\Boot::bootWeb(Object(Config\Paths))
 7 SYSTEMPATH\rewrite.php(44): require_once('C:\\xampp\\htdocs\\cicemilankayo\\public\\index.php')
CRITICAL - 2025-12-16 05:12:44 --> Error: Undefined constant "App\Controllers\toko"
[Method: GET, Route: layanan]
in APPPATH\Controllers\Layanan.php on line 11.
 1 SYSTEMPATH\CodeIgniter.php(933): App\Controllers\Layanan->index()
 2 SYSTEMPATH\CodeIgniter.php(507): CodeIgniter\CodeIgniter->runController(Object(App\Controllers\Layanan))
 3 SYSTEMPATH\CodeIgniter.php(354): CodeIgniter\CodeIgniter->handleRequest(null, Object(Config\Cache), false)
 4 SYSTEMPATH\Boot.php(363): CodeIgniter\CodeIgniter->run()
 5 SYSTEMPATH\Boot.php(68): CodeIgniter\Boot::runCodeIgniter(Object(CodeIgniter\CodeIgniter))
 6 FCPATH\index.php(59): CodeIgniter\Boot::bootWeb(Object(Config\Paths))
 7 SYSTEMPATH\rewrite.php(44): require_once('C:\\xampp\\htdocs\\cicemilankayo\\public\\index.php')
WARNING - 2025-12-16 05:12:57 --> [DEPRECATED] Creation of dynamic property App\Controllers\Home::$nama is deprecated in APPPATH\Controllers\BaseController.php on line 44.
 1 SYSTEMPATH\CodeIgniter.php(904): App\Controllers\BaseController->initController(Object(CodeIgniter\HTTP\IncomingRequest), Object(CodeIgniter\HTTP\Response), Object(CodeIgniter\Log\Logger))
 2 SYSTEMPATH\CodeIgniter.php(498): CodeIgniter\CodeIgniter->createController()
 3 SYSTEMPATH\CodeIgniter.php(354): CodeIgniter\CodeIgniter->handleRequest(null, Object(Config\Cache), false)
 4 SYSTEMPATH\Boot.php(363): CodeIgniter\CodeIgniter->run()
 5 SYSTEMPATH\Boot.php(68): CodeIgniter\Boot::runCodeIgniter(Object(CodeIgniter\CodeIgniter))
 6 FCPATH\index.php(59): CodeIgniter\Boot::bootWeb(Object(Config\Paths))
 7 SYSTEMPATH\rewrite.php(44): require_once('C:\\xampp\\htdocs\\cicemilankayo\\public\\index.php')
WARNING - 2025-12-16 05:12:58 --> [DEPRECATED] Creation of dynamic property App\Controllers\Layanan::$nama is deprecated in APPPATH\Controllers\BaseController.php on line 44.
 1 SYSTEMPATH\CodeIgniter.php(904): App\Controllers\BaseController->initController(Object(CodeIgniter\HTTP\IncomingRequest), Object(CodeIgniter\HTTP\Response), Object(CodeIgniter\Log\Logger))
 2 SYSTEMPATH\CodeIgniter.php(498): CodeIgniter\CodeIgniter->createController()
 3 SYSTEMPATH\CodeIgniter.php(354): CodeIgniter\CodeIgniter->handleRequest(null, Object(Config\Cache), false)
 4 SYSTEMPATH\Boot.php(363): CodeIgniter\CodeIgniter->run()
 5 SYSTEMPATH\Boot.php(68): CodeIgniter\Boot::runCodeIgniter(Object(CodeIgniter\CodeIgniter))
 6 FCPATH\index.php(59): CodeIgniter\Boot::bootWeb(Object(Config\Paths))
 7 SYSTEMPATH\rewrite.php(44): require_once('C:\\xampp\\htdocs\\cicemilankayo\\public\\index.php')
CRITICAL - 2025-12-16 05:12:58 --> Error: Undefined constant "App\Controllers\Toko"
[Method: GET, Route: layanan]
in APPPATH\Controllers\Layanan.php on line 11.
 1 SYSTEMPATH\CodeIgniter.php(933): App\Controllers\Layanan->index()
 2 SYSTEMPATH\CodeIgniter.php(507): CodeIgniter\CodeIgniter->runController(Object(App\Controllers\Layanan))
 3 SYSTEMPATH\CodeIgniter.php(354): CodeIgniter\CodeIgniter->handleRequest(null, Object(Config\Cache), false)
 4 SYSTEMPATH\Boot.php(363): CodeIgniter\CodeIgniter->run()
 5 SYSTEMPATH\Boot.php(68): CodeIgniter\Boot::runCodeIgniter(Object(CodeIgniter\CodeIgniter))
 6 FCPATH\index.php(59): CodeIgniter\Boot::bootWeb(Object(Config\Paths))
 7 SYSTEMPATH\rewrite.php(44): require_once('C:\\xampp\\htdocs\\cicemilankayo\\public\\index.php')
WARNING - 2025-12-16 05:13:32 --> [DEPRECATED] Creation of dynamic property App\Controllers\Home::$nama is deprecated in APPPATH\Controllers\BaseController.php on line 44.
 1 SYSTEMPATH\CodeIgniter.php(904): App\Controllers\BaseController->initController(Object(CodeIgniter\HTTP\IncomingRequest), Object(CodeIgniter\HTTP\Response), Object(CodeIgniter\Log\Logger))
 2 SYSTEMPATH\CodeIgniter.php(498): CodeIgniter\CodeIgniter->createController()
 3 SYSTEMPATH\CodeIgniter.php(354): CodeIgniter\CodeIgniter->handleRequest(null, Object(Config\Cache), false)
 4 SYSTEMPATH\Boot.php(363): CodeIgniter\CodeIgniter->run()
 5 SYSTEMPATH\Boot.php(68): CodeIgniter\Boot::runCodeIgniter(Object(CodeIgniter\CodeIgniter))
 6 FCPATH\index.php(59): CodeIgniter\Boot::bootWeb(Object(Config\Paths))
 7 SYSTEMPATH\rewrite.php(44): require_once('C:\\xampp\\htdocs\\cicemilankayo\\public\\index.php')
WARNING - 2025-12-16 05:13:33 --> [DEPRECATED] Creation of dynamic property App\Controllers\Layanan::$nama is deprecated in APPPATH\Controllers\BaseController.php on line 44.
 1 SYSTEMPATH\CodeIgniter.php(904): App\Controllers\BaseController->initController(Object(CodeIgniter\HTTP\IncomingRequest), Object(CodeIgniter\HTTP\Response), Object(CodeIgniter\Log\Logger))
 2 SYSTEMPATH\CodeIgniter.php(498): CodeIgniter\CodeIgniter->createController()
 3 SYSTEMPATH\CodeIgniter.php(354): CodeIgniter\CodeIgniter->handleRequest(null, Object(Config\Cache), false)
 4 SYSTEMPATH\Boot.php(363): CodeIgniter\CodeIgniter->run()
 5 SYSTEMPATH\Boot.php(68): CodeIgniter\Boot::runCodeIgniter(Object(CodeIgniter\CodeIgniter))
 6 FCPATH\index.php(59): CodeIgniter\Boot::bootWeb(Object(Config\Paths))
 7 SYSTEMPATH\rewrite.php(44): require_once('C:\\xampp\\htdocs\\cicemilankayo\\public\\index.php')
CRITICAL - 2025-12-16 05:13:33 --> ErrorException: Undefined variable $dd
[Method: GET, Route: layanan]
in APPPATH\Controllers\Layanan.php on line 11.
 1 APPPATH\Controllers\Layanan.php(11): CodeIgniter\Debug\Exceptions->errorHandler(2, 'Undefined variable $dd', 'C:\\xampp\\htdocs\\cicemilankayo\\app\\Controllers\\Layanan.php', 11)
 2 SYSTEMPATH\CodeIgniter.php(933): App\Controllers\Layanan->index()
 3 SYSTEMPATH\CodeIgniter.php(507): CodeIgniter\CodeIgniter->runController(Object(App\Controllers\Layanan))
 4 SYSTEMPATH\CodeIgniter.php(354): CodeIgniter\CodeIgniter->handleRequest(null, Object(Config\Cache), false)
 5 SYSTEMPATH\Boot.php(363): CodeIgniter\CodeIgniter->run()
 6 SYSTEMPATH\Boot.php(68): CodeIgniter\Boot::runCodeIgniter(Object(CodeIgniter\CodeIgniter))
 7 FCPATH\index.php(59): CodeIgniter\Boot::bootWeb(Object(Config\Paths))
 8 SYSTEMPATH\rewrite.php(44): require_once('C:\\xampp\\htdocs\\cicemilankayo\\public\\index.php')
WARNING - 2025-12-16 06:49:53 --> [DEPRECATED] Creation of dynamic property App\Controllers\Home::$nama is deprecated in APPPATH\Controllers\BaseController.php on line 44.
 1 SYSTEMPATH\CodeIgniter.php(904): App\Controllers\BaseController->initController(Object(CodeIgniter\HTTP\IncomingRequest), Object(CodeIgniter\HTTP\Response), Object(CodeIgniter\Log\Logger))
 2 SYSTEMPATH\CodeIgniter.php(498): CodeIgniter\CodeIgniter->createController()
 3 SYSTEMPATH\CodeIgniter.php(354): CodeIgniter\CodeIgniter->handleRequest(null, Object(Config\Cache), false)
 4 SYSTEMPATH\Boot.php(363): CodeIgniter\CodeIgniter->run()
 5 SYSTEMPATH\Boot.php(68): CodeIgniter\Boot::runCodeIgniter(Object(CodeIgniter\CodeIgniter))
 6 FCPATH\index.php(59): CodeIgniter\Boot::bootWeb(Object(Config\Paths))
 7 SYSTEMPATH\rewrite.php(44): require_once('C:\\xampp\\htdocs\\cicemilankayo\\public\\index.php')
WARNING - 2025-12-16 06:49:55 --> [DEPRECATED] Creation of dynamic property App\Controllers\Beranda::$nama is deprecated in APPPATH\Controllers\BaseController.php on line 44.
 1 SYSTEMPATH\CodeIgniter.php(904): App\Controllers\BaseController->initController(Object(CodeIgniter\HTTP\IncomingRequest), Object(CodeIgniter\HTTP\Response), Object(CodeIgniter\Log\Logger))
 2 SYSTEMPATH\CodeIgniter.php(498): CodeIgniter\CodeIgniter->createController()
 3 SYSTEMPATH\CodeIgniter.php(354): CodeIgniter\CodeIgniter->handleRequest(null, Object(Config\Cache), false)
 4 SYSTEMPATH\Boot.php(363): CodeIgniter\CodeIgniter->run()
 5 SYSTEMPATH\Boot.php(68): CodeIgniter\Boot::runCodeIgniter(Object(CodeIgniter\CodeIgniter))
 6 FCPATH\index.php(59): CodeIgniter\Boot::bootWeb(Object(Config\Paths))
 7 SYSTEMPATH\rewrite.php(44): require_once('C:\\xampp\\htdocs\\cicemilankayo\\public\\index.php')
WARNING - 2025-12-16 06:49:56 --> [DEPRECATED] Creation of dynamic property App\Controllers\Layanan::$nama is deprecated in APPPATH\Controllers\BaseController.php on line 44.
 1 SYSTEMPATH\CodeIgniter.php(904): App\Controllers\BaseController->initController(Object(CodeIgniter\HTTP\IncomingRequest), Object(CodeIgniter\HTTP\Response), Object(CodeIgniter\Log\Logger))
 2 SYSTEMPATH\CodeIgniter.php(498): CodeIgniter\CodeIgniter->createController()
 3 SYSTEMPATH\CodeIgniter.php(354): CodeIgniter\CodeIgniter->handleRequest(null, Object(Config\Cache), false)
 4 SYSTEMPATH\Boot.php(363): CodeIgniter\CodeIgniter->run()
 5 SYSTEMPATH\Boot.php(68): CodeIgniter\Boot::runCodeIgniter(Object(CodeIgniter\CodeIgniter))
 6 FCPATH\index.php(59): CodeIgniter\Boot::bootWeb(Object(Config\Paths))
 7 SYSTEMPATH\rewrite.php(44): require_once('C:\\xampp\\htdocs\\cicemilankayo\\public\\index.php')
CRITICAL - 2025-12-16 06:49:56 --> ErrorException: Undefined variable $dd
[Method: GET, Route: layanan]
in APPPATH\Controllers\Layanan.php on line 11.
 1 APPPATH\Controllers\Layanan.php(11): CodeIgniter\Debug\Exceptions->errorHandler(2, 'Undefined variable $dd', 'C:\\xampp\\htdocs\\cicemilankayo\\app\\Controllers\\Layanan.php', 11)
 2 SYSTEMPATH\CodeIgniter.php(933): App\Controllers\Layanan->index()
 3 SYSTEMPATH\CodeIgniter.php(507): CodeIgniter\CodeIgniter->runController(Object(App\Controllers\Layanan))
 4 SYSTEMPATH\CodeIgniter.php(354): CodeIgniter\CodeIgniter->handleRequest(null, Object(Config\Cache), false)
 5 SYSTEMPATH\Boot.php(363): CodeIgniter\CodeIgniter->run()
 6 SYSTEMPATH\Boot.php(68): CodeIgniter\Boot::runCodeIgniter(Object(CodeIgniter\CodeIgniter))
 7 FCPATH\index.php(59): CodeIgniter\Boot::bootWeb(Object(Config\Paths))
 8 SYSTEMPATH\rewrite.php(44): require_once('C:\\xampp\\htdocs\\cicemilankayo\\public\\index.php')
WARNING - 2025-12-16 06:50:24 --> [DEPRECATED] Creation of dynamic property App\Controllers\Beranda::$nama is deprecated in APPPATH\Controllers\BaseController.php on line 44.
 1 SYSTEMPATH\CodeIgniter.php(904): App\Controllers\BaseController->initController(Object(CodeIgniter\HTTP\IncomingRequest), Object(CodeIgniter\HTTP\Response), Object(CodeIgniter\Log\Logger))
 2 SYSTEMPATH\CodeIgniter.php(498): CodeIgniter\CodeIgniter->createController()
 3 SYSTEMPATH\CodeIgniter.php(354): CodeIgniter\CodeIgniter->handleRequest(null, Object(Config\Cache), false)
 4 SYSTEMPATH\Boot.php(363): CodeIgniter\CodeIgniter->run()
 5 SYSTEMPATH\Boot.php(68): CodeIgniter\Boot::runCodeIgniter(Object(CodeIgniter\CodeIgniter))
 6 FCPATH\index.php(59): CodeIgniter\Boot::bootWeb(Object(Config\Paths))
 7 SYSTEMPATH\rewrite.php(44): require_once('C:\\xampp\\htdocs\\cicemilankayo\\public\\index.php')
WARNING - 2025-12-16 06:50:26 --> [DEPRECATED] Creation of dynamic property App\Controllers\Beranda::$nama is deprecated in APPPATH\Controllers\BaseController.php on line 44.
 1 SYSTEMPATH\CodeIgniter.php(904): App\Controllers\BaseController->initController(Object(CodeIgniter\HTTP\IncomingRequest), Object(CodeIgniter\HTTP\Response), Object(CodeIgniter\Log\Logger))
 2 SYSTEMPATH\CodeIgniter.php(498): CodeIgniter\CodeIgniter->createController()
 3 SYSTEMPATH\CodeIgniter.php(354): CodeIgniter\CodeIgniter->handleRequest(null, Object(Config\Cache), false)
 4 SYSTEMPATH\Boot.php(363): CodeIgniter\CodeIgniter->run()
 5 SYSTEMPATH\Boot.php(68): CodeIgniter\Boot::runCodeIgniter(Object(CodeIgniter\CodeIgniter))
 6 FCPATH\index.php(59): CodeIgniter\Boot::bootWeb(Object(Config\Paths))
 7 SYSTEMPATH\rewrite.php(44): require_once('C:\\xampp\\htdocs\\cicemilankayo\\public\\index.php')
WARNING - 2025-12-16 06:50:27 --> [DEPRECATED] Creation of dynamic property App\Controllers\Layanan::$nama is deprecated in APPPATH\Controllers\BaseController.php on line 44.
 1 SYSTEMPATH\CodeIgniter.php(904): App\Controllers\BaseController->initController(Object(CodeIgniter\HTTP\IncomingRequest), Object(CodeIgniter\HTTP\Response), Object(CodeIgniter\Log\Logger))
 2 SYSTEMPATH\CodeIgniter.php(498): CodeIgniter\CodeIgniter->createController()
 3 SYSTEMPATH\CodeIgniter.php(354): CodeIgniter\CodeIgniter->handleRequest(null, Object(Config\Cache), false)
 4 SYSTEMPATH\Boot.php(363): CodeIgniter\CodeIgniter->run()
 5 SYSTEMPATH\Boot.php(68): CodeIgniter\Boot::runCodeIgniter(Object(CodeIgniter\CodeIgniter))
 6 FCPATH\index.php(59): CodeIgniter\Boot::bootWeb(Object(Config\Paths))
 7 SYSTEMPATH\rewrite.php(44): require_once('C:\\xampp\\htdocs\\cicemilankayo\\public\\index.php')
CRITICAL - 2025-12-16 06:50:27 --> Error: Undefined constant "App\Controllers\Toko"
[Method: GET, Route: layanan]
in APPPATH\Controllers\Layanan.php on line 11.
 1 SYSTEMPATH\CodeIgniter.php(933): App\Controllers\Layanan->index()
 2 SYSTEMPATH\CodeIgniter.php(507): CodeIgniter\CodeIgniter->runController(Object(App\Controllers\Layanan))
 3 SYSTEMPATH\CodeIgniter.php(354): CodeIgniter\CodeIgniter->handleRequest(null, Object(Config\Cache), false)
 4 SYSTEMPATH\Boot.php(363): CodeIgniter\CodeIgniter->run()
 5 SYSTEMPATH\Boot.php(68): CodeIgniter\Boot::runCodeIgniter(Object(CodeIgniter\CodeIgniter))
 6 FCPATH\index.php(59): CodeIgniter\Boot::bootWeb(Object(Config\Paths))
 7 SYSTEMPATH\rewrite.php(44): require_once('C:\\xampp\\htdocs\\cicemilankayo\\public\\index.php')
WARNING - 2025-12-16 06:51:23 --> [DEPRECATED] Creation of dynamic property App\Controllers\Beranda::$nama is deprecated in APPPATH\Controllers\BaseController.php on line 44.
 1 SYSTEMPATH\CodeIgniter.php(904): App\Controllers\BaseController->initController(Object(CodeIgniter\HTTP\IncomingRequest), Object(CodeIgniter\HTTP\Response), Object(CodeIgniter\Log\Logger))
 2 SYSTEMPATH\CodeIgniter.php(498): CodeIgniter\CodeIgniter->createController()
 3 SYSTEMPATH\CodeIgniter.php(354): CodeIgniter\CodeIgniter->handleRequest(null, Object(Config\Cache), false)
 4 SYSTEMPATH\Boot.php(363): CodeIgniter\CodeIgniter->run()
 5 SYSTEMPATH\Boot.php(68): CodeIgniter\Boot::runCodeIgniter(Object(CodeIgniter\CodeIgniter))
 6 FCPATH\index.php(59): CodeIgniter\Boot::bootWeb(Object(Config\Paths))
 7 SYSTEMPATH\rewrite.php(44): require_once('C:\\xampp\\htdocs\\cicemilankayo\\public\\index.php')
WARNING - 2025-12-16 06:51:24 --> [DEPRECATED] Creation of dynamic property App\Controllers\Beranda::$nama is deprecated in APPPATH\Controllers\BaseController.php on line 44.
 1 SYSTEMPATH\CodeIgniter.php(904): App\Controllers\BaseController->initController(Object(CodeIgniter\HTTP\IncomingRequest), Object(CodeIgniter\HTTP\Response), Object(CodeIgniter\Log\Logger))
 2 SYSTEMPATH\CodeIgniter.php(498): CodeIgniter\CodeIgniter->createController()
 3 SYSTEMPATH\CodeIgniter.php(354): CodeIgniter\CodeIgniter->handleRequest(null, Object(Config\Cache), false)
 4 SYSTEMPATH\Boot.php(363): CodeIgniter\CodeIgniter->run()
 5 SYSTEMPATH\Boot.php(68): CodeIgniter\Boot::runCodeIgniter(Object(CodeIgniter\CodeIgniter))
 6 FCPATH\index.php(59): CodeIgniter\Boot::bootWeb(Object(Config\Paths))
 7 SYSTEMPATH\rewrite.php(44): require_once('C:\\xampp\\htdocs\\cicemilankayo\\public\\index.php')
WARNING - 2025-12-16 06:51:25 --> [DEPRECATED] Creation of dynamic property App\Controllers\Layanan::$nama is deprecated in APPPATH\Controllers\BaseController.php on line 44.
 1 SYSTEMPATH\CodeIgniter.php(904): App\Controllers\BaseController->initController(Object(CodeIgniter\HTTP\IncomingRequest), Object(CodeIgniter\HTTP\Response), Object(CodeIgniter\Log\Logger))
 2 SYSTEMPATH\CodeIgniter.php(498): CodeIgniter\CodeIgniter->createController()
 3 SYSTEMPATH\CodeIgniter.php(354): CodeIgniter\CodeIgniter->handleRequest(null, Object(Config\Cache), false)
 4 SYSTEMPATH\Boot.php(363): CodeIgniter\CodeIgniter->run()
 5 SYSTEMPATH\Boot.php(68): CodeIgniter\Boot::runCodeIgniter(Object(CodeIgniter\CodeIgniter))
 6 FCPATH\index.php(59): CodeIgniter\Boot::bootWeb(Object(Config\Paths))
 7 SYSTEMPATH\rewrite.php(44): require_once('C:\\xampp\\htdocs\\cicemilankayo\\public\\index.php')
WARNING - 2025-12-16 06:51:51 --> [DEPRECATED] Creation of dynamic property App\Controllers\Beranda::$nama is deprecated in APPPATH\Controllers\BaseController.php on line 44.
 1 SYSTEMPATH\CodeIgniter.php(904): App\Controllers\BaseController->initController(Object(CodeIgniter\HTTP\IncomingRequest), Object(CodeIgniter\HTTP\Response), Object(CodeIgniter\Log\Logger))
 2 SYSTEMPATH\CodeIgniter.php(498): CodeIgniter\CodeIgniter->createController()
 3 SYSTEMPATH\CodeIgniter.php(354): CodeIgniter\CodeIgniter->handleRequest(null, Object(Config\Cache), false)
 4 SYSTEMPATH\Boot.php(363): CodeIgniter\CodeIgniter->run()
 5 SYSTEMPATH\Boot.php(68): CodeIgniter\Boot::runCodeIgniter(Object(CodeIgniter\CodeIgniter))
 6 FCPATH\index.php(59): CodeIgniter\Boot::bootWeb(Object(Config\Paths))
 7 SYSTEMPATH\rewrite.php(44): require_once('C:\\xampp\\htdocs\\cicemilankayo\\public\\index.php')
WARNING - 2025-12-16 06:51:59 --> [DEPRECATED] Creation of dynamic property App\Controllers\Beranda::$nama is deprecated in APPPATH\Controllers\BaseController.php on line 44.
 1 SYSTEMPATH\CodeIgniter.php(904): App\Controllers\BaseController->initController(Object(CodeIgniter\HTTP\IncomingRequest), Object(CodeIgniter\HTTP\Response), Object(CodeIgniter\Log\Logger))
 2 SYSTEMPATH\CodeIgniter.php(498): CodeIgniter\CodeIgniter->createController()
 3 SYSTEMPATH\CodeIgniter.php(354): CodeIgniter\CodeIgniter->handleRequest(null, Object(Config\Cache), false)
 4 SYSTEMPATH\Boot.php(363): CodeIgniter\CodeIgniter->run()
 5 SYSTEMPATH\Boot.php(68): CodeIgniter\Boot::runCodeIgniter(Object(CodeIgniter\CodeIgniter))
 6 FCPATH\index.php(59): CodeIgniter\Boot::bootWeb(Object(Config\Paths))
 7 SYSTEMPATH\rewrite.php(44): require_once('C:\\xampp\\htdocs\\cicemilankayo\\public\\index.php')
WARNING - 2025-12-16 06:52:47 --> [DEPRECATED] Creation of dynamic property App\Controllers\Layanan::$nama is deprecated in APPPATH\Controllers\BaseController.php on line 44.
 1 SYSTEMPATH\CodeIgniter.php(904): App\Controllers\BaseController->initController(Object(CodeIgniter\HTTP\IncomingRequest), Object(CodeIgniter\HTTP\Response), Object(CodeIgniter\Log\Logger))
 2 SYSTEMPATH\CodeIgniter.php(498): CodeIgniter\CodeIgniter->createController()
 3 SYSTEMPATH\CodeIgniter.php(354): CodeIgniter\CodeIgniter->handleRequest(null, Object(Config\Cache), false)
 4 SYSTEMPATH\Boot.php(363): CodeIgniter\CodeIgniter->run()
 5 SYSTEMPATH\Boot.php(68): CodeIgniter\Boot::runCodeIgniter(Object(CodeIgniter\CodeIgniter))
 6 FCPATH\index.php(59): CodeIgniter\Boot::bootWeb(Object(Config\Paths))
 7 SYSTEMPATH\rewrite.php(44): require_once('C:\\xampp\\htdocs\\cicemilankayo\\public\\index.php')
WARNING - 2025-12-16 06:58:52 --> [DEPRECATED] Creation of dynamic property App\Controllers\Beranda::$nama is deprecated in APPPATH\Controllers\BaseController.php on line 44.
 1 SYSTEMPATH\CodeIgniter.php(904): App\Controllers\BaseController->initController(Object(CodeIgniter\HTTP\IncomingRequest), Object(CodeIgniter\HTTP\Response), Object(CodeIgniter\Log\Logger))
 2 SYSTEMPATH\CodeIgniter.php(498): CodeIgniter\CodeIgniter->createController()
 3 SYSTEMPATH\CodeIgniter.php(354): CodeIgniter\CodeIgniter->handleRequest(null, Object(Config\Cache), false)
 4 SYSTEMPATH\Boot.php(363): CodeIgniter\CodeIgniter->run()
 5 SYSTEMPATH\Boot.php(68): CodeIgniter\Boot::runCodeIgniter(Object(CodeIgniter\CodeIgniter))
 6 FCPATH\index.php(59): CodeIgniter\Boot::bootWeb(Object(Config\Paths))
 7 SYSTEMPATH\rewrite.php(44): require_once('C:\\xampp\\htdocs\\cicemilankayo\\public\\index.php')
WARNING - 2025-12-16 06:58:55 --> [DEPRECATED] Creation of dynamic property App\Controllers\Layanan::$nama is deprecated in APPPATH\Controllers\BaseController.php on line 44.
 1 SYSTEMPATH\CodeIgniter.php(904): App\Controllers\BaseController->initController(Object(CodeIgniter\HTTP\IncomingRequest), Object(CodeIgniter\HTTP\Response), Object(CodeIgniter\Log\Logger))
 2 SYSTEMPATH\CodeIgniter.php(498): CodeIgniter\CodeIgniter->createController()
 3 SYSTEMPATH\CodeIgniter.php(354): CodeIgniter\CodeIgniter->handleRequest(null, Object(Config\Cache), false)
 4 SYSTEMPATH\Boot.php(363): CodeIgniter\CodeIgniter->run()
 5 SYSTEMPATH\Boot.php(68): CodeIgniter\Boot::runCodeIgniter(Object(CodeIgniter\CodeIgniter))
 6 FCPATH\index.php(59): CodeIgniter\Boot::bootWeb(Object(Config\Paths))
 7 SYSTEMPATH\rewrite.php(44): require_once('C:\\xampp\\htdocs\\cicemilankayo\\public\\index.php')
WARNING - 2025-12-16 06:59:10 --> [DEPRECATED] Creation of dynamic property App\Controllers\Layanan::$nama is deprecated in APPPATH\Controllers\BaseController.php on line 44.
 1 SYSTEMPATH\CodeIgniter.php(904): App\Controllers\BaseController->initController(Object(CodeIgniter\HTTP\IncomingRequest), Object(CodeIgniter\HTTP\Response), Object(CodeIgniter\Log\Logger))
 2 SYSTEMPATH\CodeIgniter.php(498): CodeIgniter\CodeIgniter->createController()
 3 SYSTEMPATH\CodeIgniter.php(354): CodeIgniter\CodeIgniter->handleRequest(null, Object(Config\Cache), false)
 4 SYSTEMPATH\Boot.php(363): CodeIgniter\CodeIgniter->run()
 5 SYSTEMPATH\Boot.php(68): CodeIgniter\Boot::runCodeIgniter(Object(CodeIgniter\CodeIgniter))
 6 FCPATH\index.php(59): CodeIgniter\Boot::bootWeb(Object(Config\Paths))
 7 SYSTEMPATH\rewrite.php(44): require_once('C:\\xampp\\htdocs\\cicemilankayo\\public\\index.php')
CRITICAL - 2025-12-16 06:59:10 --> ErrorException: Undefined variable $barang
[Method: GET, Route: layanan]
in APPPATH\Views\layanan.php on line 34.
 1 APPPATH\Views\layanan.php(34): CodeIgniter\Debug\Exceptions->errorHandler(2, 'Undefined variable $barang', 'C:\\xampp\\htdocs\\cicemilankayo\\app\\Views\\layanan.php', 34)
 2 SYSTEMPATH\View\View.php(226): include('C:\\xampp\\htdocs\\cicemilankayo\\app\\Views\\layanan.php')
 3 SYSTEMPATH\View\View.php(229): CodeIgniter\View\View->CodeIgniter\View\{closure}()
 4 SYSTEMPATH\Common.php(1199): CodeIgniter\View\View->render('layanan', [], true)
 5 APPPATH\Controllers\Layanan.php(13): view('layanan')
 6 SYSTEMPATH\CodeIgniter.php(933): App\Controllers\Layanan->index()
 7 SYSTEMPATH\CodeIgniter.php(507): CodeIgniter\CodeIgniter->runController(Object(App\Controllers\Layanan))
 8 SYSTEMPATH\CodeIgniter.php(354): CodeIgniter\CodeIgniter->handleRequest(null, Object(Config\Cache), false)
 9 SYSTEMPATH\Boot.php(363): CodeIgniter\CodeIgniter->run()
10 SYSTEMPATH\Boot.php(68): CodeIgniter\Boot::runCodeIgniter(Object(CodeIgniter\CodeIgniter))
11 FCPATH\index.php(59): CodeIgniter\Boot::bootWeb(Object(Config\Paths))
12 SYSTEMPATH\rewrite.php(44): require_once('C:\\xampp\\htdocs\\cicemilankayo\\public\\index.php')
WARNING - 2025-12-16 06:59:32 --> [DEPRECATED] Creation of dynamic property App\Controllers\Layanan::$nama is deprecated in APPPATH\Controllers\BaseController.php on line 44.
 1 SYSTEMPATH\CodeIgniter.php(904): App\Controllers\BaseController->initController(Object(CodeIgniter\HTTP\IncomingRequest), Object(CodeIgniter\HTTP\Response), Object(CodeIgniter\Log\Logger))
 2 SYSTEMPATH\CodeIgniter.php(498): CodeIgniter\CodeIgniter->createController()
 3 SYSTEMPATH\CodeIgniter.php(354): CodeIgniter\CodeIgniter->handleRequest(null, Object(Config\Cache), false)
 4 SYSTEMPATH\Boot.php(363): CodeIgniter\CodeIgniter->run()
 5 SYSTEMPATH\Boot.php(68): CodeIgniter\Boot::runCodeIgniter(Object(CodeIgniter\CodeIgniter))
 6 FCPATH\index.php(59): CodeIgniter\Boot::bootWeb(Object(Config\Paths))
 7 SYSTEMPATH\rewrite.php(44): require_once('C:\\xampp\\htdocs\\cicemilankayo\\public\\index.php')
CRITICAL - 2025-12-16 06:59:32 --> ErrorException: Undefined variable $barang
[Method: GET, Route: layanan]
in APPPATH\Views\layanan.php on line 34.
 1 APPPATH\Views\layanan.php(34): CodeIgniter\Debug\Exceptions->errorHandler(2, 'Undefined variable $barang', 'C:\\xampp\\htdocs\\cicemilankayo\\app\\Views\\layanan.php', 34)
 2 SYSTEMPATH\View\View.php(226): include('C:\\xampp\\htdocs\\cicemilankayo\\app\\Views\\layanan.php')
 3 SYSTEMPATH\View\View.php(229): CodeIgniter\View\View->CodeIgniter\View\{closure}()
 4 SYSTEMPATH\Common.php(1199): CodeIgniter\View\View->render('layanan', [], true)
 5 APPPATH\Controllers\Layanan.php(13): view('layanan')
 6 SYSTEMPATH\CodeIgniter.php(933): App\Controllers\Layanan->index()
 7 SYSTEMPATH\CodeIgniter.php(507): CodeIgniter\CodeIgniter->runController(Object(App\Controllers\Layanan))
 8 SYSTEMPATH\CodeIgniter.php(354): CodeIgniter\CodeIgniter->handleRequest(null, Object(Config\Cache), false)
 9 SYSTEMPATH\Boot.php(363): CodeIgniter\CodeIgniter->run()
10 SYSTEMPATH\Boot.php(68): CodeIgniter\Boot::runCodeIgniter(Object(CodeIgniter\CodeIgniter))
11 FCPATH\index.php(59): CodeIgniter\Boot::bootWeb(Object(Config\Paths))
12 SYSTEMPATH\rewrite.php(44): require_once('C:\\xampp\\htdocs\\cicemilankayo\\public\\index.php')
WARNING - 2025-12-16 06:59:33 --> [DEPRECATED] Creation of dynamic property App\Controllers\Beranda::$nama is deprecated in APPPATH\Controllers\BaseController.php on line 44.
 1 SYSTEMPATH\CodeIgniter.php(904): App\Controllers\BaseController->initController(Object(CodeIgniter\HTTP\IncomingRequest), Object(CodeIgniter\HTTP\Response), Object(CodeIgniter\Log\Logger))
 2 SYSTEMPATH\CodeIgniter.php(498): CodeIgniter\CodeIgniter->createController()
 3 SYSTEMPATH\CodeIgniter.php(354): CodeIgniter\CodeIgniter->handleRequest(null, Object(Config\Cache), false)
 4 SYSTEMPATH\Boot.php(363): CodeIgniter\CodeIgniter->run()
 5 SYSTEMPATH\Boot.php(68): CodeIgniter\Boot::runCodeIgniter(Object(CodeIgniter\CodeIgniter))
 6 FCPATH\index.php(59): CodeIgniter\Boot::bootWeb(Object(Config\Paths))
 7 SYSTEMPATH\rewrite.php(44): require_once('C:\\xampp\\htdocs\\cicemilankayo\\public\\index.php')
WARNING - 2025-12-16 06:59:34 --> [DEPRECATED] Creation of dynamic property App\Controllers\Layanan::$nama is deprecated in APPPATH\Controllers\BaseController.php on line 44.
 1 SYSTEMPATH\CodeIgniter.php(904): App\Controllers\BaseController->initController(Object(CodeIgniter\HTTP\IncomingRequest), Object(CodeIgniter\HTTP\Response), Object(CodeIgniter\Log\Logger))
 2 SYSTEMPATH\CodeIgniter.php(498): CodeIgniter\CodeIgniter->createController()
 3 SYSTEMPATH\CodeIgniter.php(354): CodeIgniter\CodeIgniter->handleRequest(null, Object(Config\Cache), false)
 4 SYSTEMPATH\Boot.php(363): CodeIgniter\CodeIgniter->run()
 5 SYSTEMPATH\Boot.php(68): CodeIgniter\Boot::runCodeIgniter(Object(CodeIgniter\CodeIgniter))
 6 FCPATH\index.php(59): CodeIgniter\Boot::bootWeb(Object(Config\Paths))
 7 SYSTEMPATH\rewrite.php(44): require_once('C:\\xampp\\htdocs\\cicemilankayo\\public\\index.php')
CRITICAL - 2025-12-16 06:59:35 --> ErrorException: Undefined variable $barang
[Method: GET, Route: layanan]
in APPPATH\Views\layanan.php on line 34.
 1 APPPATH\Views\layanan.php(34): CodeIgniter\Debug\Exceptions->errorHandler(2, 'Undefined variable $barang', 'C:\\xampp\\htdocs\\cicemilankayo\\app\\Views\\layanan.php', 34)
 2 SYSTEMPATH\View\View.php(226): include('C:\\xampp\\htdocs\\cicemilankayo\\app\\Views\\layanan.php')
 3 SYSTEMPATH\View\View.php(229): CodeIgniter\View\View->CodeIgniter\View\{closure}()
 4 SYSTEMPATH\Common.php(1199): CodeIgniter\View\View->render('layanan', [], true)
 5 APPPATH\Controllers\Layanan.php(13): view('layanan')
 6 SYSTEMPATH\CodeIgniter.php(933): App\Controllers\Layanan->index()
 7 SYSTEMPATH\CodeIgniter.php(507): CodeIgniter\CodeIgniter->runController(Object(App\Controllers\Layanan))
 8 SYSTEMPATH\CodeIgniter.php(354): CodeIgniter\CodeIgniter->handleRequest(null, Object(Config\Cache), false)
 9 SYSTEMPATH\Boot.php(363): CodeIgniter\CodeIgniter->run()
10 SYSTEMPATH\Boot.php(68): CodeIgniter\Boot::runCodeIgniter(Object(CodeIgniter\CodeIgniter))
11 FCPATH\index.php(59): CodeIgniter\Boot::bootWeb(Object(Config\Paths))
12 SYSTEMPATH\rewrite.php(44): require_once('C:\\xampp\\htdocs\\cicemilankayo\\public\\index.php')
WARNING - 2025-12-16 06:59:57 --> [DEPRECATED] Creation of dynamic property App\Controllers\Home::$nama is deprecated in APPPATH\Controllers\BaseController.php on line 44.
 1 SYSTEMPATH\CodeIgniter.php(904): App\Controllers\BaseController->initController(Object(CodeIgniter\HTTP\IncomingRequest), Object(CodeIgniter\HTTP\Response), Object(CodeIgniter\Log\Logger))
 2 SYSTEMPATH\CodeIgniter.php(498): CodeIgniter\CodeIgniter->createController()
 3 SYSTEMPATH\CodeIgniter.php(354): CodeIgniter\CodeIgniter->handleRequest(null, Object(Config\Cache), false)
 4 SYSTEMPATH\Boot.php(363): CodeIgniter\CodeIgniter->run()
 5 SYSTEMPATH\Boot.php(68): CodeIgniter\Boot::runCodeIgniter(Object(CodeIgniter\CodeIgniter))
 6 FCPATH\index.php(59): CodeIgniter\Boot::bootWeb(Object(Config\Paths))
 7 SYSTEMPATH\rewrite.php(44): require_once('C:\\xampp\\htdocs\\cicemilankayo\\public\\index.php')
WARNING - 2025-12-16 07:04:23 --> [DEPRECATED] Creation of dynamic property App\Controllers\Layanan::$nama is deprecated in APPPATH\Controllers\BaseController.php on line 44.
 1 SYSTEMPATH\CodeIgniter.php(904): App\Controllers\BaseController->initController(Object(CodeIgniter\HTTP\IncomingRequest), Object(CodeIgniter\HTTP\Response), Object(CodeIgniter\Log\Logger))
 2 SYSTEMPATH\CodeIgniter.php(498): CodeIgniter\CodeIgniter->createController()
 3 SYSTEMPATH\CodeIgniter.php(354): CodeIgniter\CodeIgniter->handleRequest(null, Object(Config\Cache), false)
 4 SYSTEMPATH\Boot.php(363): CodeIgniter\CodeIgniter->run()
 5 SYSTEMPATH\Boot.php(68): CodeIgniter\Boot::runCodeIgniter(Object(CodeIgniter\CodeIgniter))
 6 FCPATH\index.php(59): CodeIgniter\Boot::bootWeb(Object(Config\Paths))
 7 SYSTEMPATH\rewrite.php(44): require_once('C:\\xampp\\htdocs\\cicemilankayo\\public\\index.php')
CRITICAL - 2025-12-16 07:04:23 --> ErrorException: Undefined variable $barang
[Method: GET, Route: layanan]
in APPPATH\Views\layanan.php on line 34.
 1 APPPATH\Views\layanan.php(34): CodeIgniter\Debug\Exceptions->errorHandler(2, 'Undefined variable $barang', 'C:\\xampp\\htdocs\\cicemilankayo\\app\\Views\\layanan.php', 34)
 2 SYSTEMPATH\View\View.php(226): include('C:\\xampp\\htdocs\\cicemilankayo\\app\\Views\\layanan.php')
 3 SYSTEMPATH\View\View.php(229): CodeIgniter\View\View->CodeIgniter\View\{closure}()
 4 SYSTEMPATH\Common.php(1199): CodeIgniter\View\View->render('layanan', [], true)
 5 APPPATH\Controllers\Layanan.php(13): view('layanan')
 6 SYSTEMPATH\CodeIgniter.php(933): App\Controllers\Layanan->index()
 7 SYSTEMPATH\CodeIgniter.php(507): CodeIgniter\CodeIgniter->runController(Object(App\Controllers\Layanan))
 8 SYSTEMPATH\CodeIgniter.php(354): CodeIgniter\CodeIgniter->handleRequest(null, Object(Config\Cache), false)
 9 SYSTEMPATH\Boot.php(363): CodeIgniter\CodeIgniter->run()
10 SYSTEMPATH\Boot.php(68): CodeIgniter\Boot::runCodeIgniter(Object(CodeIgniter\CodeIgniter))
11 FCPATH\index.php(59): CodeIgniter\Boot::bootWeb(Object(Config\Paths))
12 SYSTEMPATH\rewrite.php(44): require_once('C:\\xampp\\htdocs\\cicemilankayo\\public\\index.php')
WARNING - 2025-12-16 07:04:31 --> [DEPRECATED] Creation of dynamic property App\Controllers\Beranda::$nama is deprecated in APPPATH\Controllers\BaseController.php on line 44.
 1 SYSTEMPATH\CodeIgniter.php(904): App\Controllers\BaseController->initController(Object(CodeIgniter\HTTP\IncomingRequest), Object(CodeIgniter\HTTP\Response), Object(CodeIgniter\Log\Logger))
 2 SYSTEMPATH\CodeIgniter.php(498): CodeIgniter\CodeIgniter->createController()
 3 SYSTEMPATH\CodeIgniter.php(354): CodeIgniter\CodeIgniter->handleRequest(null, Object(Config\Cache), false)
 4 SYSTEMPATH\Boot.php(363): CodeIgniter\CodeIgniter->run()
 5 SYSTEMPATH\Boot.php(68): CodeIgniter\Boot::runCodeIgniter(Object(CodeIgniter\CodeIgniter))
 6 FCPATH\index.php(59): CodeIgniter\Boot::bootWeb(Object(Config\Paths))
 7 SYSTEMPATH\rewrite.php(44): require_once('C:\\xampp\\htdocs\\cicemilankayo\\public\\index.php')
WARNING - 2025-12-16 07:04:33 --> [DEPRECATED] Creation of dynamic property App\Controllers\Layanan::$nama is deprecated in APPPATH\Controllers\BaseController.php on line 44.
 1 SYSTEMPATH\CodeIgniter.php(904): App\Controllers\BaseController->initController(Object(CodeIgniter\HTTP\IncomingRequest), Object(CodeIgniter\HTTP\Response), Object(CodeIgniter\Log\Logger))
 2 SYSTEMPATH\CodeIgniter.php(498): CodeIgniter\CodeIgniter->createController()
 3 SYSTEMPATH\CodeIgniter.php(354): CodeIgniter\CodeIgniter->handleRequest(null, Object(Config\Cache), false)
 4 SYSTEMPATH\Boot.php(363): CodeIgniter\CodeIgniter->run()
 5 SYSTEMPATH\Boot.php(68): CodeIgniter\Boot::runCodeIgniter(Object(CodeIgniter\CodeIgniter))
 6 FCPATH\index.php(59): CodeIgniter\Boot::bootWeb(Object(Config\Paths))
 7 SYSTEMPATH\rewrite.php(44): require_once('C:\\xampp\\htdocs\\cicemilankayo\\public\\index.php')
CRITICAL - 2025-12-16 07:04:33 --> ErrorException: Undefined variable $barang
[Method: GET, Route: layanan]
in APPPATH\Views\layanan.php on line 34.
 1 APPPATH\Views\layanan.php(34): CodeIgniter\Debug\Exceptions->errorHandler(2, 'Undefined variable $barang', 'C:\\xampp\\htdocs\\cicemilankayo\\app\\Views\\layanan.php', 34)
 2 SYSTEMPATH\View\View.php(226): include('C:\\xampp\\htdocs\\cicemilankayo\\app\\Views\\layanan.php')
 3 SYSTEMPATH\View\View.php(229): CodeIgniter\View\View->CodeIgniter\View\{closure}()
 4 SYSTEMPATH\Common.php(1199): CodeIgniter\View\View->render('layanan', [], true)
 5 APPPATH\Controllers\Layanan.php(13): view('layanan')
 6 SYSTEMPATH\CodeIgniter.php(933): App\Controllers\Layanan->index()
 7 SYSTEMPATH\CodeIgniter.php(507): CodeIgniter\CodeIgniter->runController(Object(App\Controllers\Layanan))
 8 SYSTEMPATH\CodeIgniter.php(354): CodeIgniter\CodeIgniter->handleRequest(null, Object(Config\Cache), false)
 9 SYSTEMPATH\Boot.php(363): CodeIgniter\CodeIgniter->run()
10 SYSTEMPATH\Boot.php(68): CodeIgniter\Boot::runCodeIgniter(Object(CodeIgniter\CodeIgniter))
11 FCPATH\index.php(59): CodeIgniter\Boot::bootWeb(Object(Config\Paths))
12 SYSTEMPATH\rewrite.php(44): require_once('C:\\xampp\\htdocs\\cicemilankayo\\public\\index.php')
WARNING - 2025-12-16 07:05:12 --> [DEPRECATED] Creation of dynamic property App\Controllers\Beranda::$nama is deprecated in APPPATH\Controllers\BaseController.php on line 44.
 1 SYSTEMPATH\CodeIgniter.php(904): App\Controllers\BaseController->initController(Object(CodeIgniter\HTTP\IncomingRequest), Object(CodeIgniter\HTTP\Response), Object(CodeIgniter\Log\Logger))
 2 SYSTEMPATH\CodeIgniter.php(498): CodeIgniter\CodeIgniter->createController()
 3 SYSTEMPATH\CodeIgniter.php(354): CodeIgniter\CodeIgniter->handleRequest(null, Object(Config\Cache), false)
 4 SYSTEMPATH\Boot.php(363): CodeIgniter\CodeIgniter->run()
 5 SYSTEMPATH\Boot.php(68): CodeIgniter\Boot::runCodeIgniter(Object(CodeIgniter\CodeIgniter))
 6 FCPATH\index.php(59): CodeIgniter\Boot::bootWeb(Object(Config\Paths))
 7 SYSTEMPATH\rewrite.php(44): require_once('C:\\xampp\\htdocs\\cicemilankayo\\public\\index.php')
WARNING - 2025-12-16 07:05:13 --> [DEPRECATED] Creation of dynamic property App\Controllers\Layanan::$nama is deprecated in APPPATH\Controllers\BaseController.php on line 44.
 1 SYSTEMPATH\CodeIgniter.php(904): App\Controllers\BaseController->initController(Object(CodeIgniter\HTTP\IncomingRequest), Object(CodeIgniter\HTTP\Response), Object(CodeIgniter\Log\Logger))
 2 SYSTEMPATH\CodeIgniter.php(498): CodeIgniter\CodeIgniter->createController()
 3 SYSTEMPATH\CodeIgniter.php(354): CodeIgniter\CodeIgniter->handleRequest(null, Object(Config\Cache), false)
 4 SYSTEMPATH\Boot.php(363): CodeIgniter\CodeIgniter->run()
 5 SYSTEMPATH\Boot.php(68): CodeIgniter\Boot::runCodeIgniter(Object(CodeIgniter\CodeIgniter))
 6 FCPATH\index.php(59): CodeIgniter\Boot::bootWeb(Object(Config\Paths))
 7 SYSTEMPATH\rewrite.php(44): require_once('C:\\xampp\\htdocs\\cicemilankayo\\public\\index.php')
CRITICAL - 2025-12-16 07:05:13 --> ErrorException: Undefined variable $tabeltoko
[Method: GET, Route: layanan]
in APPPATH\Views\layanan.php on line 34.
 1 APPPATH\Views\layanan.php(34): CodeIgniter\Debug\Exceptions->errorHandler(2, 'Undefined variable $tabeltoko', 'C:\\xampp\\htdocs\\cicemilankayo\\app\\Views\\layanan.php', 34)
 2 SYSTEMPATH\View\View.php(226): include('C:\\xampp\\htdocs\\cicemilankayo\\app\\Views\\layanan.php')
 3 SYSTEMPATH\View\View.php(229): CodeIgniter\View\View->CodeIgniter\View\{closure}()
 4 SYSTEMPATH\Common.php(1199): CodeIgniter\View\View->render('layanan', [], true)
 5 APPPATH\Controllers\Layanan.php(13): view('layanan')
 6 SYSTEMPATH\CodeIgniter.php(933): App\Controllers\Layanan->index()
 7 SYSTEMPATH\CodeIgniter.php(507): CodeIgniter\CodeIgniter->runController(Object(App\Controllers\Layanan))
 8 SYSTEMPATH\CodeIgniter.php(354): CodeIgniter\CodeIgniter->handleRequest(null, Object(Config\Cache), false)
 9 SYSTEMPATH\Boot.php(363): CodeIgniter\CodeIgniter->run()
10 SYSTEMPATH\Boot.php(68): CodeIgniter\Boot::runCodeIgniter(Object(CodeIgniter\CodeIgniter))
11 FCPATH\index.php(59): CodeIgniter\Boot::bootWeb(Object(Config\Paths))
12 SYSTEMPATH\rewrite.php(44): require_once('C:\\xampp\\htdocs\\cicemilankayo\\public\\index.php')
WARNING - 2025-12-16 07:05:42 --> [DEPRECATED] Creation of dynamic property App\Controllers\Layanan::$nama is deprecated in APPPATH\Controllers\BaseController.php on line 44.
 1 SYSTEMPATH\CodeIgniter.php(904): App\Controllers\BaseController->initController(Object(CodeIgniter\HTTP\IncomingRequest), Object(CodeIgniter\HTTP\Response), Object(CodeIgniter\Log\Logger))
 2 SYSTEMPATH\CodeIgniter.php(498): CodeIgniter\CodeIgniter->createController()
 3 SYSTEMPATH\CodeIgniter.php(354): CodeIgniter\CodeIgniter->handleRequest(null, Object(Config\Cache), false)
 4 SYSTEMPATH\Boot.php(363): CodeIgniter\CodeIgniter->run()
 5 SYSTEMPATH\Boot.php(68): CodeIgniter\Boot::runCodeIgniter(Object(CodeIgniter\CodeIgniter))
 6 FCPATH\index.php(59): CodeIgniter\Boot::bootWeb(Object(Config\Paths))
 7 SYSTEMPATH\rewrite.php(44): require_once('C:\\xampp\\htdocs\\cicemilankayo\\public\\index.php')
CRITICAL - 2025-12-16 07:05:42 --> ErrorException: Undefined variable $Toko
[Method: GET, Route: layanan]
in APPPATH\Views\layanan.php on line 34.
 1 APPPATH\Views\layanan.php(34): CodeIgniter\Debug\Exceptions->errorHandler(2, 'Undefined variable $Toko', 'C:\\xampp\\htdocs\\cicemilankayo\\app\\Views\\layanan.php', 34)
 2 SYSTEMPATH\View\View.php(226): include('C:\\xampp\\htdocs\\cicemilankayo\\app\\Views\\layanan.php')
 3 SYSTEMPATH\View\View.php(229): CodeIgniter\View\View->CodeIgniter\View\{closure}()
 4 SYSTEMPATH\Common.php(1199): CodeIgniter\View\View->render('layanan', [], true)
 5 APPPATH\Controllers\Layanan.php(13): view('layanan')
 6 SYSTEMPATH\CodeIgniter.php(933): App\Controllers\Layanan->index()
 7 SYSTEMPATH\CodeIgniter.php(507): CodeIgniter\CodeIgniter->runController(Object(App\Controllers\Layanan))
 8 SYSTEMPATH\CodeIgniter.php(354): CodeIgniter\CodeIgniter->handleRequest(null, Object(Config\Cache), false)
 9 SYSTEMPATH\Boot.php(363): CodeIgniter\CodeIgniter->run()
10 SYSTEMPATH\Boot.php(68): CodeIgniter\Boot::runCodeIgniter(Object(CodeIgniter\CodeIgniter))
11 FCPATH\index.php(59): CodeIgniter\Boot::bootWeb(Object(Config\Paths))
12 SYSTEMPATH\rewrite.php(44): require_once('C:\\xampp\\htdocs\\cicemilankayo\\public\\index.php')
WARNING - 2025-12-16 07:12:02 --> [DEPRECATED] Creation of dynamic property App\Controllers\Beranda::$nama is deprecated in APPPATH\Controllers\BaseController.php on line 44.
 1 SYSTEMPATH\CodeIgniter.php(904): App\Controllers\BaseController->initController(Object(CodeIgniter\HTTP\IncomingRequest), Object(CodeIgniter\HTTP\Response), Object(CodeIgniter\Log\Logger))
 2 SYSTEMPATH\CodeIgniter.php(498): CodeIgniter\CodeIgniter->createController()
 3 SYSTEMPATH\CodeIgniter.php(354): CodeIgniter\CodeIgniter->handleRequest(null, Object(Config\Cache), false)
 4 SYSTEMPATH\Boot.php(363): CodeIgniter\CodeIgniter->run()
 5 SYSTEMPATH\Boot.php(68): CodeIgniter\Boot::runCodeIgniter(Object(CodeIgniter\CodeIgniter))
 6 FCPATH\index.php(59): CodeIgniter\Boot::bootWeb(Object(Config\Paths))
 7 SYSTEMPATH\rewrite.php(44): require_once('C:\\xampp\\htdocs\\cicemilankayo\\public\\index.php')
WARNING - 2025-12-16 07:12:02 --> [DEPRECATED] Creation of dynamic property App\Controllers\Beranda::$nama is deprecated in APPPATH\Controllers\BaseController.php on line 44.
 1 SYSTEMPATH\CodeIgniter.php(904): App\Controllers\BaseController->initController(Object(CodeIgniter\HTTP\IncomingRequest), Object(CodeIgniter\HTTP\Response), Object(CodeIgniter\Log\Logger))
 2 SYSTEMPATH\CodeIgniter.php(498): CodeIgniter\CodeIgniter->createController()
 3 SYSTEMPATH\CodeIgniter.php(354): CodeIgniter\CodeIgniter->handleRequest(null, Object(Config\Cache), false)
 4 SYSTEMPATH\Boot.php(363): CodeIgniter\CodeIgniter->run()
 5 SYSTEMPATH\Boot.php(68): CodeIgniter\Boot::runCodeIgniter(Object(CodeIgniter\CodeIgniter))
 6 FCPATH\index.php(59): CodeIgniter\Boot::bootWeb(Object(Config\Paths))
 7 SYSTEMPATH\rewrite.php(44): require_once('C:\\xampp\\htdocs\\cicemilankayo\\public\\index.php')
CRITICAL - 2025-12-16 07:12:04 --> ParseError: syntax error, unexpected token "=", expecting "]"
[Method: GET, Route: layanan]
in APPPATH\Controllers\Layanan.php on line 10.
 1 SYSTEMPATH\Autoloader\Autoloader.php(295): CodeIgniter\Autoloader\Autoloader->includeFile('C:\\xampp\\htdocs\\cicemilankayo\\app\\Controllers\\Layanan.php')
 2 SYSTEMPATH\Autoloader\Autoloader.php(271): CodeIgniter\Autoloader\Autoloader->loadInNamespace('App\\Controllers\\Layanan')
 3 [internal function]: CodeIgniter\Autoloader\Autoloader->loadClass('App\\Controllers\\Layanan')
 4 SYSTEMPATH\CodeIgniter.php(885): class_exists('\\App\\Controllers\\Layanan', true)
 5 SYSTEMPATH\CodeIgniter.php(494): CodeIgniter\CodeIgniter->startController()
 6 SYSTEMPATH\CodeIgniter.php(354): CodeIgniter\CodeIgniter->handleRequest(null, Object(Config\Cache), false)
 7 SYSTEMPATH\Boot.php(363): CodeIgniter\CodeIgniter->run()
 8 SYSTEMPATH\Boot.php(68): CodeIgniter\Boot::runCodeIgniter(Object(CodeIgniter\CodeIgniter))
 9 FCPATH\index.php(59): CodeIgniter\Boot::bootWeb(Object(Config\Paths))
10 SYSTEMPATH\rewrite.php(44): require_once('C:\\xampp\\htdocs\\cicemilankayo\\public\\index.php')
WARNING - 2025-12-16 07:12:44 --> [DEPRECATED] Creation of dynamic property App\Controllers\Beranda::$nama is deprecated in APPPATH\Controllers\BaseController.php on line 44.
 1 SYSTEMPATH\CodeIgniter.php(904): App\Controllers\BaseController->initController(Object(CodeIgniter\HTTP\IncomingRequest), Object(CodeIgniter\HTTP\Response), Object(CodeIgniter\Log\Logger))
 2 SYSTEMPATH\CodeIgniter.php(498): CodeIgniter\CodeIgniter->createController()
 3 SYSTEMPATH\CodeIgniter.php(354): CodeIgniter\CodeIgniter->handleRequest(null, Object(Config\Cache), false)
 4 SYSTEMPATH\Boot.php(363): CodeIgniter\CodeIgniter->run()
 5 SYSTEMPATH\Boot.php(68): CodeIgniter\Boot::runCodeIgniter(Object(CodeIgniter\CodeIgniter))
 6 FCPATH\index.php(59): CodeIgniter\Boot::bootWeb(Object(Config\Paths))
 7 SYSTEMPATH\rewrite.php(44): require_once('C:\\xampp\\htdocs\\cicemilankayo\\public\\index.php')
WARNING - 2025-12-16 07:12:45 --> [DEPRECATED] Creation of dynamic property App\Controllers\Layanan::$nama is deprecated in APPPATH\Controllers\BaseController.php on line 44.
 1 SYSTEMPATH\CodeIgniter.php(904): App\Controllers\BaseController->initController(Object(CodeIgniter\HTTP\IncomingRequest), Object(CodeIgniter\HTTP\Response), Object(CodeIgniter\Log\Logger))
 2 SYSTEMPATH\CodeIgniter.php(498): CodeIgniter\CodeIgniter->createController()
 3 SYSTEMPATH\CodeIgniter.php(354): CodeIgniter\CodeIgniter->handleRequest(null, Object(Config\Cache), false)
 4 SYSTEMPATH\Boot.php(363): CodeIgniter\CodeIgniter->run()
 5 SYSTEMPATH\Boot.php(68): CodeIgniter\Boot::runCodeIgniter(Object(CodeIgniter\CodeIgniter))
 6 FCPATH\index.php(59): CodeIgniter\Boot::bootWeb(Object(Config\Paths))
 7 SYSTEMPATH\rewrite.php(44): require_once('C:\\xampp\\htdocs\\cicemilankayo\\public\\index.php')
CRITICAL - 2025-12-16 07:12:45 --> Error: Undefined constant "App\Controllers\this"
[Method: GET, Route: layanan]
in APPPATH\Controllers\Layanan.php on line 10.
 1 SYSTEMPATH\CodeIgniter.php(933): App\Controllers\Layanan->index()
 2 SYSTEMPATH\CodeIgniter.php(507): CodeIgniter\CodeIgniter->runController(Object(App\Controllers\Layanan))
 3 SYSTEMPATH\CodeIgniter.php(354): CodeIgniter\CodeIgniter->handleRequest(null, Object(Config\Cache), false)
 4 SYSTEMPATH\Boot.php(363): CodeIgniter\CodeIgniter->run()
 5 SYSTEMPATH\Boot.php(68): CodeIgniter\Boot::runCodeIgniter(Object(CodeIgniter\CodeIgniter))
 6 FCPATH\index.php(59): CodeIgniter\Boot::bootWeb(Object(Config\Paths))
 7 SYSTEMPATH\rewrite.php(44): require_once('C:\\xampp\\htdocs\\cicemilankayo\\public\\index.php')
WARNING - 2025-12-16 07:12:58 --> [DEPRECATED] Creation of dynamic property App\Controllers\Beranda::$nama is deprecated in APPPATH\Controllers\BaseController.php on line 44.
 1 SYSTEMPATH\CodeIgniter.php(904): App\Controllers\BaseController->initController(Object(CodeIgniter\HTTP\IncomingRequest), Object(CodeIgniter\HTTP\Response), Object(CodeIgniter\Log\Logger))
 2 SYSTEMPATH\CodeIgniter.php(498): CodeIgniter\CodeIgniter->createController()
 3 SYSTEMPATH\CodeIgniter.php(354): CodeIgniter\CodeIgniter->handleRequest(null, Object(Config\Cache), false)
 4 SYSTEMPATH\Boot.php(363): CodeIgniter\CodeIgniter->run()
 5 SYSTEMPATH\Boot.php(68): CodeIgniter\Boot::runCodeIgniter(Object(CodeIgniter\CodeIgniter))
 6 FCPATH\index.php(59): CodeIgniter\Boot::bootWeb(Object(Config\Paths))
 7 SYSTEMPATH\rewrite.php(44): require_once('C:\\xampp\\htdocs\\cicemilankayo\\public\\index.php')
WARNING - 2025-12-16 07:12:59 --> [DEPRECATED] Creation of dynamic property App\Controllers\Layanan::$nama is deprecated in APPPATH\Controllers\BaseController.php on line 44.
 1 SYSTEMPATH\CodeIgniter.php(904): App\Controllers\BaseController->initController(Object(CodeIgniter\HTTP\IncomingRequest), Object(CodeIgniter\HTTP\Response), Object(CodeIgniter\Log\Logger))
 2 SYSTEMPATH\CodeIgniter.php(498): CodeIgniter\CodeIgniter->createController()
 3 SYSTEMPATH\CodeIgniter.php(354): CodeIgniter\CodeIgniter->handleRequest(null, Object(Config\Cache), false)
 4 SYSTEMPATH\Boot.php(363): CodeIgniter\CodeIgniter->run()
 5 SYSTEMPATH\Boot.php(68): CodeIgniter\Boot::runCodeIgniter(Object(CodeIgniter\CodeIgniter))
 6 FCPATH\index.php(59): CodeIgniter\Boot::bootWeb(Object(Config\Paths))
 7 SYSTEMPATH\rewrite.php(44): require_once('C:\\xampp\\htdocs\\cicemilankayo\\public\\index.php')
CRITICAL - 2025-12-16 07:12:59 --> ErrorException: Undefined variable $Toko
[Method: GET, Route: layanan]
in APPPATH\Controllers\Layanan.php on line 10.
 1 APPPATH\Controllers\Layanan.php(10): CodeIgniter\Debug\Exceptions->errorHandler(2, 'Undefined variable $Toko', 'C:\\xampp\\htdocs\\cicemilankayo\\app\\Controllers\\Layanan.php', 10)
 2 SYSTEMPATH\CodeIgniter.php(933): App\Controllers\Layanan->index()
 3 SYSTEMPATH\CodeIgniter.php(507): CodeIgniter\CodeIgniter->runController(Object(App\Controllers\Layanan))
 4 SYSTEMPATH\CodeIgniter.php(354): CodeIgniter\CodeIgniter->handleRequest(null, Object(Config\Cache), false)
 5 SYSTEMPATH\Boot.php(363): CodeIgniter\CodeIgniter->run()
 6 SYSTEMPATH\Boot.php(68): CodeIgniter\Boot::runCodeIgniter(Object(CodeIgniter\CodeIgniter))
 7 FCPATH\index.php(59): CodeIgniter\Boot::bootWeb(Object(Config\Paths))
 8 SYSTEMPATH\rewrite.php(44): require_once('C:\\xampp\\htdocs\\cicemilankayo\\public\\index.php')
WARNING - 2025-12-16 07:13:16 --> [DEPRECATED] Creation of dynamic property App\Controllers\Beranda::$nama is deprecated in APPPATH\Controllers\BaseController.php on line 44.
 1 SYSTEMPATH\CodeIgniter.php(904): App\Controllers\BaseController->initController(Object(CodeIgniter\HTTP\IncomingRequest), Object(CodeIgniter\HTTP\Response), Object(CodeIgniter\Log\Logger))
 2 SYSTEMPATH\CodeIgniter.php(498): CodeIgniter\CodeIgniter->createController()
 3 SYSTEMPATH\CodeIgniter.php(354): CodeIgniter\CodeIgniter->handleRequest(null, Object(Config\Cache), false)
 4 SYSTEMPATH\Boot.php(363): CodeIgniter\CodeIgniter->run()
 5 SYSTEMPATH\Boot.php(68): CodeIgniter\Boot::runCodeIgniter(Object(CodeIgniter\CodeIgniter))
 6 FCPATH\index.php(59): CodeIgniter\Boot::bootWeb(Object(Config\Paths))
 7 SYSTEMPATH\rewrite.php(44): require_once('C:\\xampp\\htdocs\\cicemilankayo\\public\\index.php')
WARNING - 2025-12-16 07:13:17 --> [DEPRECATED] Creation of dynamic property App\Controllers\Layanan::$nama is deprecated in APPPATH\Controllers\BaseController.php on line 44.
 1 SYSTEMPATH\CodeIgniter.php(904): App\Controllers\BaseController->initController(Object(CodeIgniter\HTTP\IncomingRequest), Object(CodeIgniter\HTTP\Response), Object(CodeIgniter\Log\Logger))
 2 SYSTEMPATH\CodeIgniter.php(498): CodeIgniter\CodeIgniter->createController()
 3 SYSTEMPATH\CodeIgniter.php(354): CodeIgniter\CodeIgniter->handleRequest(null, Object(Config\Cache), false)
 4 SYSTEMPATH\Boot.php(363): CodeIgniter\CodeIgniter->run()
 5 SYSTEMPATH\Boot.php(68): CodeIgniter\Boot::runCodeIgniter(Object(CodeIgniter\CodeIgniter))
 6 FCPATH\index.php(59): CodeIgniter\Boot::bootWeb(Object(Config\Paths))
 7 SYSTEMPATH\rewrite.php(44): require_once('C:\\xampp\\htdocs\\cicemilankayo\\public\\index.php')
CRITICAL - 2025-12-16 07:13:17 --> ErrorException: Undefined property: App\Controllers\Layanan::$Toko
[Method: GET, Route: layanan]
in APPPATH\Controllers\Layanan.php on line 10.
 1 APPPATH\Controllers\Layanan.php(10): CodeIgniter\Debug\Exceptions->errorHandler(2, 'Undefined property: App\\Controllers\\Layanan::$Toko', 'C:\\xampp\\htdocs\\cicemilankayo\\app\\Controllers\\Layanan.php', 10)
 2 SYSTEMPATH\CodeIgniter.php(933): App\Controllers\Layanan->index()
 3 SYSTEMPATH\CodeIgniter.php(507): CodeIgniter\CodeIgniter->runController(Object(App\Controllers\Layanan))
 4 SYSTEMPATH\CodeIgniter.php(354): CodeIgniter\CodeIgniter->handleRequest(null, Object(Config\Cache), false)
 5 SYSTEMPATH\Boot.php(363): CodeIgniter\CodeIgniter->run()
 6 SYSTEMPATH\Boot.php(68): CodeIgniter\Boot::runCodeIgniter(Object(CodeIgniter\CodeIgniter))
 7 FCPATH\index.php(59): CodeIgniter\Boot::bootWeb(Object(Config\Paths))
 8 SYSTEMPATH\rewrite.php(44): require_once('C:\\xampp\\htdocs\\cicemilankayo\\public\\index.php')
WARNING - 2025-12-16 07:14:26 --> [DEPRECATED] Creation of dynamic property App\Controllers\Beranda::$nama is deprecated in APPPATH\Controllers\BaseController.php on line 44.
 1 SYSTEMPATH\CodeIgniter.php(904): App\Controllers\BaseController->initController(Object(CodeIgniter\HTTP\IncomingRequest), Object(CodeIgniter\HTTP\Response), Object(CodeIgniter\Log\Logger))
 2 SYSTEMPATH\CodeIgniter.php(498): CodeIgniter\CodeIgniter->createController()
 3 SYSTEMPATH\CodeIgniter.php(354): CodeIgniter\CodeIgniter->handleRequest(null, Object(Config\Cache), false)
 4 SYSTEMPATH\Boot.php(363): CodeIgniter\CodeIgniter->run()
 5 SYSTEMPATH\Boot.php(68): CodeIgniter\Boot::runCodeIgniter(Object(CodeIgniter\CodeIgniter))
 6 FCPATH\index.php(59): CodeIgniter\Boot::bootWeb(Object(Config\Paths))
 7 SYSTEMPATH\rewrite.php(44): require_once('C:\\xampp\\htdocs\\cicemilankayo\\public\\index.php')
WARNING - 2025-12-16 07:14:27 --> [DEPRECATED] Creation of dynamic property App\Controllers\Layanan::$nama is deprecated in APPPATH\Controllers\BaseController.php on line 44.
 1 SYSTEMPATH\CodeIgniter.php(904): App\Controllers\BaseController->initController(Object(CodeIgniter\HTTP\IncomingRequest), Object(CodeIgniter\HTTP\Response), Object(CodeIgniter\Log\Logger))
 2 SYSTEMPATH\CodeIgniter.php(498): CodeIgniter\CodeIgniter->createController()
 3 SYSTEMPATH\CodeIgniter.php(354): CodeIgniter\CodeIgniter->handleRequest(null, Object(Config\Cache), false)
 4 SYSTEMPATH\Boot.php(363): CodeIgniter\CodeIgniter->run()
 5 SYSTEMPATH\Boot.php(68): CodeIgniter\Boot::runCodeIgniter(Object(CodeIgniter\CodeIgniter))
 6 FCPATH\index.php(59): CodeIgniter\Boot::bootWeb(Object(Config\Paths))
 7 SYSTEMPATH\rewrite.php(44): require_once('C:\\xampp\\htdocs\\cicemilankayo\\public\\index.php')
CRITICAL - 2025-12-16 07:14:27 --> ErrorException: Undefined variable $Toko
[Method: GET, Route: layanan]
in APPPATH\Controllers\Layanan.php on line 10.
 1 APPPATH\Controllers\Layanan.php(10): CodeIgniter\Debug\Exceptions->errorHandler(2, 'Undefined variable $Toko', 'C:\\xampp\\htdocs\\cicemilankayo\\app\\Controllers\\Layanan.php', 10)
 2 SYSTEMPATH\CodeIgniter.php(933): App\Controllers\Layanan->index()
 3 SYSTEMPATH\CodeIgniter.php(507): CodeIgniter\CodeIgniter->runController(Object(App\Controllers\Layanan))
 4 SYSTEMPATH\CodeIgniter.php(354): CodeIgniter\CodeIgniter->handleRequest(null, Object(Config\Cache), false)
 5 SYSTEMPATH\Boot.php(363): CodeIgniter\CodeIgniter->run()
 6 SYSTEMPATH\Boot.php(68): CodeIgniter\Boot::runCodeIgniter(Object(CodeIgniter\CodeIgniter))
 7 FCPATH\index.php(59): CodeIgniter\Boot::bootWeb(Object(Config\Paths))
 8 SYSTEMPATH\rewrite.php(44): require_once('C:\\xampp\\htdocs\\cicemilankayo\\public\\index.php')
WARNING - 2025-12-16 07:15:36 --> [DEPRECATED] Creation of dynamic property App\Controllers\Beranda::$nama is deprecated in APPPATH\Controllers\BaseController.php on line 44.
 1 SYSTEMPATH\CodeIgniter.php(904): App\Controllers\BaseController->initController(Object(CodeIgniter\HTTP\IncomingRequest), Object(CodeIgniter\HTTP\Response), Object(CodeIgniter\Log\Logger))
 2 SYSTEMPATH\CodeIgniter.php(498): CodeIgniter\CodeIgniter->createController()
 3 SYSTEMPATH\CodeIgniter.php(354): CodeIgniter\CodeIgniter->handleRequest(null, Object(Config\Cache), false)
 4 SYSTEMPATH\Boot.php(363): CodeIgniter\CodeIgniter->run()
 5 SYSTEMPATH\Boot.php(68): CodeIgniter\Boot::runCodeIgniter(Object(CodeIgniter\CodeIgniter))
 6 FCPATH\index.php(59): CodeIgniter\Boot::bootWeb(Object(Config\Paths))
 7 SYSTEMPATH\rewrite.php(44): require_once('C:\\xampp\\htdocs\\cicemilankayo\\public\\index.php')
WARNING - 2025-12-16 07:18:57 --> [DEPRECATED] Creation of dynamic property App\Controllers\Layanan::$nama is deprecated in APPPATH\Controllers\BaseController.php on line 44.
 1 SYSTEMPATH\CodeIgniter.php(904): App\Controllers\BaseController->initController(Object(CodeIgniter\HTTP\IncomingRequest), Object(CodeIgniter\HTTP\Response), Object(CodeIgniter\Log\Logger))
 2 SYSTEMPATH\CodeIgniter.php(498): CodeIgniter\CodeIgniter->createController()
 3 SYSTEMPATH\CodeIgniter.php(354): CodeIgniter\CodeIgniter->handleRequest(null, Object(Config\Cache), false)
 4 SYSTEMPATH\Boot.php(363): CodeIgniter\CodeIgniter->run()
 5 SYSTEMPATH\Boot.php(68): CodeIgniter\Boot::runCodeIgniter(Object(CodeIgniter\CodeIgniter))
 6 FCPATH\index.php(59): CodeIgniter\Boot::bootWeb(Object(Config\Paths))
 7 SYSTEMPATH\rewrite.php(44): require_once('C:\\xampp\\htdocs\\cicemilankayo\\public\\index.php')
WARNING - 2025-12-16 07:20:20 --> [DEPRECATED] Creation of dynamic property App\Controllers\Layanan::$nama is deprecated in APPPATH\Controllers\BaseController.php on line 44.
 1 SYSTEMPATH\CodeIgniter.php(904): App\Controllers\BaseController->initController(Object(CodeIgniter\HTTP\IncomingRequest), Object(CodeIgniter\HTTP\Response), Object(CodeIgniter\Log\Logger))
 2 SYSTEMPATH\CodeIgniter.php(498): CodeIgniter\CodeIgniter->createController()
 3 SYSTEMPATH\CodeIgniter.php(354): CodeIgniter\CodeIgniter->handleRequest(null, Object(Config\Cache), false)
 4 SYSTEMPATH\Boot.php(363): CodeIgniter\CodeIgniter->run()
 5 SYSTEMPATH\Boot.php(68): CodeIgniter\Boot::runCodeIgniter(Object(CodeIgniter\CodeIgniter))
 6 FCPATH\index.php(59): CodeIgniter\Boot::bootWeb(Object(Config\Paths))
 7 SYSTEMPATH\rewrite.php(44): require_once('C:\\xampp\\htdocs\\cicemilankayo\\public\\index.php')
WARNING - 2025-12-16 07:20:30 --> [DEPRECATED] Creation of dynamic property App\Controllers\Layanan::$nama is deprecated in APPPATH\Controllers\BaseController.php on line 44.
 1 SYSTEMPATH\CodeIgniter.php(904): App\Controllers\BaseController->initController(Object(CodeIgniter\HTTP\IncomingRequest), Object(CodeIgniter\HTTP\Response), Object(CodeIgniter\Log\Logger))
 2 SYSTEMPATH\CodeIgniter.php(498): CodeIgniter\CodeIgniter->createController()
 3 SYSTEMPATH\CodeIgniter.php(354): CodeIgniter\CodeIgniter->handleRequest(null, Object(Config\Cache), false)
 4 SYSTEMPATH\Boot.php(363): CodeIgniter\CodeIgniter->run()
 5 SYSTEMPATH\Boot.php(68): CodeIgniter\Boot::runCodeIgniter(Object(CodeIgniter\CodeIgniter))
 6 FCPATH\index.php(59): CodeIgniter\Boot::bootWeb(Object(Config\Paths))
 7 SYSTEMPATH\rewrite.php(44): require_once('C:\\xampp\\htdocs\\cicemilankayo\\public\\index.php')
WARNING - 2025-12-16 07:20:31 --> [DEPRECATED] Creation of dynamic property App\Controllers\Beranda::$nama is deprecated in APPPATH\Controllers\BaseController.php on line 44.
 1 SYSTEMPATH\CodeIgniter.php(904): App\Controllers\BaseController->initController(Object(CodeIgniter\HTTP\IncomingRequest), Object(CodeIgniter\HTTP\Response), Object(CodeIgniter\Log\Logger))
 2 SYSTEMPATH\CodeIgniter.php(498): CodeIgniter\CodeIgniter->createController()
 3 SYSTEMPATH\CodeIgniter.php(354): CodeIgniter\CodeIgniter->handleRequest(null, Object(Config\Cache), false)
 4 SYSTEMPATH\Boot.php(363): CodeIgniter\CodeIgniter->run()
 5 SYSTEMPATH\Boot.php(68): CodeIgniter\Boot::runCodeIgniter(Object(CodeIgniter\CodeIgniter))
 6 FCPATH\index.php(59): CodeIgniter\Boot::bootWeb(Object(Config\Paths))
 7 SYSTEMPATH\rewrite.php(44): require_once('C:\\xampp\\htdocs\\cicemilankayo\\public\\index.php')
WARNING - 2025-12-16 07:20:33 --> [DEPRECATED] Creation of dynamic property App\Controllers\Layanan::$nama is deprecated in APPPATH\Controllers\BaseController.php on line 44.
 1 SYSTEMPATH\CodeIgniter.php(904): App\Controllers\BaseController->initController(Object(CodeIgniter\HTTP\IncomingRequest), Object(CodeIgniter\HTTP\Response), Object(CodeIgniter\Log\Logger))
 2 SYSTEMPATH\CodeIgniter.php(498): CodeIgniter\CodeIgniter->createController()
 3 SYSTEMPATH\CodeIgniter.php(354): CodeIgniter\CodeIgniter->handleRequest(null, Object(Config\Cache), false)
 4 SYSTEMPATH\Boot.php(363): CodeIgniter\CodeIgniter->run()
 5 SYSTEMPATH\Boot.php(68): CodeIgniter\Boot::runCodeIgniter(Object(CodeIgniter\CodeIgniter))
 6 FCPATH\index.php(59): CodeIgniter\Boot::bootWeb(Object(Config\Paths))
 7 SYSTEMPATH\rewrite.php(44): require_once('C:\\xampp\\htdocs\\cicemilankayo\\public\\index.php')
WARNING - 2025-12-16 07:23:48 --> [DEPRECATED] Creation of dynamic property App\Controllers\Layanan::$nama is deprecated in APPPATH\Controllers\BaseController.php on line 44.
 1 SYSTEMPATH\CodeIgniter.php(904): App\Controllers\BaseController->initController(Object(CodeIgniter\HTTP\IncomingRequest), Object(CodeIgniter\HTTP\Response), Object(CodeIgniter\Log\Logger))
 2 SYSTEMPATH\CodeIgniter.php(498): CodeIgniter\CodeIgniter->createController()
 3 SYSTEMPATH\CodeIgniter.php(354): CodeIgniter\CodeIgniter->handleRequest(null, Object(Config\Cache), false)
 4 SYSTEMPATH\Boot.php(363): CodeIgniter\CodeIgniter->run()
 5 SYSTEMPATH\Boot.php(68): CodeIgniter\Boot::runCodeIgniter(Object(CodeIgniter\CodeIgniter))
 6 FCPATH\index.php(59): CodeIgniter\Boot::bootWeb(Object(Config\Paths))
 7 SYSTEMPATH\rewrite.php(44): require_once('C:\\xampp\\htdocs\\cicemilankayo\\public\\index.php')
WARNING - 2025-12-16 07:24:06 --> [DEPRECATED] Creation of dynamic property App\Controllers\Layanan::$nama is deprecated in APPPATH\Controllers\BaseController.php on line 44.
 1 SYSTEMPATH\CodeIgniter.php(904): App\Controllers\BaseController->initController(Object(CodeIgniter\HTTP\IncomingRequest), Object(CodeIgniter\HTTP\Response), Object(CodeIgniter\Log\Logger))
 2 SYSTEMPATH\CodeIgniter.php(498): CodeIgniter\CodeIgniter->createController()
 3 SYSTEMPATH\CodeIgniter.php(354): CodeIgniter\CodeIgniter->handleRequest(null, Object(Config\Cache), false)
 4 SYSTEMPATH\Boot.php(363): CodeIgniter\CodeIgniter->run()
 5 SYSTEMPATH\Boot.php(68): CodeIgniter\Boot::runCodeIgniter(Object(CodeIgniter\CodeIgniter))
 6 FCPATH\index.php(59): CodeIgniter\Boot::bootWeb(Object(Config\Paths))
 7 SYSTEMPATH\rewrite.php(44): require_once('C:\\xampp\\htdocs\\cicemilankayo\\public\\index.php')
WARNING - 2025-12-16 08:02:19 --> [DEPRECATED] Creation of dynamic property App\Controllers\Layanan::$nama is deprecated in APPPATH\Controllers\BaseController.php on line 44.
 1 SYSTEMPATH\CodeIgniter.php(904): App\Controllers\BaseController->initController(Object(CodeIgniter\HTTP\IncomingRequest), Object(CodeIgniter\HTTP\Response), Object(CodeIgniter\Log\Logger))
 2 SYSTEMPATH\CodeIgniter.php(498): CodeIgniter\CodeIgniter->createController()
 3 SYSTEMPATH\CodeIgniter.php(354): CodeIgniter\CodeIgniter->handleRequest(null, Object(Config\Cache), false)
 4 SYSTEMPATH\Boot.php(363): CodeIgniter\CodeIgniter->run()
 5 SYSTEMPATH\Boot.php(68): CodeIgniter\Boot::runCodeIgniter(Object(CodeIgniter\CodeIgniter))
 6 FCPATH\index.php(59): CodeIgniter\Boot::bootWeb(Object(Config\Paths))
 7 SYSTEMPATH\rewrite.php(44): require_once('C:\\xampp\\htdocs\\cicemilankayo\\public\\index.php')
WARNING - 2025-12-16 08:02:48 --> [DEPRECATED] Creation of dynamic property App\Controllers\Layanan::$nama is deprecated in APPPATH\Controllers\BaseController.php on line 44.
 1 SYSTEMPATH\CodeIgniter.php(904): App\Controllers\BaseController->initController(Object(CodeIgniter\HTTP\IncomingRequest), Object(CodeIgniter\HTTP\Response), Object(CodeIgniter\Log\Logger))
 2 SYSTEMPATH\CodeIgniter.php(498): CodeIgniter\CodeIgniter->createController()
 3 SYSTEMPATH\CodeIgniter.php(354): CodeIgniter\CodeIgniter->handleRequest(null, Object(Config\Cache), false)
 4 SYSTEMPATH\Boot.php(363): CodeIgniter\CodeIgniter->run()
 5 SYSTEMPATH\Boot.php(68): CodeIgniter\Boot::runCodeIgniter(Object(CodeIgniter\CodeIgniter))
 6 FCPATH\index.php(59): CodeIgniter\Boot::bootWeb(Object(Config\Paths))
 7 SYSTEMPATH\rewrite.php(44): require_once('C:\\xampp\\htdocs\\cicemilankayo\\public\\index.php')
WARNING - 2025-12-16 08:03:01 --> [DEPRECATED] Creation of dynamic property App\Controllers\Layanan::$nama is deprecated in APPPATH\Controllers\BaseController.php on line 44.
 1 SYSTEMPATH\CodeIgniter.php(904): App\Controllers\BaseController->initController(Object(CodeIgniter\HTTP\IncomingRequest), Object(CodeIgniter\HTTP\Response), Object(CodeIgniter\Log\Logger))
 2 SYSTEMPATH\CodeIgniter.php(498): CodeIgniter\CodeIgniter->createController()
 3 SYSTEMPATH\CodeIgniter.php(354): CodeIgniter\CodeIgniter->handleRequest(null, Object(Config\Cache), false)
 4 SYSTEMPATH\Boot.php(363): CodeIgniter\CodeIgniter->run()
 5 SYSTEMPATH\Boot.php(68): CodeIgniter\Boot::runCodeIgniter(Object(CodeIgniter\CodeIgniter))
 6 FCPATH\index.php(59): CodeIgniter\Boot::bootWeb(Object(Config\Paths))
 7 SYSTEMPATH\rewrite.php(44): require_once('C:\\xampp\\htdocs\\cicemilankayo\\public\\index.php')
WARNING - 2025-12-16 08:03:25 --> [DEPRECATED] Creation of dynamic property App\Controllers\Beranda::$nama is deprecated in APPPATH\Controllers\BaseController.php on line 44.
 1 SYSTEMPATH\CodeIgniter.php(904): App\Controllers\BaseController->initController(Object(CodeIgniter\HTTP\IncomingRequest), Object(CodeIgniter\HTTP\Response), Object(CodeIgniter\Log\Logger))
 2 SYSTEMPATH\CodeIgniter.php(498): CodeIgniter\CodeIgniter->createController()
 3 SYSTEMPATH\CodeIgniter.php(354): CodeIgniter\CodeIgniter->handleRequest(null, Object(Config\Cache), false)
 4 SYSTEMPATH\Boot.php(363): CodeIgniter\CodeIgniter->run()
 5 SYSTEMPATH\Boot.php(68): CodeIgniter\Boot::runCodeIgniter(Object(CodeIgniter\CodeIgniter))
 6 FCPATH\index.php(59): CodeIgniter\Boot::bootWeb(Object(Config\Paths))
 7 SYSTEMPATH\rewrite.php(44): require_once('C:\\xampp\\htdocs\\cicemilankayo\\public\\index.php')
WARNING - 2025-12-16 08:03:26 --> [DEPRECATED] Creation of dynamic property App\Controllers\Layanan::$nama is deprecated in APPPATH\Controllers\BaseController.php on line 44.
 1 SYSTEMPATH\CodeIgniter.php(904): App\Controllers\BaseController->initController(Object(CodeIgniter\HTTP\IncomingRequest), Object(CodeIgniter\HTTP\Response), Object(CodeIgniter\Log\Logger))
 2 SYSTEMPATH\CodeIgniter.php(498): CodeIgniter\CodeIgniter->createController()
 3 SYSTEMPATH\CodeIgniter.php(354): CodeIgniter\CodeIgniter->handleRequest(null, Object(Config\Cache), false)
 4 SYSTEMPATH\Boot.php(363): CodeIgniter\CodeIgniter->run()
 5 SYSTEMPATH\Boot.php(68): CodeIgniter\Boot::runCodeIgniter(Object(CodeIgniter\CodeIgniter))
 6 FCPATH\index.php(59): CodeIgniter\Boot::bootWeb(Object(Config\Paths))
 7 SYSTEMPATH\rewrite.php(44): require_once('C:\\xampp\\htdocs\\cicemilankayo\\public\\index.php')
WARNING - 2025-12-16 08:03:27 --> [DEPRECATED] Creation of dynamic property App\Controllers\Portofolio::$nama is deprecated in APPPATH\Controllers\BaseController.php on line 44.
 1 SYSTEMPATH\CodeIgniter.php(904): App\Controllers\BaseController->initController(Object(CodeIgniter\HTTP\IncomingRequest), Object(CodeIgniter\HTTP\Response), Object(CodeIgniter\Log\Logger))
 2 SYSTEMPATH\CodeIgniter.php(498): CodeIgniter\CodeIgniter->createController()
 3 SYSTEMPATH\CodeIgniter.php(354): CodeIgniter\CodeIgniter->handleRequest(null, Object(Config\Cache), false)
 4 SYSTEMPATH\Boot.php(363): CodeIgniter\CodeIgniter->run()
 5 SYSTEMPATH\Boot.php(68): CodeIgniter\Boot::runCodeIgniter(Object(CodeIgniter\CodeIgniter))
 6 FCPATH\index.php(59): CodeIgniter\Boot::bootWeb(Object(Config\Paths))
 7 SYSTEMPATH\rewrite.php(44): require_once('C:\\xampp\\htdocs\\cicemilankayo\\public\\index.php')
WARNING - 2025-12-16 08:03:28 --> [DEPRECATED] Creation of dynamic property App\Controllers\Beranda::$nama is deprecated in APPPATH\Controllers\BaseController.php on line 44.
 1 SYSTEMPATH\CodeIgniter.php(904): App\Controllers\BaseController->initController(Object(CodeIgniter\HTTP\IncomingRequest), Object(CodeIgniter\HTTP\Response), Object(CodeIgniter\Log\Logger))
 2 SYSTEMPATH\CodeIgniter.php(498): CodeIgniter\CodeIgniter->createController()
 3 SYSTEMPATH\CodeIgniter.php(354): CodeIgniter\CodeIgniter->handleRequest(null, Object(Config\Cache), false)
 4 SYSTEMPATH\Boot.php(363): CodeIgniter\CodeIgniter->run()
 5 SYSTEMPATH\Boot.php(68): CodeIgniter\Boot::runCodeIgniter(Object(CodeIgniter\CodeIgniter))
 6 FCPATH\index.php(59): CodeIgniter\Boot::bootWeb(Object(Config\Paths))
 7 SYSTEMPATH\rewrite.php(44): require_once('C:\\xampp\\htdocs\\cicemilankayo\\public\\index.php')
WARNING - 2025-12-16 08:03:29 --> [DEPRECATED] Creation of dynamic property App\Controllers\Home::$nama is deprecated in APPPATH\Controllers\BaseController.php on line 44.
 1 SYSTEMPATH\CodeIgniter.php(904): App\Controllers\BaseController->initController(Object(CodeIgniter\HTTP\IncomingRequest), Object(CodeIgniter\HTTP\Response), Object(CodeIgniter\Log\Logger))
 2 SYSTEMPATH\CodeIgniter.php(498): CodeIgniter\CodeIgniter->createController()
 3 SYSTEMPATH\CodeIgniter.php(354): CodeIgniter\CodeIgniter->handleRequest(null, Object(Config\Cache), false)
 4 SYSTEMPATH\Boot.php(363): CodeIgniter\CodeIgniter->run()
 5 SYSTEMPATH\Boot.php(68): CodeIgniter\Boot::runCodeIgniter(Object(CodeIgniter\CodeIgniter))
 6 FCPATH\index.php(59): CodeIgniter\Boot::bootWeb(Object(Config\Paths))
 7 SYSTEMPATH\rewrite.php(44): require_once('C:\\xampp\\htdocs\\cicemilankayo\\public\\index.php')
WARNING - 2025-12-16 08:03:33 --> [DEPRECATED] Creation of dynamic property App\Controllers\Layanan::$nama is deprecated in APPPATH\Controllers\BaseController.php on line 44.
 1 SYSTEMPATH\CodeIgniter.php(904): App\Controllers\BaseController->initController(Object(CodeIgniter\HTTP\IncomingRequest), Object(CodeIgniter\HTTP\Response), Object(CodeIgniter\Log\Logger))
 2 SYSTEMPATH\CodeIgniter.php(498): CodeIgniter\CodeIgniter->createController()
 3 SYSTEMPATH\CodeIgniter.php(354): CodeIgniter\CodeIgniter->handleRequest(null, Object(Config\Cache), false)
 4 SYSTEMPATH\Boot.php(363): CodeIgniter\CodeIgniter->run()
 5 SYSTEMPATH\Boot.php(68): CodeIgniter\Boot::runCodeIgniter(Object(CodeIgniter\CodeIgniter))
 6 FCPATH\index.php(59): CodeIgniter\Boot::bootWeb(Object(Config\Paths))
 7 SYSTEMPATH\rewrite.php(44): require_once('C:\\xampp\\htdocs\\cicemilankayo\\public\\index.php')
WARNING - 2025-12-16 08:23:25 --> [DEPRECATED] Creation of dynamic property App\Controllers\Layanan::$nama is deprecated in APPPATH\Controllers\BaseController.php on line 44.
 1 SYSTEMPATH\CodeIgniter.php(904): App\Controllers\BaseController->initController(Object(CodeIgniter\HTTP\IncomingRequest), Object(CodeIgniter\HTTP\Response), Object(CodeIgniter\Log\Logger))
 2 SYSTEMPATH\CodeIgniter.php(498): CodeIgniter\CodeIgniter->createController()
 3 SYSTEMPATH\CodeIgniter.php(354): CodeIgniter\CodeIgniter->handleRequest(null, Object(Config\Cache), false)
 4 SYSTEMPATH\Boot.php(363): CodeIgniter\CodeIgniter->run()
 5 SYSTEMPATH\Boot.php(68): CodeIgniter\Boot::runCodeIgniter(Object(CodeIgniter\CodeIgniter))
 6 FCPATH\index.php(59): CodeIgniter\Boot::bootWeb(Object(Config\Paths))
 7 SYSTEMPATH\rewrite.php(44): require_once('C:\\xampp\\htdocs\\cicemilankayo\\public\\index.php')
WARNING - 2025-12-16 08:23:29 --> [DEPRECATED] Creation of dynamic property App\Controllers\Layanan::$nama is deprecated in APPPATH\Controllers\BaseController.php on line 44.
 1 SYSTEMPATH\CodeIgniter.php(904): App\Controllers\BaseController->initController(Object(CodeIgniter\HTTP\IncomingRequest), Object(CodeIgniter\HTTP\Response), Object(CodeIgniter\Log\Logger))
 2 SYSTEMPATH\CodeIgniter.php(498): CodeIgniter\CodeIgniter->createController()
 3 SYSTEMPATH\CodeIgniter.php(354): CodeIgniter\CodeIgniter->handleRequest(null, Object(Config\Cache), false)
 4 SYSTEMPATH\Boot.php(363): CodeIgniter\CodeIgniter->run()
 5 SYSTEMPATH\Boot.php(68): CodeIgniter\Boot::runCodeIgniter(Object(CodeIgniter\CodeIgniter))
 6 FCPATH\index.php(59): CodeIgniter\Boot::bootWeb(Object(Config\Paths))
 7 SYSTEMPATH\rewrite.php(44): require_once('C:\\xampp\\htdocs\\cicemilankayo\\public\\index.php')
WARNING - 2025-12-16 08:24:16 --> [DEPRECATED] Creation of dynamic property App\Controllers\Layanan::$nama is deprecated in APPPATH\Controllers\BaseController.php on line 44.
 1 SYSTEMPATH\CodeIgniter.php(904): App\Controllers\BaseController->initController(Object(CodeIgniter\HTTP\IncomingRequest), Object(CodeIgniter\HTTP\Response), Object(CodeIgniter\Log\Logger))
 2 SYSTEMPATH\CodeIgniter.php(498): CodeIgniter\CodeIgniter->createController()
 3 SYSTEMPATH\CodeIgniter.php(354): CodeIgniter\CodeIgniter->handleRequest(null, Object(Config\Cache), false)
 4 SYSTEMPATH\Boot.php(363): CodeIgniter\CodeIgniter->run()
 5 SYSTEMPATH\Boot.php(68): CodeIgniter\Boot::runCodeIgniter(Object(CodeIgniter\CodeIgniter))
 6 FCPATH\index.php(59): CodeIgniter\Boot::bootWeb(Object(Config\Paths))
 7 SYSTEMPATH\rewrite.php(44): require_once('C:\\xampp\\htdocs\\cicemilankayo\\public\\index.php')
WARNING - 2025-12-16 08:24:18 --> [DEPRECATED] Creation of dynamic property App\Controllers\Layanan::$nama is deprecated in APPPATH\Controllers\BaseController.php on line 44.
 1 SYSTEMPATH\CodeIgniter.php(904): App\Controllers\BaseController->initController(Object(CodeIgniter\HTTP\IncomingRequest), Object(CodeIgniter\HTTP\Response), Object(CodeIgniter\Log\Logger))
 2 SYSTEMPATH\CodeIgniter.php(498): CodeIgniter\CodeIgniter->createController()
 3 SYSTEMPATH\CodeIgniter.php(354): CodeIgniter\CodeIgniter->handleRequest(null, Object(Config\Cache), false)
 4 SYSTEMPATH\Boot.php(363): CodeIgniter\CodeIgniter->run()
 5 SYSTEMPATH\Boot.php(68): CodeIgniter\Boot::runCodeIgniter(Object(CodeIgniter\CodeIgniter))
 6 FCPATH\index.php(59): CodeIgniter\Boot::bootWeb(Object(Config\Paths))
 7 SYSTEMPATH\rewrite.php(44): require_once('C:\\xampp\\htdocs\\cicemilankayo\\public\\index.php')
WARNING - 2025-12-16 08:25:30 --> [DEPRECATED] Creation of dynamic property App\Controllers\Layanan::$nama is deprecated in APPPATH\Controllers\BaseController.php on line 44.
 1 SYSTEMPATH\CodeIgniter.php(904): App\Controllers\BaseController->initController(Object(CodeIgniter\HTTP\IncomingRequest), Object(CodeIgniter\HTTP\Response), Object(CodeIgniter\Log\Logger))
 2 SYSTEMPATH\CodeIgniter.php(498): CodeIgniter\CodeIgniter->createController()
 3 SYSTEMPATH\CodeIgniter.php(354): CodeIgniter\CodeIgniter->handleRequest(null, Object(Config\Cache), false)
 4 SYSTEMPATH\Boot.php(363): CodeIgniter\CodeIgniter->run()
 5 SYSTEMPATH\Boot.php(68): CodeIgniter\Boot::runCodeIgniter(Object(CodeIgniter\CodeIgniter))
 6 FCPATH\index.php(59): CodeIgniter\Boot::bootWeb(Object(Config\Paths))
 7 SYSTEMPATH\rewrite.php(44): require_once('C:\\xampp\\htdocs\\cicemilankayo\\public\\index.php')
WARNING - 2025-12-16 08:25:42 --> [DEPRECATED] Creation of dynamic property App\Controllers\Layanan::$nama is deprecated in APPPATH\Controllers\BaseController.php on line 44.
 1 SYSTEMPATH\CodeIgniter.php(904): App\Controllers\BaseController->initController(Object(CodeIgniter\HTTP\IncomingRequest), Object(CodeIgniter\HTTP\Response), Object(CodeIgniter\Log\Logger))
 2 SYSTEMPATH\CodeIgniter.php(498): CodeIgniter\CodeIgniter->createController()
 3 SYSTEMPATH\CodeIgniter.php(354): CodeIgniter\CodeIgniter->handleRequest(null, Object(Config\Cache), false)
 4 SYSTEMPATH\Boot.php(363): CodeIgniter\CodeIgniter->run()
 5 SYSTEMPATH\Boot.php(68): CodeIgniter\Boot::runCodeIgniter(Object(CodeIgniter\CodeIgniter))
 6 FCPATH\index.php(59): CodeIgniter\Boot::bootWeb(Object(Config\Paths))
 7 SYSTEMPATH\rewrite.php(44): require_once('C:\\xampp\\htdocs\\cicemilankayo\\public\\index.php')
WARNING - 2025-12-16 08:26:31 --> [DEPRECATED] Creation of dynamic property App\Controllers\Home::$nama is deprecated in APPPATH\Controllers\BaseController.php on line 44.
 1 SYSTEMPATH\CodeIgniter.php(904): App\Controllers\BaseController->initController(Object(CodeIgniter\HTTP\IncomingRequest), Object(CodeIgniter\HTTP\Response), Object(CodeIgniter\Log\Logger))
 2 SYSTEMPATH\CodeIgniter.php(498): CodeIgniter\CodeIgniter->createController()
 3 SYSTEMPATH\CodeIgniter.php(354): CodeIgniter\CodeIgniter->handleRequest(null, Object(Config\Cache), false)
 4 SYSTEMPATH\Boot.php(363): CodeIgniter\CodeIgniter->run()
 5 SYSTEMPATH\Boot.php(68): CodeIgniter\Boot::runCodeIgniter(Object(CodeIgniter\CodeIgniter))
 6 FCPATH\index.php(59): CodeIgniter\Boot::bootWeb(Object(Config\Paths))
 7 SYSTEMPATH\rewrite.php(44): require_once('C:\\xampp\\htdocs\\cicemilankayo\\public\\index.php')
WARNING - 2025-12-16 08:26:35 --> [DEPRECATED] Creation of dynamic property App\Controllers\Home::$nama is deprecated in APPPATH\Controllers\BaseController.php on line 44.
 1 SYSTEMPATH\CodeIgniter.php(904): App\Controllers\BaseController->initController(Object(CodeIgniter\HTTP\IncomingRequest), Object(CodeIgniter\HTTP\Response), Object(CodeIgniter\Log\Logger))
 2 SYSTEMPATH\CodeIgniter.php(498): CodeIgniter\CodeIgniter->createController()
 3 SYSTEMPATH\CodeIgniter.php(354): CodeIgniter\CodeIgniter->handleRequest(null, Object(Config\Cache), false)
 4 SYSTEMPATH\Boot.php(363): CodeIgniter\CodeIgniter->run()
 5 SYSTEMPATH\Boot.php(68): CodeIgniter\Boot::runCodeIgniter(Object(CodeIgniter\CodeIgniter))
 6 FCPATH\index.php(59): CodeIgniter\Boot::bootWeb(Object(Config\Paths))
 7 SYSTEMPATH\rewrite.php(44): require_once('C:\\xampp\\htdocs\\cicemilankayo\\public\\index.php')
WARNING - 2025-12-16 08:26:38 --> [DEPRECATED] Creation of dynamic property App\Controllers\Beranda::$nama is deprecated in APPPATH\Controllers\BaseController.php on line 44.
 1 SYSTEMPATH\CodeIgniter.php(904): App\Controllers\BaseController->initController(Object(CodeIgniter\HTTP\IncomingRequest), Object(CodeIgniter\HTTP\Response), Object(CodeIgniter\Log\Logger))
 2 SYSTEMPATH\CodeIgniter.php(498): CodeIgniter\CodeIgniter->createController()
 3 SYSTEMPATH\CodeIgniter.php(354): CodeIgniter\CodeIgniter->handleRequest(null, Object(Config\Cache), false)
 4 SYSTEMPATH\Boot.php(363): CodeIgniter\CodeIgniter->run()
 5 SYSTEMPATH\Boot.php(68): CodeIgniter\Boot::runCodeIgniter(Object(CodeIgniter\CodeIgniter))
 6 FCPATH\index.php(59): CodeIgniter\Boot::bootWeb(Object(Config\Paths))
 7 SYSTEMPATH\rewrite.php(44): require_once('C:\\xampp\\htdocs\\cicemilankayo\\public\\index.php')
WARNING - 2025-12-16 08:26:41 --> [DEPRECATED] Creation of dynamic property App\Controllers\Home::$nama is deprecated in APPPATH\Controllers\BaseController.php on line 44.
 1 SYSTEMPATH\CodeIgniter.php(904): App\Controllers\BaseController->initController(Object(CodeIgniter\HTTP\IncomingRequest), Object(CodeIgniter\HTTP\Response), Object(CodeIgniter\Log\Logger))
 2 SYSTEMPATH\CodeIgniter.php(498): CodeIgniter\CodeIgniter->createController()
 3 SYSTEMPATH\CodeIgniter.php(354): CodeIgniter\CodeIgniter->handleRequest(null, Object(Config\Cache), false)
 4 SYSTEMPATH\Boot.php(363): CodeIgniter\CodeIgniter->run()
 5 SYSTEMPATH\Boot.php(68): CodeIgniter\Boot::runCodeIgniter(Object(CodeIgniter\CodeIgniter))
 6 FCPATH\index.php(59): CodeIgniter\Boot::bootWeb(Object(Config\Paths))
 7 SYSTEMPATH\rewrite.php(44): require_once('C:\\xampp\\htdocs\\cicemilankayo\\public\\index.php')
WARNING - 2025-12-16 08:26:45 --> [DEPRECATED] Creation of dynamic property App\Controllers\Layanan::$nama is deprecated in APPPATH\Controllers\BaseController.php on line 44.
 1 SYSTEMPATH\CodeIgniter.php(904): App\Controllers\BaseController->initController(Object(CodeIgniter\HTTP\IncomingRequest), Object(CodeIgniter\HTTP\Response), Object(CodeIgniter\Log\Logger))
 2 SYSTEMPATH\CodeIgniter.php(498): CodeIgniter\CodeIgniter->createController()
 3 SYSTEMPATH\CodeIgniter.php(354): CodeIgniter\CodeIgniter->handleRequest(null, Object(Config\Cache), false)
 4 SYSTEMPATH\Boot.php(363): CodeIgniter\CodeIgniter->run()
 5 SYSTEMPATH\Boot.php(68): CodeIgniter\Boot::runCodeIgniter(Object(CodeIgniter\CodeIgniter))
 6 FCPATH\index.php(59): CodeIgniter\Boot::bootWeb(Object(Config\Paths))
 7 SYSTEMPATH\rewrite.php(44): require_once('C:\\xampp\\htdocs\\cicemilankayo\\public\\index.php')
WARNING - 2025-12-16 08:26:46 --> [DEPRECATED] Creation of dynamic property App\Controllers\Home::$nama is deprecated in APPPATH\Controllers\BaseController.php on line 44.
 1 SYSTEMPATH\CodeIgniter.php(904): App\Controllers\BaseController->initController(Object(CodeIgniter\HTTP\IncomingRequest), Object(CodeIgniter\HTTP\Response), Object(CodeIgniter\Log\Logger))
 2 SYSTEMPATH\CodeIgniter.php(498): CodeIgniter\CodeIgniter->createController()
 3 SYSTEMPATH\CodeIgniter.php(354): CodeIgniter\CodeIgniter->handleRequest(null, Object(Config\Cache), false)
 4 SYSTEMPATH\Boot.php(363): CodeIgniter\CodeIgniter->run()
 5 SYSTEMPATH\Boot.php(68): CodeIgniter\Boot::runCodeIgniter(Object(CodeIgniter\CodeIgniter))
 6 FCPATH\index.php(59): CodeIgniter\Boot::bootWeb(Object(Config\Paths))
 7 SYSTEMPATH\rewrite.php(44): require_once('C:\\xampp\\htdocs\\cicemilankayo\\public\\index.php')
WARNING - 2025-12-16 08:26:51 --> [DEPRECATED] Creation of dynamic property App\Controllers\Layanan::$nama is deprecated in APPPATH\Controllers\BaseController.php on line 44.
 1 SYSTEMPATH\CodeIgniter.php(904): App\Controllers\BaseController->initController(Object(CodeIgniter\HTTP\IncomingRequest), Object(CodeIgniter\HTTP\Response), Object(CodeIgniter\Log\Logger))
 2 SYSTEMPATH\CodeIgniter.php(498): CodeIgniter\CodeIgniter->createController()
 3 SYSTEMPATH\CodeIgniter.php(354): CodeIgniter\CodeIgniter->handleRequest(null, Object(Config\Cache), false)
 4 SYSTEMPATH\Boot.php(363): CodeIgniter\CodeIgniter->run()
 5 SYSTEMPATH\Boot.php(68): CodeIgniter\Boot::runCodeIgniter(Object(CodeIgniter\CodeIgniter))
 6 FCPATH\index.php(59): CodeIgniter\Boot::bootWeb(Object(Config\Paths))
 7 SYSTEMPATH\rewrite.php(44): require_once('C:\\xampp\\htdocs\\cicemilankayo\\public\\index.php')
WARNING - 2025-12-16 08:26:52 --> [DEPRECATED] Creation of dynamic property App\Controllers\Beranda::$nama is deprecated in APPPATH\Controllers\BaseController.php on line 44.
 1 SYSTEMPATH\CodeIgniter.php(904): App\Controllers\BaseController->initController(Object(CodeIgniter\HTTP\IncomingRequest), Object(CodeIgniter\HTTP\Response), Object(CodeIgniter\Log\Logger))
 2 SYSTEMPATH\CodeIgniter.php(498): CodeIgniter\CodeIgniter->createController()
 3 SYSTEMPATH\CodeIgniter.php(354): CodeIgniter\CodeIgniter->handleRequest(null, Object(Config\Cache), false)
 4 SYSTEMPATH\Boot.php(363): CodeIgniter\CodeIgniter->run()
 5 SYSTEMPATH\Boot.php(68): CodeIgniter\Boot::runCodeIgniter(Object(CodeIgniter\CodeIgniter))
 6 FCPATH\index.php(59): CodeIgniter\Boot::bootWeb(Object(Config\Paths))
 7 SYSTEMPATH\rewrite.php(44): require_once('C:\\xampp\\htdocs\\cicemilankayo\\public\\index.php')
WARNING - 2025-12-16 08:26:54 --> [DEPRECATED] Creation of dynamic property App\Controllers\Layanan::$nama is deprecated in APPPATH\Controllers\BaseController.php on line 44.
 1 SYSTEMPATH\CodeIgniter.php(904): App\Controllers\BaseController->initController(Object(CodeIgniter\HTTP\IncomingRequest), Object(CodeIgniter\HTTP\Response), Object(CodeIgniter\Log\Logger))
 2 SYSTEMPATH\CodeIgniter.php(498): CodeIgniter\CodeIgniter->createController()
 3 SYSTEMPATH\CodeIgniter.php(354): CodeIgniter\CodeIgniter->handleRequest(null, Object(Config\Cache), false)
 4 SYSTEMPATH\Boot.php(363): CodeIgniter\CodeIgniter->run()
 5 SYSTEMPATH\Boot.php(68): CodeIgniter\Boot::runCodeIgniter(Object(CodeIgniter\CodeIgniter))
 6 FCPATH\index.php(59): CodeIgniter\Boot::bootWeb(Object(Config\Paths))
 7 SYSTEMPATH\rewrite.php(44): require_once('C:\\xampp\\htdocs\\cicemilankayo\\public\\index.php')
WARNING - 2025-12-16 08:26:56 --> [DEPRECATED] Creation of dynamic property App\Controllers\Portofolio::$nama is deprecated in APPPATH\Controllers\BaseController.php on line 44.
 1 SYSTEMPATH\CodeIgniter.php(904): App\Controllers\BaseController->initController(Object(CodeIgniter\HTTP\IncomingRequest), Object(CodeIgniter\HTTP\Response), Object(CodeIgniter\Log\Logger))
 2 SYSTEMPATH\CodeIgniter.php(498): CodeIgniter\CodeIgniter->createController()
 3 SYSTEMPATH\CodeIgniter.php(354): CodeIgniter\CodeIgniter->handleRequest(null, Object(Config\Cache), false)
 4 SYSTEMPATH\Boot.php(363): CodeIgniter\CodeIgniter->run()
 5 SYSTEMPATH\Boot.php(68): CodeIgniter\Boot::runCodeIgniter(Object(CodeIgniter\CodeIgniter))
 6 FCPATH\index.php(59): CodeIgniter\Boot::bootWeb(Object(Config\Paths))
 7 SYSTEMPATH\rewrite.php(44): require_once('C:\\xampp\\htdocs\\cicemilankayo\\public\\index.php')
WARNING - 2025-12-16 08:26:57 --> [DEPRECATED] Creation of dynamic property App\Controllers\Layanan::$nama is deprecated in APPPATH\Controllers\BaseController.php on line 44.
 1 SYSTEMPATH\CodeIgniter.php(904): App\Controllers\BaseController->initController(Object(CodeIgniter\HTTP\IncomingRequest), Object(CodeIgniter\HTTP\Response), Object(CodeIgniter\Log\Logger))
 2 SYSTEMPATH\CodeIgniter.php(498): CodeIgniter\CodeIgniter->createController()
 3 SYSTEMPATH\CodeIgniter.php(354): CodeIgniter\CodeIgniter->handleRequest(null, Object(Config\Cache), false)
 4 SYSTEMPATH\Boot.php(363): CodeIgniter\CodeIgniter->run()
 5 SYSTEMPATH\Boot.php(68): CodeIgniter\Boot::runCodeIgniter(Object(CodeIgniter\CodeIgniter))
 6 FCPATH\index.php(59): CodeIgniter\Boot::bootWeb(Object(Config\Paths))
 7 SYSTEMPATH\rewrite.php(44): require_once('C:\\xampp\\htdocs\\cicemilankayo\\public\\index.php')
WARNING - 2025-12-16 08:26:58 --> [DEPRECATED] Creation of dynamic property App\Controllers\Home::$nama is deprecated in APPPATH\Controllers\BaseController.php on line 44.
 1 SYSTEMPATH\CodeIgniter.php(904): App\Controllers\BaseController->initController(Object(CodeIgniter\HTTP\IncomingRequest), Object(CodeIgniter\HTTP\Response), Object(CodeIgniter\Log\Logger))
 2 SYSTEMPATH\CodeIgniter.php(498): CodeIgniter\CodeIgniter->createController()
 3 SYSTEMPATH\CodeIgniter.php(354): CodeIgniter\CodeIgniter->handleRequest(null, Object(Config\Cache), false)
 4 SYSTEMPATH\Boot.php(363): CodeIgniter\CodeIgniter->run()
 5 SYSTEMPATH\Boot.php(68): CodeIgniter\Boot::runCodeIgniter(Object(CodeIgniter\CodeIgniter))
 6 FCPATH\index.php(59): CodeIgniter\Boot::bootWeb(Object(Config\Paths))
 7 SYSTEMPATH\rewrite.php(44): require_once('C:\\xampp\\htdocs\\cicemilankayo\\public\\index.php')
WARNING - 2025-12-16 08:27:00 --> [DEPRECATED] Creation of dynamic property App\Controllers\Portofolio::$nama is deprecated in APPPATH\Controllers\BaseController.php on line 44.
 1 SYSTEMPATH\CodeIgniter.php(904): App\Controllers\BaseController->initController(Object(CodeIgniter\HTTP\IncomingRequest), Object(CodeIgniter\HTTP\Response), Object(CodeIgniter\Log\Logger))
 2 SYSTEMPATH\CodeIgniter.php(498): CodeIgniter\CodeIgniter->createController()
 3 SYSTEMPATH\CodeIgniter.php(354): CodeIgniter\CodeIgniter->handleRequest(null, Object(Config\Cache), false)
 4 SYSTEMPATH\Boot.php(363): CodeIgniter\CodeIgniter->run()
 5 SYSTEMPATH\Boot.php(68): CodeIgniter\Boot::runCodeIgniter(Object(CodeIgniter\CodeIgniter))
 6 FCPATH\index.php(59): CodeIgniter\Boot::bootWeb(Object(Config\Paths))
 7 SYSTEMPATH\rewrite.php(44): require_once('C:\\xampp\\htdocs\\cicemilankayo\\public\\index.php')
WARNING - 2025-12-16 08:27:01 --> [DEPRECATED] Creation of dynamic property App\Controllers\Home::$nama is deprecated in APPPATH\Controllers\BaseController.php on line 44.
 1 SYSTEMPATH\CodeIgniter.php(904): App\Controllers\BaseController->initController(Object(CodeIgniter\HTTP\IncomingRequest), Object(CodeIgniter\HTTP\Response), Object(CodeIgniter\Log\Logger))
 2 SYSTEMPATH\CodeIgniter.php(498): CodeIgniter\CodeIgniter->createController()
 3 SYSTEMPATH\CodeIgniter.php(354): CodeIgniter\CodeIgniter->handleRequest(null, Object(Config\Cache), false)
 4 SYSTEMPATH\Boot.php(363): CodeIgniter\CodeIgniter->run()
 5 SYSTEMPATH\Boot.php(68): CodeIgniter\Boot::runCodeIgniter(Object(CodeIgniter\CodeIgniter))
 6 FCPATH\index.php(59): CodeIgniter\Boot::bootWeb(Object(Config\Paths))
 7 SYSTEMPATH\rewrite.php(44): require_once('C:\\xampp\\htdocs\\cicemilankayo\\public\\index.php')
WARNING - 2025-12-16 08:35:34 --> [DEPRECATED] Creation of dynamic property App\Controllers\Layanan::$nama is deprecated in APPPATH\Controllers\BaseController.php on line 44.
 1 SYSTEMPATH\CodeIgniter.php(904): App\Controllers\BaseController->initController(Object(CodeIgniter\HTTP\IncomingRequest), Object(CodeIgniter\HTTP\Response), Object(CodeIgniter\Log\Logger))
 2 SYSTEMPATH\CodeIgniter.php(498): CodeIgniter\CodeIgniter->createController()
 3 SYSTEMPATH\CodeIgniter.php(354): CodeIgniter\CodeIgniter->handleRequest(null, Object(Config\Cache), false)
 4 SYSTEMPATH\Boot.php(363): CodeIgniter\CodeIgniter->run()
 5 SYSTEMPATH\Boot.php(68): CodeIgniter\Boot::runCodeIgniter(Object(CodeIgniter\CodeIgniter))
 6 FCPATH\index.php(59): CodeIgniter\Boot::bootWeb(Object(Config\Paths))
 7 SYSTEMPATH\rewrite.php(44): require_once('C:\\xampp\\htdocs\\cicemilankayo\\public\\index.php')
WARNING - 2025-12-16 08:35:36 --> [DEPRECATED] Creation of dynamic property App\Controllers\Layanan::$nama is deprecated in APPPATH\Controllers\BaseController.php on line 44.
 1 SYSTEMPATH\CodeIgniter.php(904): App\Controllers\BaseController->initController(Object(CodeIgniter\HTTP\IncomingRequest), Object(CodeIgniter\HTTP\Response), Object(CodeIgniter\Log\Logger))
 2 SYSTEMPATH\CodeIgniter.php(498): CodeIgniter\CodeIgniter->createController()
 3 SYSTEMPATH\CodeIgniter.php(354): CodeIgniter\CodeIgniter->handleRequest(null, Object(Config\Cache), false)
 4 SYSTEMPATH\Boot.php(363): CodeIgniter\CodeIgniter->run()
 5 SYSTEMPATH\Boot.php(68): CodeIgniter\Boot::runCodeIgniter(Object(CodeIgniter\CodeIgniter))
 6 FCPATH\index.php(59): CodeIgniter\Boot::bootWeb(Object(Config\Paths))
 7 SYSTEMPATH\rewrite.php(44): require_once('C:\\xampp\\htdocs\\cicemilankayo\\public\\index.php')
WARNING - 2025-12-16 08:35:38 --> [DEPRECATED] Creation of dynamic property App\Controllers\Layanan::$nama is deprecated in APPPATH\Controllers\BaseController.php on line 44.
 1 SYSTEMPATH\CodeIgniter.php(904): App\Controllers\BaseController->initController(Object(CodeIgniter\HTTP\IncomingRequest), Object(CodeIgniter\HTTP\Response), Object(CodeIgniter\Log\Logger))
 2 SYSTEMPATH\CodeIgniter.php(498): CodeIgniter\CodeIgniter->createController()
 3 SYSTEMPATH\CodeIgniter.php(354): CodeIgniter\CodeIgniter->handleRequest(null, Object(Config\Cache), false)
 4 SYSTEMPATH\Boot.php(363): CodeIgniter\CodeIgniter->run()
 5 SYSTEMPATH\Boot.php(68): CodeIgniter\Boot::runCodeIgniter(Object(CodeIgniter\CodeIgniter))
 6 FCPATH\index.php(59): CodeIgniter\Boot::bootWeb(Object(Config\Paths))
 7 SYSTEMPATH\rewrite.php(44): require_once('C:\\xampp\\htdocs\\cicemilankayo\\public\\index.php')
WARNING - 2025-12-16 08:35:39 --> [DEPRECATED] Creation of dynamic property App\Controllers\Layanan::$nama is deprecated in APPPATH\Controllers\BaseController.php on line 44.
 1 SYSTEMPATH\CodeIgniter.php(904): App\Controllers\BaseController->initController(Object(CodeIgniter\HTTP\IncomingRequest), Object(CodeIgniter\HTTP\Response), Object(CodeIgniter\Log\Logger))
 2 SYSTEMPATH\CodeIgniter.php(498): CodeIgniter\CodeIgniter->createController()
 3 SYSTEMPATH\CodeIgniter.php(354): CodeIgniter\CodeIgniter->handleRequest(null, Object(Config\Cache), false)
 4 SYSTEMPATH\Boot.php(363): CodeIgniter\CodeIgniter->run()
 5 SYSTEMPATH\Boot.php(68): CodeIgniter\Boot::runCodeIgniter(Object(CodeIgniter\CodeIgniter))
 6 FCPATH\index.php(59): CodeIgniter\Boot::bootWeb(Object(Config\Paths))
 7 SYSTEMPATH\rewrite.php(44): require_once('C:\\xampp\\htdocs\\cicemilankayo\\public\\index.php')
WARNING - 2025-12-16 08:35:48 --> [DEPRECATED] Creation of dynamic property App\Controllers\Layanan::$nama is deprecated in APPPATH\Controllers\BaseController.php on line 44.
 1 SYSTEMPATH\CodeIgniter.php(904): App\Controllers\BaseController->initController(Object(CodeIgniter\HTTP\IncomingRequest), Object(CodeIgniter\HTTP\Response), Object(CodeIgniter\Log\Logger))
 2 SYSTEMPATH\CodeIgniter.php(498): CodeIgniter\CodeIgniter->createController()
 3 SYSTEMPATH\CodeIgniter.php(354): CodeIgniter\CodeIgniter->handleRequest(null, Object(Config\Cache), false)
 4 SYSTEMPATH\Boot.php(363): CodeIgniter\CodeIgniter->run()
 5 SYSTEMPATH\Boot.php(68): CodeIgniter\Boot::runCodeIgniter(Object(CodeIgniter\CodeIgniter))
 6 FCPATH\index.php(59): CodeIgniter\Boot::bootWeb(Object(Config\Paths))
 7 SYSTEMPATH\rewrite.php(44): require_once('C:\\xampp\\htdocs\\cicemilankayo\\public\\index.php')
WARNING - 2025-12-16 08:36:31 --> [DEPRECATED] Creation of dynamic property App\Controllers\Layanan::$nama is deprecated in APPPATH\Controllers\BaseController.php on line 44.
 1 SYSTEMPATH\CodeIgniter.php(904): App\Controllers\BaseController->initController(Object(CodeIgniter\HTTP\IncomingRequest), Object(CodeIgniter\HTTP\Response), Object(CodeIgniter\Log\Logger))
 2 SYSTEMPATH\CodeIgniter.php(498): CodeIgniter\CodeIgniter->createController()
 3 SYSTEMPATH\CodeIgniter.php(354): CodeIgniter\CodeIgniter->handleRequest(null, Object(Config\Cache), false)
 4 SYSTEMPATH\Boot.php(363): CodeIgniter\CodeIgniter->run()
 5 SYSTEMPATH\Boot.php(68): CodeIgniter\Boot::runCodeIgniter(Object(CodeIgniter\CodeIgniter))
 6 FCPATH\index.php(59): CodeIgniter\Boot::bootWeb(Object(Config\Paths))
 7 SYSTEMPATH\rewrite.php(44): require_once('C:\\xampp\\htdocs\\cicemilankayo\\public\\index.php')
WARNING - 2025-12-16 08:38:03 --> [DEPRECATED] Creation of dynamic property App\Controllers\Layanan::$nama is deprecated in APPPATH\Controllers\BaseController.php on line 44.
 1 SYSTEMPATH\CodeIgniter.php(904): App\Controllers\BaseController->initController(Object(CodeIgniter\HTTP\IncomingRequest), Object(CodeIgniter\HTTP\Response), Object(CodeIgniter\Log\Logger))
 2 SYSTEMPATH\CodeIgniter.php(498): CodeIgniter\CodeIgniter->createController()
 3 SYSTEMPATH\CodeIgniter.php(354): CodeIgniter\CodeIgniter->handleRequest(null, Object(Config\Cache), false)
 4 SYSTEMPATH\Boot.php(363): CodeIgniter\CodeIgniter->run()
 5 SYSTEMPATH\Boot.php(68): CodeIgniter\Boot::runCodeIgniter(Object(CodeIgniter\CodeIgniter))
 6 FCPATH\index.php(59): CodeIgniter\Boot::bootWeb(Object(Config\Paths))
 7 SYSTEMPATH\rewrite.php(44): require_once('C:\\xampp\\htdocs\\cicemilankayo\\public\\index.php')
WARNING - 2025-12-16 08:38:39 --> [DEPRECATED] Creation of dynamic property App\Controllers\Layanan::$nama is deprecated in APPPATH\Controllers\BaseController.php on line 44.
 1 SYSTEMPATH\CodeIgniter.php(904): App\Controllers\BaseController->initController(Object(CodeIgniter\HTTP\IncomingRequest), Object(CodeIgniter\HTTP\Response), Object(CodeIgniter\Log\Logger))
 2 SYSTEMPATH\CodeIgniter.php(498): CodeIgniter\CodeIgniter->createController()
 3 SYSTEMPATH\CodeIgniter.php(354): CodeIgniter\CodeIgniter->handleRequest(null, Object(Config\Cache), false)
 4 SYSTEMPATH\Boot.php(363): CodeIgniter\CodeIgniter->run()
 5 SYSTEMPATH\Boot.php(68): CodeIgniter\Boot::runCodeIgniter(Object(CodeIgniter\CodeIgniter))
 6 FCPATH\index.php(59): CodeIgniter\Boot::bootWeb(Object(Config\Paths))
 7 SYSTEMPATH\rewrite.php(44): require_once('C:\\xampp\\htdocs\\cicemilankayo\\public\\index.php')
WARNING - 2025-12-16 09:01:08 --> [DEPRECATED] Creation of dynamic property App\Controllers\Layanan::$nama is deprecated in APPPATH\Controllers\BaseController.php on line 44.
 1 SYSTEMPATH\CodeIgniter.php(904): App\Controllers\BaseController->initController(Object(CodeIgniter\HTTP\IncomingRequest), Object(CodeIgniter\HTTP\Response), Object(CodeIgniter\Log\Logger))
 2 SYSTEMPATH\CodeIgniter.php(498): CodeIgniter\CodeIgniter->createController()
 3 SYSTEMPATH\CodeIgniter.php(354): CodeIgniter\CodeIgniter->handleRequest(null, Object(Config\Cache), false)
 4 SYSTEMPATH\Boot.php(363): CodeIgniter\CodeIgniter->run()
 5 SYSTEMPATH\Boot.php(68): CodeIgniter\Boot::runCodeIgniter(Object(CodeIgniter\CodeIgniter))
 6 FCPATH\index.php(59): CodeIgniter\Boot::bootWeb(Object(Config\Paths))
 7 SYSTEMPATH\rewrite.php(44): require_once('C:\\xampp\\htdocs\\cicemilankayo\\public\\index.php')
WARNING - 2025-12-16 09:01:10 --> [DEPRECATED] Creation of dynamic property App\Controllers\Layanan::$nama is deprecated in APPPATH\Controllers\BaseController.php on line 44.
 1 SYSTEMPATH\CodeIgniter.php(904): App\Controllers\BaseController->initController(Object(CodeIgniter\HTTP\IncomingRequest), Object(CodeIgniter\HTTP\Response), Object(CodeIgniter\Log\Logger))
 2 SYSTEMPATH\CodeIgniter.php(498): CodeIgniter\CodeIgniter->createController()
 3 SYSTEMPATH\CodeIgniter.php(354): CodeIgniter\CodeIgniter->handleRequest(null, Object(Config\Cache), false)
 4 SYSTEMPATH\Boot.php(363): CodeIgniter\CodeIgniter->run()
 5 SYSTEMPATH\Boot.php(68): CodeIgniter\Boot::runCodeIgniter(Object(CodeIgniter\CodeIgniter))
 6 FCPATH\index.php(59): CodeIgniter\Boot::bootWeb(Object(Config\Paths))
 7 SYSTEMPATH\rewrite.php(44): require_once('C:\\xampp\\htdocs\\cicemilankayo\\public\\index.php')
WARNING - 2025-12-16 09:18:25 --> [DEPRECATED] Creation of dynamic property App\Controllers\Layanan::$nama is deprecated in APPPATH\Controllers\BaseController.php on line 44.
 1 SYSTEMPATH\CodeIgniter.php(904): App\Controllers\BaseController->initController(Object(CodeIgniter\HTTP\IncomingRequest), Object(CodeIgniter\HTTP\Response), Object(CodeIgniter\Log\Logger))
 2 SYSTEMPATH\CodeIgniter.php(498): CodeIgniter\CodeIgniter->createController()
 3 SYSTEMPATH\CodeIgniter.php(354): CodeIgniter\CodeIgniter->handleRequest(null, Object(Config\Cache), false)
 4 SYSTEMPATH\Boot.php(363): CodeIgniter\CodeIgniter->run()
 5 SYSTEMPATH\Boot.php(68): CodeIgniter\Boot::runCodeIgniter(Object(CodeIgniter\CodeIgniter))
 6 FCPATH\index.php(59): CodeIgniter\Boot::bootWeb(Object(Config\Paths))
 7 SYSTEMPATH\rewrite.php(44): require_once('C:\\xampp\\htdocs\\cicemilankayo\\public\\index.php')
WARNING - 2025-12-16 09:19:46 --> [DEPRECATED] Creation of dynamic property App\Controllers\Layanan::$nama is deprecated in APPPATH\Controllers\BaseController.php on line 44.
 1 SYSTEMPATH\CodeIgniter.php(904): App\Controllers\BaseController->initController(Object(CodeIgniter\HTTP\IncomingRequest), Object(CodeIgniter\HTTP\Response), Object(CodeIgniter\Log\Logger))
 2 SYSTEMPATH\CodeIgniter.php(498): CodeIgniter\CodeIgniter->createController()
 3 SYSTEMPATH\CodeIgniter.php(354): CodeIgniter\CodeIgniter->handleRequest(null, Object(Config\Cache), false)
 4 SYSTEMPATH\Boot.php(363): CodeIgniter\CodeIgniter->run()
 5 SYSTEMPATH\Boot.php(68): CodeIgniter\Boot::runCodeIgniter(Object(CodeIgniter\CodeIgniter))
 6 FCPATH\index.php(59): CodeIgniter\Boot::bootWeb(Object(Config\Paths))
 7 SYSTEMPATH\rewrite.php(44): require_once('C:\\xampp\\htdocs\\cicemilankayo\\public\\index.php')
WARNING - 2025-12-16 09:28:52 --> [DEPRECATED] Creation of dynamic property App\Controllers\Layanan::$nama is deprecated in APPPATH\Controllers\BaseController.php on line 44.
 1 SYSTEMPATH\CodeIgniter.php(904): App\Controllers\BaseController->initController(Object(CodeIgniter\HTTP\IncomingRequest), Object(CodeIgniter\HTTP\Response), Object(CodeIgniter\Log\Logger))
 2 SYSTEMPATH\CodeIgniter.php(498): CodeIgniter\CodeIgniter->createController()
 3 SYSTEMPATH\CodeIgniter.php(354): CodeIgniter\CodeIgniter->handleRequest(null, Object(Config\Cache), false)
 4 SYSTEMPATH\Boot.php(363): CodeIgniter\CodeIgniter->run()
 5 SYSTEMPATH\Boot.php(68): CodeIgniter\Boot::runCodeIgniter(Object(CodeIgniter\CodeIgniter))
 6 FCPATH\index.php(59): CodeIgniter\Boot::bootWeb(Object(Config\Paths))
 7 SYSTEMPATH\rewrite.php(44): require_once('C:\\xampp\\htdocs\\cicemilankayo\\public\\index.php')
WARNING - 2025-12-16 09:29:44 --> [DEPRECATED] Creation of dynamic property App\Controllers\Layanan::$nama is deprecated in APPPATH\Controllers\BaseController.php on line 44.
 1 SYSTEMPATH\CodeIgniter.php(904): App\Controllers\BaseController->initController(Object(CodeIgniter\HTTP\IncomingRequest), Object(CodeIgniter\HTTP\Response), Object(CodeIgniter\Log\Logger))
 2 SYSTEMPATH\CodeIgniter.php(498): CodeIgniter\CodeIgniter->createController()
 3 SYSTEMPATH\CodeIgniter.php(354): CodeIgniter\CodeIgniter->handleRequest(null, Object(Config\Cache), false)
 4 SYSTEMPATH\Boot.php(363): CodeIgniter\CodeIgniter->run()
 5 SYSTEMPATH\Boot.php(68): CodeIgniter\Boot::runCodeIgniter(Object(CodeIgniter\CodeIgniter))
 6 FCPATH\index.php(59): CodeIgniter\Boot::bootWeb(Object(Config\Paths))
 7 SYSTEMPATH\rewrite.php(44): require_once('C:\\xampp\\htdocs\\cicemilankayo\\public\\index.php')
WARNING - 2025-12-16 09:29:46 --> [DEPRECATED] Creation of dynamic property App\Controllers\Beranda::$nama is deprecated in APPPATH\Controllers\BaseController.php on line 44.
 1 SYSTEMPATH\CodeIgniter.php(904): App\Controllers\BaseController->initController(Object(CodeIgniter\HTTP\IncomingRequest), Object(CodeIgniter\HTTP\Response), Object(CodeIgniter\Log\Logger))
 2 SYSTEMPATH\CodeIgniter.php(498): CodeIgniter\CodeIgniter->createController()
 3 SYSTEMPATH\CodeIgniter.php(354): CodeIgniter\CodeIgniter->handleRequest(null, Object(Config\Cache), false)
 4 SYSTEMPATH\Boot.php(363): CodeIgniter\CodeIgniter->run()
 5 SYSTEMPATH\Boot.php(68): CodeIgniter\Boot::runCodeIgniter(Object(CodeIgniter\CodeIgniter))
 6 FCPATH\index.php(59): CodeIgniter\Boot::bootWeb(Object(Config\Paths))
 7 SYSTEMPATH\rewrite.php(44): require_once('C:\\xampp\\htdocs\\cicemilankayo\\public\\index.php')
WARNING - 2025-12-16 09:29:51 --> [DEPRECATED] Creation of dynamic property App\Controllers\Layanan::$nama is deprecated in APPPATH\Controllers\BaseController.php on line 44.
 1 SYSTEMPATH\CodeIgniter.php(904): App\Controllers\BaseController->initController(Object(CodeIgniter\HTTP\IncomingRequest), Object(CodeIgniter\HTTP\Response), Object(CodeIgniter\Log\Logger))
 2 SYSTEMPATH\CodeIgniter.php(498): CodeIgniter\CodeIgniter->createController()
 3 SYSTEMPATH\CodeIgniter.php(354): CodeIgniter\CodeIgniter->handleRequest(null, Object(Config\Cache), false)
 4 SYSTEMPATH\Boot.php(363): CodeIgniter\CodeIgniter->run()
 5 SYSTEMPATH\Boot.php(68): CodeIgniter\Boot::runCodeIgniter(Object(CodeIgniter\CodeIgniter))
 6 FCPATH\index.php(59): CodeIgniter\Boot::bootWeb(Object(Config\Paths))
 7 SYSTEMPATH\rewrite.php(44): require_once('C:\\xampp\\htdocs\\cicemilankayo\\public\\index.php')
WARNING - 2025-12-16 09:29:53 --> [DEPRECATED] Creation of dynamic property App\Controllers\Portofolio::$nama is deprecated in APPPATH\Controllers\BaseController.php on line 44.
 1 SYSTEMPATH\CodeIgniter.php(904): App\Controllers\BaseController->initController(Object(CodeIgniter\HTTP\IncomingRequest), Object(CodeIgniter\HTTP\Response), Object(CodeIgniter\Log\Logger))
 2 SYSTEMPATH\CodeIgniter.php(498): CodeIgniter\CodeIgniter->createController()
 3 SYSTEMPATH\CodeIgniter.php(354): CodeIgniter\CodeIgniter->handleRequest(null, Object(Config\Cache), false)
 4 SYSTEMPATH\Boot.php(363): CodeIgniter\CodeIgniter->run()
 5 SYSTEMPATH\Boot.php(68): CodeIgniter\Boot::runCodeIgniter(Object(CodeIgniter\CodeIgniter))
 6 FCPATH\index.php(59): CodeIgniter\Boot::bootWeb(Object(Config\Paths))
 7 SYSTEMPATH\rewrite.php(44): require_once('C:\\xampp\\htdocs\\cicemilankayo\\public\\index.php')
WARNING - 2025-12-16 09:29:55 --> [DEPRECATED] Creation of dynamic property App\Controllers\Layanan::$nama is deprecated in APPPATH\Controllers\BaseController.php on line 44.
 1 SYSTEMPATH\CodeIgniter.php(904): App\Controllers\BaseController->initController(Object(CodeIgniter\HTTP\IncomingRequest), Object(CodeIgniter\HTTP\Response), Object(CodeIgniter\Log\Logger))
 2 SYSTEMPATH\CodeIgniter.php(498): CodeIgniter\CodeIgniter->createController()
 3 SYSTEMPATH\CodeIgniter.php(354): CodeIgniter\CodeIgniter->handleRequest(null, Object(Config\Cache), false)
 4 SYSTEMPATH\Boot.php(363): CodeIgniter\CodeIgniter->run()
 5 SYSTEMPATH\Boot.php(68): CodeIgniter\Boot::runCodeIgniter(Object(CodeIgniter\CodeIgniter))
 6 FCPATH\index.php(59): CodeIgniter\Boot::bootWeb(Object(Config\Paths))
 7 SYSTEMPATH\rewrite.php(44): require_once('C:\\xampp\\htdocs\\cicemilankayo\\public\\index.php')
WARNING - 2025-12-16 09:30:18 --> [DEPRECATED] Creation of dynamic property App\Controllers\Layanan::$nama is deprecated in APPPATH\Controllers\BaseController.php on line 44.
 1 SYSTEMPATH\CodeIgniter.php(904): App\Controllers\BaseController->initController(Object(CodeIgniter\HTTP\IncomingRequest), Object(CodeIgniter\HTTP\Response), Object(CodeIgniter\Log\Logger))
 2 SYSTEMPATH\CodeIgniter.php(498): CodeIgniter\CodeIgniter->createController()
 3 SYSTEMPATH\CodeIgniter.php(354): CodeIgniter\CodeIgniter->handleRequest(null, Object(Config\Cache), false)
 4 SYSTEMPATH\Boot.php(363): CodeIgniter\CodeIgniter->run()
 5 SYSTEMPATH\Boot.php(68): CodeIgniter\Boot::runCodeIgniter(Object(CodeIgniter\CodeIgniter))
 6 FCPATH\index.php(59): CodeIgniter\Boot::bootWeb(Object(Config\Paths))
 7 SYSTEMPATH\rewrite.php(44): require_once('C:\\xampp\\htdocs\\cicemilankayo\\public\\index.php')
WARNING - 2025-12-16 09:30:28 --> [DEPRECATED] Creation of dynamic property App\Controllers\Layanan::$nama is deprecated in APPPATH\Controllers\BaseController.php on line 44.
 1 SYSTEMPATH\CodeIgniter.php(904): App\Controllers\BaseController->initController(Object(CodeIgniter\HTTP\IncomingRequest), Object(CodeIgniter\HTTP\Response), Object(CodeIgniter\Log\Logger))
 2 SYSTEMPATH\CodeIgniter.php(498): CodeIgniter\CodeIgniter->createController()
 3 SYSTEMPATH\CodeIgniter.php(354): CodeIgniter\CodeIgniter->handleRequest(null, Object(Config\Cache), false)
 4 SYSTEMPATH\Boot.php(363): CodeIgniter\CodeIgniter->run()
 5 SYSTEMPATH\Boot.php(68): CodeIgniter\Boot::runCodeIgniter(Object(CodeIgniter\CodeIgniter))
 6 FCPATH\index.php(59): CodeIgniter\Boot::bootWeb(Object(Config\Paths))
 7 SYSTEMPATH\rewrite.php(44): require_once('C:\\xampp\\htdocs\\cicemilankayo\\public\\index.php')
WARNING - 2025-12-16 09:30:30 --> [DEPRECATED] Creation of dynamic property App\Controllers\Beranda::$nama is deprecated in APPPATH\Controllers\BaseController.php on line 44.
 1 SYSTEMPATH\CodeIgniter.php(904): App\Controllers\BaseController->initController(Object(CodeIgniter\HTTP\IncomingRequest), Object(CodeIgniter\HTTP\Response), Object(CodeIgniter\Log\Logger))
 2 SYSTEMPATH\CodeIgniter.php(498): CodeIgniter\CodeIgniter->createController()
 3 SYSTEMPATH\CodeIgniter.php(354): CodeIgniter\CodeIgniter->handleRequest(null, Object(Config\Cache), false)
 4 SYSTEMPATH\Boot.php(363): CodeIgniter\CodeIgniter->run()
 5 SYSTEMPATH\Boot.php(68): CodeIgniter\Boot::runCodeIgniter(Object(CodeIgniter\CodeIgniter))
 6 FCPATH\index.php(59): CodeIgniter\Boot::bootWeb(Object(Config\Paths))
 7 SYSTEMPATH\rewrite.php(44): require_once('C:\\xampp\\htdocs\\cicemilankayo\\public\\index.php')
WARNING - 2025-12-16 09:30:31 --> [DEPRECATED] Creation of dynamic property App\Controllers\Layanan::$nama is deprecated in APPPATH\Controllers\BaseController.php on line 44.
 1 SYSTEMPATH\CodeIgniter.php(904): App\Controllers\BaseController->initController(Object(CodeIgniter\HTTP\IncomingRequest), Object(CodeIgniter\HTTP\Response), Object(CodeIgniter\Log\Logger))
 2 SYSTEMPATH\CodeIgniter.php(498): CodeIgniter\CodeIgniter->createController()
 3 SYSTEMPATH\CodeIgniter.php(354): CodeIgniter\CodeIgniter->handleRequest(null, Object(Config\Cache), false)
 4 SYSTEMPATH\Boot.php(363): CodeIgniter\CodeIgniter->run()
 5 SYSTEMPATH\Boot.php(68): CodeIgniter\Boot::runCodeIgniter(Object(CodeIgniter\CodeIgniter))
 6 FCPATH\index.php(59): CodeIgniter\Boot::bootWeb(Object(Config\Paths))
 7 SYSTEMPATH\rewrite.php(44): require_once('C:\\xampp\\htdocs\\cicemilankayo\\public\\index.php')
WARNING - 2025-12-16 09:30:32 --> [DEPRECATED] Creation of dynamic property App\Controllers\Beranda::$nama is deprecated in APPPATH\Controllers\BaseController.php on line 44.
 1 SYSTEMPATH\CodeIgniter.php(904): App\Controllers\BaseController->initController(Object(CodeIgniter\HTTP\IncomingRequest), Object(CodeIgniter\HTTP\Response), Object(CodeIgniter\Log\Logger))
 2 SYSTEMPATH\CodeIgniter.php(498): CodeIgniter\CodeIgniter->createController()
 3 SYSTEMPATH\CodeIgniter.php(354): CodeIgniter\CodeIgniter->handleRequest(null, Object(Config\Cache), false)
 4 SYSTEMPATH\Boot.php(363): CodeIgniter\CodeIgniter->run()
 5 SYSTEMPATH\Boot.php(68): CodeIgniter\Boot::runCodeIgniter(Object(CodeIgniter\CodeIgniter))
 6 FCPATH\index.php(59): CodeIgniter\Boot::bootWeb(Object(Config\Paths))
 7 SYSTEMPATH\rewrite.php(44): require_once('C:\\xampp\\htdocs\\cicemilankayo\\public\\index.php')
WARNING - 2025-12-16 09:30:33 --> [DEPRECATED] Creation of dynamic property App\Controllers\Portofolio::$nama is deprecated in APPPATH\Controllers\BaseController.php on line 44.
 1 SYSTEMPATH\CodeIgniter.php(904): App\Controllers\BaseController->initController(Object(CodeIgniter\HTTP\IncomingRequest), Object(CodeIgniter\HTTP\Response), Object(CodeIgniter\Log\Logger))
 2 SYSTEMPATH\CodeIgniter.php(498): CodeIgniter\CodeIgniter->createController()
 3 SYSTEMPATH\CodeIgniter.php(354): CodeIgniter\CodeIgniter->handleRequest(null, Object(Config\Cache), false)
 4 SYSTEMPATH\Boot.php(363): CodeIgniter\CodeIgniter->run()
 5 SYSTEMPATH\Boot.php(68): CodeIgniter\Boot::runCodeIgniter(Object(CodeIgniter\CodeIgniter))
 6 FCPATH\index.php(59): CodeIgniter\Boot::bootWeb(Object(Config\Paths))
 7 SYSTEMPATH\rewrite.php(44): require_once('C:\\xampp\\htdocs\\cicemilankayo\\public\\index.php')
WARNING - 2025-12-16 09:30:34 --> [DEPRECATED] Creation of dynamic property App\Controllers\Layanan::$nama is deprecated in APPPATH\Controllers\BaseController.php on line 44.
 1 SYSTEMPATH\CodeIgniter.php(904): App\Controllers\BaseController->initController(Object(CodeIgniter\HTTP\IncomingRequest), Object(CodeIgniter\HTTP\Response), Object(CodeIgniter\Log\Logger))
 2 SYSTEMPATH\CodeIgniter.php(498): CodeIgniter\CodeIgniter->createController()
 3 SYSTEMPATH\CodeIgniter.php(354): CodeIgniter\CodeIgniter->handleRequest(null, Object(Config\Cache), false)
 4 SYSTEMPATH\Boot.php(363): CodeIgniter\CodeIgniter->run()
 5 SYSTEMPATH\Boot.php(68): CodeIgniter\Boot::runCodeIgniter(Object(CodeIgniter\CodeIgniter))
 6 FCPATH\index.php(59): CodeIgniter\Boot::bootWeb(Object(Config\Paths))
 7 SYSTEMPATH\rewrite.php(44): require_once('C:\\xampp\\htdocs\\cicemilankayo\\public\\index.php')
WARNING - 2025-12-16 09:30:51 --> [DEPRECATED] Creation of dynamic property App\Controllers\Layanan::$nama is deprecated in APPPATH\Controllers\BaseController.php on line 44.
 1 SYSTEMPATH\CodeIgniter.php(904): App\Controllers\BaseController->initController(Object(CodeIgniter\HTTP\IncomingRequest), Object(CodeIgniter\HTTP\Response), Object(CodeIgniter\Log\Logger))
 2 SYSTEMPATH\CodeIgniter.php(498): CodeIgniter\CodeIgniter->createController()
 3 SYSTEMPATH\CodeIgniter.php(354): CodeIgniter\CodeIgniter->handleRequest(null, Object(Config\Cache), false)
 4 SYSTEMPATH\Boot.php(363): CodeIgniter\CodeIgniter->run()
 5 SYSTEMPATH\Boot.php(68): CodeIgniter\Boot::runCodeIgniter(Object(CodeIgniter\CodeIgniter))
 6 FCPATH\index.php(59): CodeIgniter\Boot::bootWeb(Object(Config\Paths))
 7 SYSTEMPATH\rewrite.php(44): require_once('C:\\xampp\\htdocs\\cicemilankayo\\public\\index.php')
WARNING - 2025-12-16 09:33:11 --> [DEPRECATED] Creation of dynamic property App\Controllers\Layanan::$nama is deprecated in APPPATH\Controllers\BaseController.php on line 44.
 1 SYSTEMPATH\CodeIgniter.php(904): App\Controllers\BaseController->initController(Object(CodeIgniter\HTTP\IncomingRequest), Object(CodeIgniter\HTTP\Response), Object(CodeIgniter\Log\Logger))
 2 SYSTEMPATH\CodeIgniter.php(498): CodeIgniter\CodeIgniter->createController()
 3 SYSTEMPATH\CodeIgniter.php(354): CodeIgniter\CodeIgniter->handleRequest(null, Object(Config\Cache), false)
 4 SYSTEMPATH\Boot.php(363): CodeIgniter\CodeIgniter->run()
 5 SYSTEMPATH\Boot.php(68): CodeIgniter\Boot::runCodeIgniter(Object(CodeIgniter\CodeIgniter))
 6 FCPATH\index.php(59): CodeIgniter\Boot::bootWeb(Object(Config\Paths))
 7 SYSTEMPATH\rewrite.php(44): require_once('C:\\xampp\\htdocs\\cicemilankayo\\public\\index.php')
WARNING - 2025-12-16 09:34:15 --> [DEPRECATED] Creation of dynamic property App\Controllers\Layanan::$nama is deprecated in APPPATH\Controllers\BaseController.php on line 44.
 1 SYSTEMPATH\CodeIgniter.php(904): App\Controllers\BaseController->initController(Object(CodeIgniter\HTTP\IncomingRequest), Object(CodeIgniter\HTTP\Response), Object(CodeIgniter\Log\Logger))
 2 SYSTEMPATH\CodeIgniter.php(498): CodeIgniter\CodeIgniter->createController()
 3 SYSTEMPATH\CodeIgniter.php(354): CodeIgniter\CodeIgniter->handleRequest(null, Object(Config\Cache), false)
 4 SYSTEMPATH\Boot.php(363): CodeIgniter\CodeIgniter->run()
 5 SYSTEMPATH\Boot.php(68): CodeIgniter\Boot::runCodeIgniter(Object(CodeIgniter\CodeIgniter))
 6 FCPATH\index.php(59): CodeIgniter\Boot::bootWeb(Object(Config\Paths))
 7 SYSTEMPATH\rewrite.php(44): require_once('C:\\xampp\\htdocs\\cicemilankayo\\public\\index.php')
WARNING - 2025-12-16 09:34:17 --> [DEPRECATED] Creation of dynamic property App\Controllers\Layanan::$nama is deprecated in APPPATH\Controllers\BaseController.php on line 44.
 1 SYSTEMPATH\CodeIgniter.php(904): App\Controllers\BaseController->initController(Object(CodeIgniter\HTTP\IncomingRequest), Object(CodeIgniter\HTTP\Response), Object(CodeIgniter\Log\Logger))
 2 SYSTEMPATH\CodeIgniter.php(498): CodeIgniter\CodeIgniter->createController()
 3 SYSTEMPATH\CodeIgniter.php(354): CodeIgniter\CodeIgniter->handleRequest(null, Object(Config\Cache), false)
 4 SYSTEMPATH\Boot.php(363): CodeIgniter\CodeIgniter->run()
 5 SYSTEMPATH\Boot.php(68): CodeIgniter\Boot::runCodeIgniter(Object(CodeIgniter\CodeIgniter))
 6 FCPATH\index.php(59): CodeIgniter\Boot::bootWeb(Object(Config\Paths))
 7 SYSTEMPATH\rewrite.php(44): require_once('C:\\xampp\\htdocs\\cicemilankayo\\public\\index.php')
WARNING - 2025-12-16 09:39:00 --> [DEPRECATED] Creation of dynamic property App\Controllers\Layanan::$nama is deprecated in APPPATH\Controllers\BaseController.php on line 44.
 1 SYSTEMPATH\CodeIgniter.php(904): App\Controllers\BaseController->initController(Object(CodeIgniter\HTTP\IncomingRequest), Object(CodeIgniter\HTTP\Response), Object(CodeIgniter\Log\Logger))
 2 SYSTEMPATH\CodeIgniter.php(498): CodeIgniter\CodeIgniter->createController()
 3 SYSTEMPATH\CodeIgniter.php(354): CodeIgniter\CodeIgniter->handleRequest(null, Object(Config\Cache), false)
 4 SYSTEMPATH\Boot.php(363): CodeIgniter\CodeIgniter->run()
 5 SYSTEMPATH\Boot.php(68): CodeIgniter\Boot::runCodeIgniter(Object(CodeIgniter\CodeIgniter))
 6 FCPATH\index.php(59): CodeIgniter\Boot::bootWeb(Object(Config\Paths))
 7 SYSTEMPATH\rewrite.php(44): require_once('C:\\xampp\\htdocs\\cicemilankayo\\public\\index.php')
WARNING - 2025-12-16 09:39:31 --> [DEPRECATED] Creation of dynamic property App\Controllers\Layanan::$nama is deprecated in APPPATH\Controllers\BaseController.php on line 44.
 1 SYSTEMPATH\CodeIgniter.php(904): App\Controllers\BaseController->initController(Object(CodeIgniter\HTTP\IncomingRequest), Object(CodeIgniter\HTTP\Response), Object(CodeIgniter\Log\Logger))
 2 SYSTEMPATH\CodeIgniter.php(498): CodeIgniter\CodeIgniter->createController()
 3 SYSTEMPATH\CodeIgniter.php(354): CodeIgniter\CodeIgniter->handleRequest(null, Object(Config\Cache), false)
 4 SYSTEMPATH\Boot.php(363): CodeIgniter\CodeIgniter->run()
 5 SYSTEMPATH\Boot.php(68): CodeIgniter\Boot::runCodeIgniter(Object(CodeIgniter\CodeIgniter))
 6 FCPATH\index.php(59): CodeIgniter\Boot::bootWeb(Object(Config\Paths))
 7 SYSTEMPATH\rewrite.php(44): require_once('C:\\xampp\\htdocs\\cicemilankayo\\public\\index.php')
WARNING - 2025-12-16 09:41:09 --> [DEPRECATED] Creation of dynamic property App\Controllers\Beranda::$nama is deprecated in APPPATH\Controllers\BaseController.php on line 44.
 1 SYSTEMPATH\CodeIgniter.php(904): App\Controllers\BaseController->initController(Object(CodeIgniter\HTTP\IncomingRequest), Object(CodeIgniter\HTTP\Response), Object(CodeIgniter\Log\Logger))
 2 SYSTEMPATH\CodeIgniter.php(498): CodeIgniter\CodeIgniter->createController()
 3 SYSTEMPATH\CodeIgniter.php(354): CodeIgniter\CodeIgniter->handleRequest(null, Object(Config\Cache), false)
 4 SYSTEMPATH\Boot.php(363): CodeIgniter\CodeIgniter->run()
 5 SYSTEMPATH\Boot.php(68): CodeIgniter\Boot::runCodeIgniter(Object(CodeIgniter\CodeIgniter))
 6 FCPATH\index.php(59): CodeIgniter\Boot::bootWeb(Object(Config\Paths))
 7 SYSTEMPATH\rewrite.php(44): require_once('C:\\xampp\\htdocs\\cicemilankayo\\public\\index.php')
WARNING - 2025-12-16 09:41:11 --> [DEPRECATED] Creation of dynamic property App\Controllers\Layanan::$nama is deprecated in APPPATH\Controllers\BaseController.php on line 44.
 1 SYSTEMPATH\CodeIgniter.php(904): App\Controllers\BaseController->initController(Object(CodeIgniter\HTTP\IncomingRequest), Object(CodeIgniter\HTTP\Response), Object(CodeIgniter\Log\Logger))
 2 SYSTEMPATH\CodeIgniter.php(498): CodeIgniter\CodeIgniter->createController()
 3 SYSTEMPATH\CodeIgniter.php(354): CodeIgniter\CodeIgniter->handleRequest(null, Object(Config\Cache), false)
 4 SYSTEMPATH\Boot.php(363): CodeIgniter\CodeIgniter->run()
 5 SYSTEMPATH\Boot.php(68): CodeIgniter\Boot::runCodeIgniter(Object(CodeIgniter\CodeIgniter))
 6 FCPATH\index.php(59): CodeIgniter\Boot::bootWeb(Object(Config\Paths))
 7 SYSTEMPATH\rewrite.php(44): require_once('C:\\xampp\\htdocs\\cicemilankayo\\public\\index.php')
WARNING - 2025-12-16 09:42:22 --> [DEPRECATED] Creation of dynamic property App\Controllers\Layanan::$nama is deprecated in APPPATH\Controllers\BaseController.php on line 44.
 1 SYSTEMPATH\CodeIgniter.php(904): App\Controllers\BaseController->initController(Object(CodeIgniter\HTTP\IncomingRequest), Object(CodeIgniter\HTTP\Response), Object(CodeIgniter\Log\Logger))
 2 SYSTEMPATH\CodeIgniter.php(498): CodeIgniter\CodeIgniter->createController()
 3 SYSTEMPATH\CodeIgniter.php(354): CodeIgniter\CodeIgniter->handleRequest(null, Object(Config\Cache), false)
 4 SYSTEMPATH\Boot.php(363): CodeIgniter\CodeIgniter->run()
 5 SYSTEMPATH\Boot.php(68): CodeIgniter\Boot::runCodeIgniter(Object(CodeIgniter\CodeIgniter))
 6 FCPATH\index.php(59): CodeIgniter\Boot::bootWeb(Object(Config\Paths))
 7 SYSTEMPATH\rewrite.php(44): require_once('C:\\xampp\\htdocs\\cicemilankayo\\public\\index.php')
WARNING - 2025-12-16 09:44:04 --> [DEPRECATED] Creation of dynamic property App\Controllers\Layanan::$nama is deprecated in APPPATH\Controllers\BaseController.php on line 44.
 1 SYSTEMPATH\CodeIgniter.php(904): App\Controllers\BaseController->initController(Object(CodeIgniter\HTTP\IncomingRequest), Object(CodeIgniter\HTTP\Response), Object(CodeIgniter\Log\Logger))
 2 SYSTEMPATH\CodeIgniter.php(498): CodeIgniter\CodeIgniter->createController()
 3 SYSTEMPATH\CodeIgniter.php(354): CodeIgniter\CodeIgniter->handleRequest(null, Object(Config\Cache), false)
 4 SYSTEMPATH\Boot.php(363): CodeIgniter\CodeIgniter->run()
 5 SYSTEMPATH\Boot.php(68): CodeIgniter\Boot::runCodeIgniter(Object(CodeIgniter\CodeIgniter))
 6 FCPATH\index.php(59): CodeIgniter\Boot::bootWeb(Object(Config\Paths))
 7 SYSTEMPATH\rewrite.php(44): require_once('C:\\xampp\\htdocs\\cicemilankayo\\public\\index.php')
WARNING - 2025-12-16 09:52:32 --> [DEPRECATED] Creation of dynamic property App\Controllers\Layanan::$nama is deprecated in APPPATH\Controllers\BaseController.php on line 44.
 1 SYSTEMPATH\CodeIgniter.php(904): App\Controllers\BaseController->initController(Object(CodeIgniter\HTTP\IncomingRequest), Object(CodeIgniter\HTTP\Response), Object(CodeIgniter\Log\Logger))
 2 SYSTEMPATH\CodeIgniter.php(498): CodeIgniter\CodeIgniter->createController()
 3 SYSTEMPATH\CodeIgniter.php(354): CodeIgniter\CodeIgniter->handleRequest(null, Object(Config\Cache), false)
 4 SYSTEMPATH\Boot.php(363): CodeIgniter\CodeIgniter->run()
 5 SYSTEMPATH\Boot.php(68): CodeIgniter\Boot::runCodeIgniter(Object(CodeIgniter\CodeIgniter))
 6 FCPATH\index.php(59): CodeIgniter\Boot::bootWeb(Object(Config\Paths))
 7 SYSTEMPATH\rewrite.php(44): require_once('C:\\xampp\\htdocs\\cicemilankayo\\public\\index.php')
WARNING - 2025-12-16 09:52:33 --> [DEPRECATED] Creation of dynamic property App\Controllers\Produk::$nama is deprecated in APPPATH\Controllers\BaseController.php on line 44.
 1 SYSTEMPATH\CodeIgniter.php(904): App\Controllers\BaseController->initController(Object(CodeIgniter\HTTP\IncomingRequest), Object(CodeIgniter\HTTP\Response), Object(CodeIgniter\Log\Logger))
 2 SYSTEMPATH\CodeIgniter.php(498): CodeIgniter\CodeIgniter->createController()
 3 SYSTEMPATH\CodeIgniter.php(354): CodeIgniter\CodeIgniter->handleRequest(null, Object(Config\Cache), false)
 4 SYSTEMPATH\Boot.php(363): CodeIgniter\CodeIgniter->run()
 5 SYSTEMPATH\Boot.php(68): CodeIgniter\Boot::runCodeIgniter(Object(CodeIgniter\CodeIgniter))
 6 FCPATH\index.php(59): CodeIgniter\Boot::bootWeb(Object(Config\Paths))
 7 SYSTEMPATH\rewrite.php(44): require_once('C:\\xampp\\htdocs\\cicemilankayo\\public\\index.php')
WARNING - 2025-12-16 09:52:41 --> [DEPRECATED] Creation of dynamic property App\Controllers\Layanan::$nama is deprecated in APPPATH\Controllers\BaseController.php on line 44.
 1 SYSTEMPATH\CodeIgniter.php(904): App\Controllers\BaseController->initController(Object(CodeIgniter\HTTP\IncomingRequest), Object(CodeIgniter\HTTP\Response), Object(CodeIgniter\Log\Logger))
 2 SYSTEMPATH\CodeIgniter.php(498): CodeIgniter\CodeIgniter->createController()
 3 SYSTEMPATH\CodeIgniter.php(354): CodeIgniter\CodeIgniter->handleRequest(null, Object(Config\Cache), false)
 4 SYSTEMPATH\Boot.php(363): CodeIgniter\CodeIgniter->run()
 5 SYSTEMPATH\Boot.php(68): CodeIgniter\Boot::runCodeIgniter(Object(CodeIgniter\CodeIgniter))
 6 FCPATH\index.php(59): CodeIgniter\Boot::bootWeb(Object(Config\Paths))
 7 SYSTEMPATH\rewrite.php(44): require_once('C:\\xampp\\htdocs\\cicemilankayo\\public\\index.php')
WARNING - 2025-12-16 09:52:43 --> [DEPRECATED] Creation of dynamic property App\Controllers\Produk::$nama is deprecated in APPPATH\Controllers\BaseController.php on line 44.
 1 SYSTEMPATH\CodeIgniter.php(904): App\Controllers\BaseController->initController(Object(CodeIgniter\HTTP\IncomingRequest), Object(CodeIgniter\HTTP\Response), Object(CodeIgniter\Log\Logger))
 2 SYSTEMPATH\CodeIgniter.php(498): CodeIgniter\CodeIgniter->createController()
 3 SYSTEMPATH\CodeIgniter.php(354): CodeIgniter\CodeIgniter->handleRequest(null, Object(Config\Cache), false)
 4 SYSTEMPATH\Boot.php(363): CodeIgniter\CodeIgniter->run()
 5 SYSTEMPATH\Boot.php(68): CodeIgniter\Boot::runCodeIgniter(Object(CodeIgniter\CodeIgniter))
 6 FCPATH\index.php(59): CodeIgniter\Boot::bootWeb(Object(Config\Paths))
 7 SYSTEMPATH\rewrite.php(44): require_once('C:\\xampp\\htdocs\\cicemilankayo\\public\\index.php')
WARNING - 2025-12-16 09:52:49 --> [DEPRECATED] Creation of dynamic property App\Controllers\Layanan::$nama is deprecated in APPPATH\Controllers\BaseController.php on line 44.
 1 SYSTEMPATH\CodeIgniter.php(904): App\Controllers\BaseController->initController(Object(CodeIgniter\HTTP\IncomingRequest), Object(CodeIgniter\HTTP\Response), Object(CodeIgniter\Log\Logger))
 2 SYSTEMPATH\CodeIgniter.php(498): CodeIgniter\CodeIgniter->createController()
 3 SYSTEMPATH\CodeIgniter.php(354): CodeIgniter\CodeIgniter->handleRequest(null, Object(Config\Cache), false)
 4 SYSTEMPATH\Boot.php(363): CodeIgniter\CodeIgniter->run()
 5 SYSTEMPATH\Boot.php(68): CodeIgniter\Boot::runCodeIgniter(Object(CodeIgniter\CodeIgniter))
 6 FCPATH\index.php(59): CodeIgniter\Boot::bootWeb(Object(Config\Paths))
 7 SYSTEMPATH\rewrite.php(44): require_once('C:\\xampp\\htdocs\\cicemilankayo\\public\\index.php')
WARNING - 2025-12-16 09:52:52 --> [DEPRECATED] Creation of dynamic property App\Controllers\Beranda::$nama is deprecated in APPPATH\Controllers\BaseController.php on line 44.
 1 SYSTEMPATH\CodeIgniter.php(904): App\Controllers\BaseController->initController(Object(CodeIgniter\HTTP\IncomingRequest), Object(CodeIgniter\HTTP\Response), Object(CodeIgniter\Log\Logger))
 2 SYSTEMPATH\CodeIgniter.php(498): CodeIgniter\CodeIgniter->createController()
 3 SYSTEMPATH\CodeIgniter.php(354): CodeIgniter\CodeIgniter->handleRequest(null, Object(Config\Cache), false)
 4 SYSTEMPATH\Boot.php(363): CodeIgniter\CodeIgniter->run()
 5 SYSTEMPATH\Boot.php(68): CodeIgniter\Boot::runCodeIgniter(Object(CodeIgniter\CodeIgniter))
 6 FCPATH\index.php(59): CodeIgniter\Boot::bootWeb(Object(Config\Paths))
 7 SYSTEMPATH\rewrite.php(44): require_once('C:\\xampp\\htdocs\\cicemilankayo\\public\\index.php')
WARNING - 2025-12-16 09:52:53 --> [DEPRECATED] Creation of dynamic property App\Controllers\Layanan::$nama is deprecated in APPPATH\Controllers\BaseController.php on line 44.
 1 SYSTEMPATH\CodeIgniter.php(904): App\Controllers\BaseController->initController(Object(CodeIgniter\HTTP\IncomingRequest), Object(CodeIgniter\HTTP\Response), Object(CodeIgniter\Log\Logger))
 2 SYSTEMPATH\CodeIgniter.php(498): CodeIgniter\CodeIgniter->createController()
 3 SYSTEMPATH\CodeIgniter.php(354): CodeIgniter\CodeIgniter->handleRequest(null, Object(Config\Cache), false)
 4 SYSTEMPATH\Boot.php(363): CodeIgniter\CodeIgniter->run()
 5 SYSTEMPATH\Boot.php(68): CodeIgniter\Boot::runCodeIgniter(Object(CodeIgniter\CodeIgniter))
 6 FCPATH\index.php(59): CodeIgniter\Boot::bootWeb(Object(Config\Paths))
 7 SYSTEMPATH\rewrite.php(44): require_once('C:\\xampp\\htdocs\\cicemilankayo\\public\\index.php')
WARNING - 2025-12-16 09:52:54 --> [DEPRECATED] Creation of dynamic property App\Controllers\Produk::$nama is deprecated in APPPATH\Controllers\BaseController.php on line 44.
 1 SYSTEMPATH\CodeIgniter.php(904): App\Controllers\BaseController->initController(Object(CodeIgniter\HTTP\IncomingRequest), Object(CodeIgniter\HTTP\Response), Object(CodeIgniter\Log\Logger))
 2 SYSTEMPATH\CodeIgniter.php(498): CodeIgniter\CodeIgniter->createController()
 3 SYSTEMPATH\CodeIgniter.php(354): CodeIgniter\CodeIgniter->handleRequest(null, Object(Config\Cache), false)
 4 SYSTEMPATH\Boot.php(363): CodeIgniter\CodeIgniter->run()
 5 SYSTEMPATH\Boot.php(68): CodeIgniter\Boot::runCodeIgniter(Object(CodeIgniter\CodeIgniter))
 6 FCPATH\index.php(59): CodeIgniter\Boot::bootWeb(Object(Config\Paths))
 7 SYSTEMPATH\rewrite.php(44): require_once('C:\\xampp\\htdocs\\cicemilankayo\\public\\index.php')
WARNING - 2025-12-16 09:52:56 --> [DEPRECATED] Creation of dynamic property App\Controllers\Beranda::$nama is deprecated in APPPATH\Controllers\BaseController.php on line 44.
 1 SYSTEMPATH\CodeIgniter.php(904): App\Controllers\BaseController->initController(Object(CodeIgniter\HTTP\IncomingRequest), Object(CodeIgniter\HTTP\Response), Object(CodeIgniter\Log\Logger))
 2 SYSTEMPATH\CodeIgniter.php(498): CodeIgniter\CodeIgniter->createController()
 3 SYSTEMPATH\CodeIgniter.php(354): CodeIgniter\CodeIgniter->handleRequest(null, Object(Config\Cache), false)
 4 SYSTEMPATH\Boot.php(363): CodeIgniter\CodeIgniter->run()
 5 SYSTEMPATH\Boot.php(68): CodeIgniter\Boot::runCodeIgniter(Object(CodeIgniter\CodeIgniter))
 6 FCPATH\index.php(59): CodeIgniter\Boot::bootWeb(Object(Config\Paths))
 7 SYSTEMPATH\rewrite.php(44): require_once('C:\\xampp\\htdocs\\cicemilankayo\\public\\index.php')
WARNING - 2025-12-16 09:55:28 --> [DEPRECATED] Creation of dynamic property App\Controllers\Layanan::$nama is deprecated in APPPATH\Controllers\BaseController.php on line 44.
 1 SYSTEMPATH\CodeIgniter.php(904): App\Controllers\BaseController->initController(Object(CodeIgniter\HTTP\IncomingRequest), Object(CodeIgniter\HTTP\Response), Object(CodeIgniter\Log\Logger))
 2 SYSTEMPATH\CodeIgniter.php(498): CodeIgniter\CodeIgniter->createController()
 3 SYSTEMPATH\CodeIgniter.php(354): CodeIgniter\CodeIgniter->handleRequest(null, Object(Config\Cache), false)
 4 SYSTEMPATH\Boot.php(363): CodeIgniter\CodeIgniter->run()
 5 SYSTEMPATH\Boot.php(68): CodeIgniter\Boot::runCodeIgniter(Object(CodeIgniter\CodeIgniter))
 6 FCPATH\index.php(59): CodeIgniter\Boot::bootWeb(Object(Config\Paths))
 7 SYSTEMPATH\rewrite.php(44): require_once('C:\\xampp\\htdocs\\cicemilankayo\\public\\index.php')
WARNING - 2025-12-16 09:55:30 --> [DEPRECATED] Creation of dynamic property App\Controllers\Produk::$nama is deprecated in APPPATH\Controllers\BaseController.php on line 44.
 1 SYSTEMPATH\CodeIgniter.php(904): App\Controllers\BaseController->initController(Object(CodeIgniter\HTTP\IncomingRequest), Object(CodeIgniter\HTTP\Response), Object(CodeIgniter\Log\Logger))
 2 SYSTEMPATH\CodeIgniter.php(498): CodeIgniter\CodeIgniter->createController()
 3 SYSTEMPATH\CodeIgniter.php(354): CodeIgniter\CodeIgniter->handleRequest(null, Object(Config\Cache), false)
 4 SYSTEMPATH\Boot.php(363): CodeIgniter\CodeIgniter->run()
 5 SYSTEMPATH\Boot.php(68): CodeIgniter\Boot::runCodeIgniter(Object(CodeIgniter\CodeIgniter))
 6 FCPATH\index.php(59): CodeIgniter\Boot::bootWeb(Object(Config\Paths))
 7 SYSTEMPATH\rewrite.php(44): require_once('C:\\xampp\\htdocs\\cicemilankayo\\public\\index.php')
CRITICAL - 2025-12-16 09:55:30 --> ErrorException: Undefined variable $toko
[Method: GET, Route: produk]
in APPPATH\Views\produk.php on line 13.
 1 APPPATH\Views\produk.php(13): CodeIgniter\Debug\Exceptions->errorHandler(2, 'Undefined variable $toko', 'C:\\xampp\\htdocs\\cicemilankayo\\app\\Views\\produk.php', 13)
 2 SYSTEMPATH\View\View.php(226): include('C:\\xampp\\htdocs\\cicemilankayo\\app\\Views\\produk.php')
 3 SYSTEMPATH\View\View.php(229): CodeIgniter\View\View->CodeIgniter\View\{closure}()
 4 SYSTEMPATH\Common.php(1199): CodeIgniter\View\View->render('produk', [], true)
 5 APPPATH\Controllers\Produk.php(9): view('produk')
 6 SYSTEMPATH\CodeIgniter.php(933): App\Controllers\Produk->index()
 7 SYSTEMPATH\CodeIgniter.php(507): CodeIgniter\CodeIgniter->runController(Object(App\Controllers\Produk))
 8 SYSTEMPATH\CodeIgniter.php(354): CodeIgniter\CodeIgniter->handleRequest(null, Object(Config\Cache), false)
 9 SYSTEMPATH\Boot.php(363): CodeIgniter\CodeIgniter->run()
10 SYSTEMPATH\Boot.php(68): CodeIgniter\Boot::runCodeIgniter(Object(CodeIgniter\CodeIgniter))
11 FCPATH\index.php(59): CodeIgniter\Boot::bootWeb(Object(Config\Paths))
12 SYSTEMPATH\rewrite.php(44): require_once('C:\\xampp\\htdocs\\cicemilankayo\\public\\index.php')
WARNING - 2025-12-16 09:56:16 --> [DEPRECATED] Creation of dynamic property App\Controllers\Layanan::$nama is deprecated in APPPATH\Controllers\BaseController.php on line 44.
 1 SYSTEMPATH\CodeIgniter.php(904): App\Controllers\BaseController->initController(Object(CodeIgniter\HTTP\IncomingRequest), Object(CodeIgniter\HTTP\Response), Object(CodeIgniter\Log\Logger))
 2 SYSTEMPATH\CodeIgniter.php(498): CodeIgniter\CodeIgniter->createController()
 3 SYSTEMPATH\CodeIgniter.php(354): CodeIgniter\CodeIgniter->handleRequest(null, Object(Config\Cache), false)
 4 SYSTEMPATH\Boot.php(363): CodeIgniter\CodeIgniter->run()
 5 SYSTEMPATH\Boot.php(68): CodeIgniter\Boot::runCodeIgniter(Object(CodeIgniter\CodeIgniter))
 6 FCPATH\index.php(59): CodeIgniter\Boot::bootWeb(Object(Config\Paths))
 7 SYSTEMPATH\rewrite.php(44): require_once('C:\\xampp\\htdocs\\cicemilankayo\\public\\index.php')
WARNING - 2025-12-16 09:56:19 --> [DEPRECATED] Creation of dynamic property App\Controllers\Produk::$nama is deprecated in APPPATH\Controllers\BaseController.php on line 44.
 1 SYSTEMPATH\CodeIgniter.php(904): App\Controllers\BaseController->initController(Object(CodeIgniter\HTTP\IncomingRequest), Object(CodeIgniter\HTTP\Response), Object(CodeIgniter\Log\Logger))
 2 SYSTEMPATH\CodeIgniter.php(498): CodeIgniter\CodeIgniter->createController()
 3 SYSTEMPATH\CodeIgniter.php(354): CodeIgniter\CodeIgniter->handleRequest(null, Object(Config\Cache), false)
 4 SYSTEMPATH\Boot.php(363): CodeIgniter\CodeIgniter->run()
 5 SYSTEMPATH\Boot.php(68): CodeIgniter\Boot::runCodeIgniter(Object(CodeIgniter\CodeIgniter))
 6 FCPATH\index.php(59): CodeIgniter\Boot::bootWeb(Object(Config\Paths))
 7 SYSTEMPATH\rewrite.php(44): require_once('C:\\xampp\\htdocs\\cicemilankayo\\public\\index.php')
CRITICAL - 2025-12-16 09:56:19 --> ErrorException: Undefined variable $toko
[Method: GET, Route: produk]
in APPPATH\Views\produk.php on line 13.
 1 APPPATH\Views\produk.php(13): CodeIgniter\Debug\Exceptions->errorHandler(2, 'Undefined variable $toko', 'C:\\xampp\\htdocs\\cicemilankayo\\app\\Views\\produk.php', 13)
 2 SYSTEMPATH\View\View.php(226): include('C:\\xampp\\htdocs\\cicemilankayo\\app\\Views\\produk.php')
 3 SYSTEMPATH\View\View.php(229): CodeIgniter\View\View->CodeIgniter\View\{closure}()
 4 SYSTEMPATH\Common.php(1199): CodeIgniter\View\View->render('produk', [], true)
 5 APPPATH\Controllers\Produk.php(9): view('produk')
 6 SYSTEMPATH\CodeIgniter.php(933): App\Controllers\Produk->index()
 7 SYSTEMPATH\CodeIgniter.php(507): CodeIgniter\CodeIgniter->runController(Object(App\Controllers\Produk))
 8 SYSTEMPATH\CodeIgniter.php(354): CodeIgniter\CodeIgniter->handleRequest(null, Object(Config\Cache), false)
 9 SYSTEMPATH\Boot.php(363): CodeIgniter\CodeIgniter->run()
10 SYSTEMPATH\Boot.php(68): CodeIgniter\Boot::runCodeIgniter(Object(CodeIgniter\CodeIgniter))
11 FCPATH\index.php(59): CodeIgniter\Boot::bootWeb(Object(Config\Paths))
12 SYSTEMPATH\rewrite.php(44): require_once('C:\\xampp\\htdocs\\cicemilankayo\\public\\index.php')
WARNING - 2025-12-16 09:56:23 --> [DEPRECATED] Creation of dynamic property App\Controllers\Layanan::$nama is deprecated in APPPATH\Controllers\BaseController.php on line 44.
 1 SYSTEMPATH\CodeIgniter.php(904): App\Controllers\BaseController->initController(Object(CodeIgniter\HTTP\IncomingRequest), Object(CodeIgniter\HTTP\Response), Object(CodeIgniter\Log\Logger))
 2 SYSTEMPATH\CodeIgniter.php(498): CodeIgniter\CodeIgniter->createController()
 3 SYSTEMPATH\CodeIgniter.php(354): CodeIgniter\CodeIgniter->handleRequest(null, Object(Config\Cache), false)
 4 SYSTEMPATH\Boot.php(363): CodeIgniter\CodeIgniter->run()
 5 SYSTEMPATH\Boot.php(68): CodeIgniter\Boot::runCodeIgniter(Object(CodeIgniter\CodeIgniter))
 6 FCPATH\index.php(59): CodeIgniter\Boot::bootWeb(Object(Config\Paths))
 7 SYSTEMPATH\rewrite.php(44): require_once('C:\\xampp\\htdocs\\cicemilankayo\\public\\index.php')
WARNING - 2025-12-16 09:56:38 --> [DEPRECATED] Creation of dynamic property App\Controllers\Produk::$nama is deprecated in APPPATH\Controllers\BaseController.php on line 44.
 1 SYSTEMPATH\CodeIgniter.php(904): App\Controllers\BaseController->initController(Object(CodeIgniter\HTTP\IncomingRequest), Object(CodeIgniter\HTTP\Response), Object(CodeIgniter\Log\Logger))
 2 SYSTEMPATH\CodeIgniter.php(498): CodeIgniter\CodeIgniter->createController()
 3 SYSTEMPATH\CodeIgniter.php(354): CodeIgniter\CodeIgniter->handleRequest(null, Object(Config\Cache), false)
 4 SYSTEMPATH\Boot.php(363): CodeIgniter\CodeIgniter->run()
 5 SYSTEMPATH\Boot.php(68): CodeIgniter\Boot::runCodeIgniter(Object(CodeIgniter\CodeIgniter))
 6 FCPATH\index.php(59): CodeIgniter\Boot::bootWeb(Object(Config\Paths))
 7 SYSTEMPATH\rewrite.php(44): require_once('C:\\xampp\\htdocs\\cicemilankayo\\public\\index.php')
CRITICAL - 2025-12-16 09:56:38 --> ErrorException: Undefined variable $data
[Method: GET, Route: produk]
in APPPATH\Views\produk.php on line 13.
 1 APPPATH\Views\produk.php(13): CodeIgniter\Debug\Exceptions->errorHandler(2, 'Undefined variable $data', 'C:\\xampp\\htdocs\\cicemilankayo\\app\\Views\\produk.php', 13)
 2 SYSTEMPATH\View\View.php(226): include('C:\\xampp\\htdocs\\cicemilankayo\\app\\Views\\produk.php')
 3 SYSTEMPATH\View\View.php(229): CodeIgniter\View\View->CodeIgniter\View\{closure}()
 4 SYSTEMPATH\Common.php(1199): CodeIgniter\View\View->render('produk', [], true)
 5 APPPATH\Controllers\Produk.php(9): view('produk')
 6 SYSTEMPATH\CodeIgniter.php(933): App\Controllers\Produk->index()
 7 SYSTEMPATH\CodeIgniter.php(507): CodeIgniter\CodeIgniter->runController(Object(App\Controllers\Produk))
 8 SYSTEMPATH\CodeIgniter.php(354): CodeIgniter\CodeIgniter->handleRequest(null, Object(Config\Cache), false)
 9 SYSTEMPATH\Boot.php(363): CodeIgniter\CodeIgniter->run()
10 SYSTEMPATH\Boot.php(68): CodeIgniter\Boot::runCodeIgniter(Object(CodeIgniter\CodeIgniter))
11 FCPATH\index.php(59): CodeIgniter\Boot::bootWeb(Object(Config\Paths))
12 SYSTEMPATH\rewrite.php(44): require_once('C:\\xampp\\htdocs\\cicemilankayo\\public\\index.php')
WARNING - 2025-12-16 09:56:53 --> [DEPRECATED] Creation of dynamic property App\Controllers\Produk::$nama is deprecated in APPPATH\Controllers\BaseController.php on line 44.
 1 SYSTEMPATH\CodeIgniter.php(904): App\Controllers\BaseController->initController(Object(CodeIgniter\HTTP\IncomingRequest), Object(CodeIgniter\HTTP\Response), Object(CodeIgniter\Log\Logger))
 2 SYSTEMPATH\CodeIgniter.php(498): CodeIgniter\CodeIgniter->createController()
 3 SYSTEMPATH\CodeIgniter.php(354): CodeIgniter\CodeIgniter->handleRequest(null, Object(Config\Cache), false)
 4 SYSTEMPATH\Boot.php(363): CodeIgniter\CodeIgniter->run()
 5 SYSTEMPATH\Boot.php(68): CodeIgniter\Boot::runCodeIgniter(Object(CodeIgniter\CodeIgniter))
 6 FCPATH\index.php(59): CodeIgniter\Boot::bootWeb(Object(Config\Paths))
 7 SYSTEMPATH\rewrite.php(44): require_once('C:\\xampp\\htdocs\\cicemilankayo\\public\\index.php')
CRITICAL - 2025-12-16 09:56:53 --> ErrorException: Undefined variable $toko
[Method: GET, Route: produk]
in APPPATH\Views\produk.php on line 13.
 1 APPPATH\Views\produk.php(13): CodeIgniter\Debug\Exceptions->errorHandler(2, 'Undefined variable $toko', 'C:\\xampp\\htdocs\\cicemilankayo\\app\\Views\\produk.php', 13)
 2 SYSTEMPATH\View\View.php(226): include('C:\\xampp\\htdocs\\cicemilankayo\\app\\Views\\produk.php')
 3 SYSTEMPATH\View\View.php(229): CodeIgniter\View\View->CodeIgniter\View\{closure}()
 4 SYSTEMPATH\Common.php(1199): CodeIgniter\View\View->render('produk', [], true)
 5 APPPATH\Controllers\Produk.php(9): view('produk')
 6 SYSTEMPATH\CodeIgniter.php(933): App\Controllers\Produk->index()
 7 SYSTEMPATH\CodeIgniter.php(507): CodeIgniter\CodeIgniter->runController(Object(App\Controllers\Produk))
 8 SYSTEMPATH\CodeIgniter.php(354): CodeIgniter\CodeIgniter->handleRequest(null, Object(Config\Cache), false)
 9 SYSTEMPATH\Boot.php(363): CodeIgniter\CodeIgniter->run()
10 SYSTEMPATH\Boot.php(68): CodeIgniter\Boot::runCodeIgniter(Object(CodeIgniter\CodeIgniter))
11 FCPATH\index.php(59): CodeIgniter\Boot::bootWeb(Object(Config\Paths))
12 SYSTEMPATH\rewrite.php(44): require_once('C:\\xampp\\htdocs\\cicemilankayo\\public\\index.php')
WARNING - 2025-12-16 09:56:55 --> [DEPRECATED] Creation of dynamic property App\Controllers\Layanan::$nama is deprecated in APPPATH\Controllers\BaseController.php on line 44.
 1 SYSTEMPATH\CodeIgniter.php(904): App\Controllers\BaseController->initController(Object(CodeIgniter\HTTP\IncomingRequest), Object(CodeIgniter\HTTP\Response), Object(CodeIgniter\Log\Logger))
 2 SYSTEMPATH\CodeIgniter.php(498): CodeIgniter\CodeIgniter->createController()
 3 SYSTEMPATH\CodeIgniter.php(354): CodeIgniter\CodeIgniter->handleRequest(null, Object(Config\Cache), false)
 4 SYSTEMPATH\Boot.php(363): CodeIgniter\CodeIgniter->run()
 5 SYSTEMPATH\Boot.php(68): CodeIgniter\Boot::runCodeIgniter(Object(CodeIgniter\CodeIgniter))
 6 FCPATH\index.php(59): CodeIgniter\Boot::bootWeb(Object(Config\Paths))
 7 SYSTEMPATH\rewrite.php(44): require_once('C:\\xampp\\htdocs\\cicemilankayo\\public\\index.php')
WARNING - 2025-12-16 09:58:11 --> [DEPRECATED] Creation of dynamic property App\Controllers\Produk::$nama is deprecated in APPPATH\Controllers\BaseController.php on line 44.
 1 SYSTEMPATH\CodeIgniter.php(904): App\Controllers\BaseController->initController(Object(CodeIgniter\HTTP\IncomingRequest), Object(CodeIgniter\HTTP\Response), Object(CodeIgniter\Log\Logger))
 2 SYSTEMPATH\CodeIgniter.php(498): CodeIgniter\CodeIgniter->createController()
 3 SYSTEMPATH\CodeIgniter.php(354): CodeIgniter\CodeIgniter->handleRequest(null, Object(Config\Cache), false)
 4 SYSTEMPATH\Boot.php(363): CodeIgniter\CodeIgniter->run()
 5 SYSTEMPATH\Boot.php(68): CodeIgniter\Boot::runCodeIgniter(Object(CodeIgniter\CodeIgniter))
 6 FCPATH\index.php(59): CodeIgniter\Boot::bootWeb(Object(Config\Paths))
 7 SYSTEMPATH\rewrite.php(44): require_once('C:\\xampp\\htdocs\\cicemilankayo\\public\\index.php')
CRITICAL - 2025-12-16 09:58:11 --> ErrorException: Undefined variable $b
[Method: GET, Route: produk]
in APPPATH\Views\produk.php on line 13.
 1 APPPATH\Views\produk.php(13): CodeIgniter\Debug\Exceptions->errorHandler(2, 'Undefined variable $b', 'C:\\xampp\\htdocs\\cicemilankayo\\app\\Views\\produk.php', 13)
 2 SYSTEMPATH\View\View.php(226): include('C:\\xampp\\htdocs\\cicemilankayo\\app\\Views\\produk.php')
 3 SYSTEMPATH\View\View.php(229): CodeIgniter\View\View->CodeIgniter\View\{closure}()
 4 SYSTEMPATH\Common.php(1199): CodeIgniter\View\View->render('produk', [], true)
 5 APPPATH\Controllers\Produk.php(9): view('produk')
 6 SYSTEMPATH\CodeIgniter.php(933): App\Controllers\Produk->index()
 7 SYSTEMPATH\CodeIgniter.php(507): CodeIgniter\CodeIgniter->runController(Object(App\Controllers\Produk))
 8 SYSTEMPATH\CodeIgniter.php(354): CodeIgniter\CodeIgniter->handleRequest(null, Object(Config\Cache), false)
 9 SYSTEMPATH\Boot.php(363): CodeIgniter\CodeIgniter->run()
10 SYSTEMPATH\Boot.php(68): CodeIgniter\Boot::runCodeIgniter(Object(CodeIgniter\CodeIgniter))
11 FCPATH\index.php(59): CodeIgniter\Boot::bootWeb(Object(Config\Paths))
12 SYSTEMPATH\rewrite.php(44): require_once('C:\\xampp\\htdocs\\cicemilankayo\\public\\index.php')
WARNING - 2025-12-16 09:59:06 --> [DEPRECATED] Creation of dynamic property App\Controllers\Layanan::$nama is deprecated in APPPATH\Controllers\BaseController.php on line 44.
 1 SYSTEMPATH\CodeIgniter.php(904): App\Controllers\BaseController->initController(Object(CodeIgniter\HTTP\IncomingRequest), Object(CodeIgniter\HTTP\Response), Object(CodeIgniter\Log\Logger))
 2 SYSTEMPATH\CodeIgniter.php(498): CodeIgniter\CodeIgniter->createController()
 3 SYSTEMPATH\CodeIgniter.php(354): CodeIgniter\CodeIgniter->handleRequest(null, Object(Config\Cache), false)
 4 SYSTEMPATH\Boot.php(363): CodeIgniter\CodeIgniter->run()
 5 SYSTEMPATH\Boot.php(68): CodeIgniter\Boot::runCodeIgniter(Object(CodeIgniter\CodeIgniter))
 6 FCPATH\index.php(59): CodeIgniter\Boot::bootWeb(Object(Config\Paths))
 7 SYSTEMPATH\rewrite.php(44): require_once('C:\\xampp\\htdocs\\cicemilankayo\\public\\index.php')
WARNING - 2025-12-16 10:09:33 --> [DEPRECATED] Creation of dynamic property App\Controllers\Layanan::$nama is deprecated in APPPATH\Controllers\BaseController.php on line 44.
 1 SYSTEMPATH\CodeIgniter.php(904): App\Controllers\BaseController->initController(Object(CodeIgniter\HTTP\IncomingRequest), Object(CodeIgniter\HTTP\Response), Object(CodeIgniter\Log\Logger))
 2 SYSTEMPATH\CodeIgniter.php(498): CodeIgniter\CodeIgniter->createController()
 3 SYSTEMPATH\CodeIgniter.php(354): CodeIgniter\CodeIgniter->handleRequest(null, Object(Config\Cache), false)
 4 SYSTEMPATH\Boot.php(363): CodeIgniter\CodeIgniter->run()
 5 SYSTEMPATH\Boot.php(68): CodeIgniter\Boot::runCodeIgniter(Object(CodeIgniter\CodeIgniter))
 6 FCPATH\index.php(59): CodeIgniter\Boot::bootWeb(Object(Config\Paths))
 7 SYSTEMPATH\rewrite.php(44): require_once('C:\\xampp\\htdocs\\cicemilankayo\\public\\index.php')
CRITICAL - 2025-12-16 10:09:34 --> CodeIgniter\View\Exceptions\ViewException: Invalid file: "detail.php"
[Method: GET, Route: produk]
in SYSTEMPATH\Exceptions\FrameworkException.php on line 39.
 1 SYSTEMPATH\View\View.php(214): CodeIgniter\Exceptions\FrameworkException::forInvalidFile('detail.php')
 2 SYSTEMPATH\Common.php(1199): CodeIgniter\View\View->render('detail', [], true)
 3 APPPATH\Controllers\Layanan.php(27): view('detail', [...])
 4 SYSTEMPATH\CodeIgniter.php(933): App\Controllers\Layanan->produk()
 5 SYSTEMPATH\CodeIgniter.php(507): CodeIgniter\CodeIgniter->runController(Object(App\Controllers\Layanan))
 6 SYSTEMPATH\CodeIgniter.php(354): CodeIgniter\CodeIgniter->handleRequest(null, Object(Config\Cache), false)
 7 SYSTEMPATH\Boot.php(363): CodeIgniter\CodeIgniter->run()
 8 SYSTEMPATH\Boot.php(68): CodeIgniter\Boot::runCodeIgniter(Object(CodeIgniter\CodeIgniter))
 9 FCPATH\index.php(59): CodeIgniter\Boot::bootWeb(Object(Config\Paths))
10 SYSTEMPATH\rewrite.php(44): require_once('C:\\xampp\\htdocs\\cicemilankayo\\public\\index.php')
WARNING - 2025-12-16 10:10:01 --> [DEPRECATED] Creation of dynamic property App\Controllers\Layanan::$nama is deprecated in APPPATH\Controllers\BaseController.php on line 44.
 1 SYSTEMPATH\CodeIgniter.php(904): App\Controllers\BaseController->initController(Object(CodeIgniter\HTTP\IncomingRequest), Object(CodeIgniter\HTTP\Response), Object(CodeIgniter\Log\Logger))
 2 SYSTEMPATH\CodeIgniter.php(498): CodeIgniter\CodeIgniter->createController()
 3 SYSTEMPATH\CodeIgniter.php(354): CodeIgniter\CodeIgniter->handleRequest(null, Object(Config\Cache), false)
 4 SYSTEMPATH\Boot.php(363): CodeIgniter\CodeIgniter->run()
 5 SYSTEMPATH\Boot.php(68): CodeIgniter\Boot::runCodeIgniter(Object(CodeIgniter\CodeIgniter))
 6 FCPATH\index.php(59): CodeIgniter\Boot::bootWeb(Object(Config\Paths))
 7 SYSTEMPATH\rewrite.php(44): require_once('C:\\xampp\\htdocs\\cicemilankayo\\public\\index.php')
WARNING - 2025-12-16 10:10:02 --> [DEPRECATED] Creation of dynamic property App\Controllers\Layanan::$nama is deprecated in APPPATH\Controllers\BaseController.php on line 44.
 1 SYSTEMPATH\CodeIgniter.php(904): App\Controllers\BaseController->initController(Object(CodeIgniter\HTTP\IncomingRequest), Object(CodeIgniter\HTTP\Response), Object(CodeIgniter\Log\Logger))
 2 SYSTEMPATH\CodeIgniter.php(498): CodeIgniter\CodeIgniter->createController()
 3 SYSTEMPATH\CodeIgniter.php(354): CodeIgniter\CodeIgniter->handleRequest(null, Object(Config\Cache), false)
 4 SYSTEMPATH\Boot.php(363): CodeIgniter\CodeIgniter->run()
 5 SYSTEMPATH\Boot.php(68): CodeIgniter\Boot::runCodeIgniter(Object(CodeIgniter\CodeIgniter))
 6 FCPATH\index.php(59): CodeIgniter\Boot::bootWeb(Object(Config\Paths))
 7 SYSTEMPATH\rewrite.php(44): require_once('C:\\xampp\\htdocs\\cicemilankayo\\public\\index.php')
CRITICAL - 2025-12-16 10:10:02 --> ErrorException: Undefined variable $b
[Method: GET, Route: produk]
in APPPATH\Views\produk.php on line 13.
 1 APPPATH\Views\produk.php(13): CodeIgniter\Debug\Exceptions->errorHandler(2, 'Undefined variable $b', 'C:\\xampp\\htdocs\\cicemilankayo\\app\\Views\\produk.php', 13)
 2 SYSTEMPATH\View\View.php(226): include('C:\\xampp\\htdocs\\cicemilankayo\\app\\Views\\produk.php')
 3 SYSTEMPATH\View\View.php(229): CodeIgniter\View\View->CodeIgniter\View\{closure}()
 4 SYSTEMPATH\Common.php(1199): CodeIgniter\View\View->render('produk', [], true)
 5 APPPATH\Controllers\Layanan.php(27): view('produk', [...])
 6 SYSTEMPATH\CodeIgniter.php(933): App\Controllers\Layanan->produk()
 7 SYSTEMPATH\CodeIgniter.php(507): CodeIgniter\CodeIgniter->runController(Object(App\Controllers\Layanan))
 8 SYSTEMPATH\CodeIgniter.php(354): CodeIgniter\CodeIgniter->handleRequest(null, Object(Config\Cache), false)
 9 SYSTEMPATH\Boot.php(363): CodeIgniter\CodeIgniter->run()
10 SYSTEMPATH\Boot.php(68): CodeIgniter\Boot::runCodeIgniter(Object(CodeIgniter\CodeIgniter))
11 FCPATH\index.php(59): CodeIgniter\Boot::bootWeb(Object(Config\Paths))
12 SYSTEMPATH\rewrite.php(44): require_once('C:\\xampp\\htdocs\\cicemilankayo\\public\\index.php')
WARNING - 2025-12-16 10:10:47 --> [DEPRECATED] Creation of dynamic property App\Controllers\Layanan::$nama is deprecated in APPPATH\Controllers\BaseController.php on line 44.
 1 SYSTEMPATH\CodeIgniter.php(904): App\Controllers\BaseController->initController(Object(CodeIgniter\HTTP\IncomingRequest), Object(CodeIgniter\HTTP\Response), Object(CodeIgniter\Log\Logger))
 2 SYSTEMPATH\CodeIgniter.php(498): CodeIgniter\CodeIgniter->createController()
 3 SYSTEMPATH\CodeIgniter.php(354): CodeIgniter\CodeIgniter->handleRequest(null, Object(Config\Cache), false)
 4 SYSTEMPATH\Boot.php(363): CodeIgniter\CodeIgniter->run()
 5 SYSTEMPATH\Boot.php(68): CodeIgniter\Boot::runCodeIgniter(Object(CodeIgniter\CodeIgniter))
 6 FCPATH\index.php(59): CodeIgniter\Boot::bootWeb(Object(Config\Paths))
 7 SYSTEMPATH\rewrite.php(44): require_once('C:\\xampp\\htdocs\\cicemilankayo\\public\\index.php')
WARNING - 2025-12-16 10:10:48 --> [DEPRECATED] Creation of dynamic property App\Controllers\Layanan::$nama is deprecated in APPPATH\Controllers\BaseController.php on line 44.
 1 SYSTEMPATH\CodeIgniter.php(904): App\Controllers\BaseController->initController(Object(CodeIgniter\HTTP\IncomingRequest), Object(CodeIgniter\HTTP\Response), Object(CodeIgniter\Log\Logger))
 2 SYSTEMPATH\CodeIgniter.php(498): CodeIgniter\CodeIgniter->createController()
 3 SYSTEMPATH\CodeIgniter.php(354): CodeIgniter\CodeIgniter->handleRequest(null, Object(Config\Cache), false)
 4 SYSTEMPATH\Boot.php(363): CodeIgniter\CodeIgniter->run()
 5 SYSTEMPATH\Boot.php(68): CodeIgniter\Boot::runCodeIgniter(Object(CodeIgniter\CodeIgniter))
 6 FCPATH\index.php(59): CodeIgniter\Boot::bootWeb(Object(Config\Paths))
 7 SYSTEMPATH\rewrite.php(44): require_once('C:\\xampp\\htdocs\\cicemilankayo\\public\\index.php')
CRITICAL - 2025-12-16 10:10:48 --> ErrorException: Undefined variable $Toko
[Method: GET, Route: produk]
in APPPATH\Views\produk.php on line 13.
 1 APPPATH\Views\produk.php(13): CodeIgniter\Debug\Exceptions->errorHandler(2, 'Undefined variable $Toko', 'C:\\xampp\\htdocs\\cicemilankayo\\app\\Views\\produk.php', 13)
 2 SYSTEMPATH\View\View.php(226): include('C:\\xampp\\htdocs\\cicemilankayo\\app\\Views\\produk.php')
 3 SYSTEMPATH\View\View.php(229): CodeIgniter\View\View->CodeIgniter\View\{closure}()
 4 SYSTEMPATH\Common.php(1199): CodeIgniter\View\View->render('produk', [], true)
 5 APPPATH\Controllers\Layanan.php(27): view('produk', [...])
 6 SYSTEMPATH\CodeIgniter.php(933): App\Controllers\Layanan->produk()
 7 SYSTEMPATH\CodeIgniter.php(507): CodeIgniter\CodeIgniter->runController(Object(App\Controllers\Layanan))
 8 SYSTEMPATH\CodeIgniter.php(354): CodeIgniter\CodeIgniter->handleRequest(null, Object(Config\Cache), false)
 9 SYSTEMPATH\Boot.php(363): CodeIgniter\CodeIgniter->run()
10 SYSTEMPATH\Boot.php(68): CodeIgniter\Boot::runCodeIgniter(Object(CodeIgniter\CodeIgniter))
11 FCPATH\index.php(59): CodeIgniter\Boot::bootWeb(Object(Config\Paths))
12 SYSTEMPATH\rewrite.php(44): require_once('C:\\xampp\\htdocs\\cicemilankayo\\public\\index.php')
WARNING - 2025-12-16 10:11:18 --> [DEPRECATED] Creation of dynamic property App\Controllers\Layanan::$nama is deprecated in APPPATH\Controllers\BaseController.php on line 44.
 1 SYSTEMPATH\CodeIgniter.php(904): App\Controllers\BaseController->initController(Object(CodeIgniter\HTTP\IncomingRequest), Object(CodeIgniter\HTTP\Response), Object(CodeIgniter\Log\Logger))
 2 SYSTEMPATH\CodeIgniter.php(498): CodeIgniter\CodeIgniter->createController()
 3 SYSTEMPATH\CodeIgniter.php(354): CodeIgniter\CodeIgniter->handleRequest(null, Object(Config\Cache), false)
 4 SYSTEMPATH\Boot.php(363): CodeIgniter\CodeIgniter->run()
 5 SYSTEMPATH\Boot.php(68): CodeIgniter\Boot::runCodeIgniter(Object(CodeIgniter\CodeIgniter))
 6 FCPATH\index.php(59): CodeIgniter\Boot::bootWeb(Object(Config\Paths))
 7 SYSTEMPATH\rewrite.php(44): require_once('C:\\xampp\\htdocs\\cicemilankayo\\public\\index.php')
WARNING - 2025-12-16 10:11:19 --> [DEPRECATED] Creation of dynamic property App\Controllers\Layanan::$nama is deprecated in APPPATH\Controllers\BaseController.php on line 44.
 1 SYSTEMPATH\CodeIgniter.php(904): App\Controllers\BaseController->initController(Object(CodeIgniter\HTTP\IncomingRequest), Object(CodeIgniter\HTTP\Response), Object(CodeIgniter\Log\Logger))
 2 SYSTEMPATH\CodeIgniter.php(498): CodeIgniter\CodeIgniter->createController()
 3 SYSTEMPATH\CodeIgniter.php(354): CodeIgniter\CodeIgniter->handleRequest(null, Object(Config\Cache), false)
 4 SYSTEMPATH\Boot.php(363): CodeIgniter\CodeIgniter->run()
 5 SYSTEMPATH\Boot.php(68): CodeIgniter\Boot::runCodeIgniter(Object(CodeIgniter\CodeIgniter))
 6 FCPATH\index.php(59): CodeIgniter\Boot::bootWeb(Object(Config\Paths))
 7 SYSTEMPATH\rewrite.php(44): require_once('C:\\xampp\\htdocs\\cicemilankayo\\public\\index.php')
CRITICAL - 2025-12-16 10:11:19 --> ErrorException: Undefined variable $Toko
[Method: GET, Route: produk]
in APPPATH\Views\produk.php on line 13.
 1 APPPATH\Views\produk.php(13): CodeIgniter\Debug\Exceptions->errorHandler(2, 'Undefined variable $Toko', 'C:\\xampp\\htdocs\\cicemilankayo\\app\\Views\\produk.php', 13)
 2 SYSTEMPATH\View\View.php(226): include('C:\\xampp\\htdocs\\cicemilankayo\\app\\Views\\produk.php')
 3 SYSTEMPATH\View\View.php(229): CodeIgniter\View\View->CodeIgniter\View\{closure}()
 4 SYSTEMPATH\Common.php(1199): CodeIgniter\View\View->render('produk', [], true)
 5 APPPATH\Controllers\Layanan.php(27): view('produk', [...])
 6 SYSTEMPATH\CodeIgniter.php(933): App\Controllers\Layanan->produk()
 7 SYSTEMPATH\CodeIgniter.php(507): CodeIgniter\CodeIgniter->runController(Object(App\Controllers\Layanan))
 8 SYSTEMPATH\CodeIgniter.php(354): CodeIgniter\CodeIgniter->handleRequest(null, Object(Config\Cache), false)
 9 SYSTEMPATH\Boot.php(363): CodeIgniter\CodeIgniter->run()
10 SYSTEMPATH\Boot.php(68): CodeIgniter\Boot::runCodeIgniter(Object(CodeIgniter\CodeIgniter))
11 FCPATH\index.php(59): CodeIgniter\Boot::bootWeb(Object(Config\Paths))
12 SYSTEMPATH\rewrite.php(44): require_once('C:\\xampp\\htdocs\\cicemilankayo\\public\\index.php')
WARNING - 2025-12-16 10:11:38 --> [DEPRECATED] Creation of dynamic property App\Controllers\Layanan::$nama is deprecated in APPPATH\Controllers\BaseController.php on line 44.
 1 SYSTEMPATH\CodeIgniter.php(904): App\Controllers\BaseController->initController(Object(CodeIgniter\HTTP\IncomingRequest), Object(CodeIgniter\HTTP\Response), Object(CodeIgniter\Log\Logger))
 2 SYSTEMPATH\CodeIgniter.php(498): CodeIgniter\CodeIgniter->createController()
 3 SYSTEMPATH\CodeIgniter.php(354): CodeIgniter\CodeIgniter->handleRequest(null, Object(Config\Cache), false)
 4 SYSTEMPATH\Boot.php(363): CodeIgniter\CodeIgniter->run()
 5 SYSTEMPATH\Boot.php(68): CodeIgniter\Boot::runCodeIgniter(Object(CodeIgniter\CodeIgniter))
 6 FCPATH\index.php(59): CodeIgniter\Boot::bootWeb(Object(Config\Paths))
 7 SYSTEMPATH\rewrite.php(44): require_once('C:\\xampp\\htdocs\\cicemilankayo\\public\\index.php')
WARNING - 2025-12-16 10:11:39 --> [DEPRECATED] Creation of dynamic property App\Controllers\Layanan::$nama is deprecated in APPPATH\Controllers\BaseController.php on line 44.
 1 SYSTEMPATH\CodeIgniter.php(904): App\Controllers\BaseController->initController(Object(CodeIgniter\HTTP\IncomingRequest), Object(CodeIgniter\HTTP\Response), Object(CodeIgniter\Log\Logger))
 2 SYSTEMPATH\CodeIgniter.php(498): CodeIgniter\CodeIgniter->createController()
 3 SYSTEMPATH\CodeIgniter.php(354): CodeIgniter\CodeIgniter->handleRequest(null, Object(Config\Cache), false)
 4 SYSTEMPATH\Boot.php(363): CodeIgniter\CodeIgniter->run()
 5 SYSTEMPATH\Boot.php(68): CodeIgniter\Boot::runCodeIgniter(Object(CodeIgniter\CodeIgniter))
 6 FCPATH\index.php(59): CodeIgniter\Boot::bootWeb(Object(Config\Paths))
 7 SYSTEMPATH\rewrite.php(44): require_once('C:\\xampp\\htdocs\\cicemilankayo\\public\\index.php')
WARNING - 2025-12-16 10:11:43 --> [DEPRECATED] Creation of dynamic property App\Controllers\Layanan::$nama is deprecated in APPPATH\Controllers\BaseController.php on line 44.
 1 SYSTEMPATH\CodeIgniter.php(904): App\Controllers\BaseController->initController(Object(CodeIgniter\HTTP\IncomingRequest), Object(CodeIgniter\HTTP\Response), Object(CodeIgniter\Log\Logger))
 2 SYSTEMPATH\CodeIgniter.php(498): CodeIgniter\CodeIgniter->createController()
 3 SYSTEMPATH\CodeIgniter.php(354): CodeIgniter\CodeIgniter->handleRequest(null, Object(Config\Cache), false)
 4 SYSTEMPATH\Boot.php(363): CodeIgniter\CodeIgniter->run()
 5 SYSTEMPATH\Boot.php(68): CodeIgniter\Boot::runCodeIgniter(Object(CodeIgniter\CodeIgniter))
 6 FCPATH\index.php(59): CodeIgniter\Boot::bootWeb(Object(Config\Paths))
 7 SYSTEMPATH\rewrite.php(44): require_once('C:\\xampp\\htdocs\\cicemilankayo\\public\\index.php')
WARNING - 2025-12-16 10:11:48 --> [DEPRECATED] Creation of dynamic property App\Controllers\Layanan::$nama is deprecated in APPPATH\Controllers\BaseController.php on line 44.
 1 SYSTEMPATH\CodeIgniter.php(904): App\Controllers\BaseController->initController(Object(CodeIgniter\HTTP\IncomingRequest), Object(CodeIgniter\HTTP\Response), Object(CodeIgniter\Log\Logger))
 2 SYSTEMPATH\CodeIgniter.php(498): CodeIgniter\CodeIgniter->createController()
 3 SYSTEMPATH\CodeIgniter.php(354): CodeIgniter\CodeIgniter->handleRequest(null, Object(Config\Cache), false)
 4 SYSTEMPATH\Boot.php(363): CodeIgniter\CodeIgniter->run()
 5 SYSTEMPATH\Boot.php(68): CodeIgniter\Boot::runCodeIgniter(Object(CodeIgniter\CodeIgniter))
 6 FCPATH\index.php(59): CodeIgniter\Boot::bootWeb(Object(Config\Paths))
 7 SYSTEMPATH\rewrite.php(44): require_once('C:\\xampp\\htdocs\\cicemilankayo\\public\\index.php')
WARNING - 2025-12-16 10:11:55 --> [DEPRECATED] Creation of dynamic property App\Controllers\Layanan::$nama is deprecated in APPPATH\Controllers\BaseController.php on line 44.
 1 SYSTEMPATH\CodeIgniter.php(904): App\Controllers\BaseController->initController(Object(CodeIgniter\HTTP\IncomingRequest), Object(CodeIgniter\HTTP\Response), Object(CodeIgniter\Log\Logger))
 2 SYSTEMPATH\CodeIgniter.php(498): CodeIgniter\CodeIgniter->createController()
 3 SYSTEMPATH\CodeIgniter.php(354): CodeIgniter\CodeIgniter->handleRequest(null, Object(Config\Cache), false)
 4 SYSTEMPATH\Boot.php(363): CodeIgniter\CodeIgniter->run()
 5 SYSTEMPATH\Boot.php(68): CodeIgniter\Boot::runCodeIgniter(Object(CodeIgniter\CodeIgniter))
 6 FCPATH\index.php(59): CodeIgniter\Boot::bootWeb(Object(Config\Paths))
 7 SYSTEMPATH\rewrite.php(44): require_once('C:\\xampp\\htdocs\\cicemilankayo\\public\\index.php')
WARNING - 2025-12-16 10:14:46 --> [DEPRECATED] Creation of dynamic property App\Controllers\Layanan::$nama is deprecated in APPPATH\Controllers\BaseController.php on line 44.
 1 SYSTEMPATH\CodeIgniter.php(904): App\Controllers\BaseController->initController(Object(CodeIgniter\HTTP\IncomingRequest), Object(CodeIgniter\HTTP\Response), Object(CodeIgniter\Log\Logger))
 2 SYSTEMPATH\CodeIgniter.php(498): CodeIgniter\CodeIgniter->createController()
 3 SYSTEMPATH\CodeIgniter.php(354): CodeIgniter\CodeIgniter->handleRequest(null, Object(Config\Cache), false)
 4 SYSTEMPATH\Boot.php(363): CodeIgniter\CodeIgniter->run()
 5 SYSTEMPATH\Boot.php(68): CodeIgniter\Boot::runCodeIgniter(Object(CodeIgniter\CodeIgniter))
 6 FCPATH\index.php(59): CodeIgniter\Boot::bootWeb(Object(Config\Paths))
 7 SYSTEMPATH\rewrite.php(44): require_once('C:\\xampp\\htdocs\\cicemilankayo\\public\\index.php')
WARNING - 2025-12-16 10:33:25 --> [DEPRECATED] Creation of dynamic property App\Controllers\Layanan::$nama is deprecated in APPPATH\Controllers\BaseController.php on line 44.
 1 SYSTEMPATH\CodeIgniter.php(904): App\Controllers\BaseController->initController(Object(CodeIgniter\HTTP\IncomingRequest), Object(CodeIgniter\HTTP\Response), Object(CodeIgniter\Log\Logger))
 2 SYSTEMPATH\CodeIgniter.php(498): CodeIgniter\CodeIgniter->createController()
 3 SYSTEMPATH\CodeIgniter.php(354): CodeIgniter\CodeIgniter->handleRequest(null, Object(Config\Cache), false)
 4 SYSTEMPATH\Boot.php(363): CodeIgniter\CodeIgniter->run()
 5 SYSTEMPATH\Boot.php(68): CodeIgniter\Boot::runCodeIgniter(Object(CodeIgniter\CodeIgniter))
 6 FCPATH\index.php(59): CodeIgniter\Boot::bootWeb(Object(Config\Paths))
 7 SYSTEMPATH\rewrite.php(44): require_once('C:\\xampp\\htdocs\\cicemilankayo\\public\\index.php')
WARNING - 2025-12-16 10:33:26 --> [DEPRECATED] Creation of dynamic property App\Controllers\Beranda::$nama is deprecated in APPPATH\Controllers\BaseController.php on line 44.
 1 SYSTEMPATH\CodeIgniter.php(904): App\Controllers\BaseController->initController(Object(CodeIgniter\HTTP\IncomingRequest), Object(CodeIgniter\HTTP\Response), Object(CodeIgniter\Log\Logger))
 2 SYSTEMPATH\CodeIgniter.php(498): CodeIgniter\CodeIgniter->createController()
 3 SYSTEMPATH\CodeIgniter.php(354): CodeIgniter\CodeIgniter->handleRequest(null, Object(Config\Cache), false)
 4 SYSTEMPATH\Boot.php(363): CodeIgniter\CodeIgniter->run()
 5 SYSTEMPATH\Boot.php(68): CodeIgniter\Boot::runCodeIgniter(Object(CodeIgniter\CodeIgniter))
 6 FCPATH\index.php(59): CodeIgniter\Boot::bootWeb(Object(Config\Paths))
 7 SYSTEMPATH\rewrite.php(44): require_once('C:\\xampp\\htdocs\\cicemilankayo\\public\\index.php')
WARNING - 2025-12-16 10:36:44 --> [DEPRECATED] Creation of dynamic property App\Controllers\Portofolio::$nama is deprecated in APPPATH\Controllers\BaseController.php on line 44.
 1 SYSTEMPATH\CodeIgniter.php(904): App\Controllers\BaseController->initController(Object(CodeIgniter\HTTP\IncomingRequest), Object(CodeIgniter\HTTP\Response), Object(CodeIgniter\Log\Logger))
 2 SYSTEMPATH\CodeIgniter.php(498): CodeIgniter\CodeIgniter->createController()
 3 SYSTEMPATH\CodeIgniter.php(354): CodeIgniter\CodeIgniter->handleRequest(null, Object(Config\Cache), false)
 4 SYSTEMPATH\Boot.php(363): CodeIgniter\CodeIgniter->run()
 5 SYSTEMPATH\Boot.php(68): CodeIgniter\Boot::runCodeIgniter(Object(CodeIgniter\CodeIgniter))
 6 FCPATH\index.php(59): CodeIgniter\Boot::bootWeb(Object(Config\Paths))
 7 SYSTEMPATH\rewrite.php(44): require_once('C:\\xampp\\htdocs\\cicemilankayo\\public\\index.php')
WARNING - 2025-12-16 10:36:44 --> [DEPRECATED] Creation of dynamic property App\Controllers\Beranda::$nama is deprecated in APPPATH\Controllers\BaseController.php on line 44.
 1 SYSTEMPATH\CodeIgniter.php(904): App\Controllers\BaseController->initController(Object(CodeIgniter\HTTP\IncomingRequest), Object(CodeIgniter\HTTP\Response), Object(CodeIgniter\Log\Logger))
 2 SYSTEMPATH\CodeIgniter.php(498): CodeIgniter\CodeIgniter->createController()
 3 SYSTEMPATH\CodeIgniter.php(354): CodeIgniter\CodeIgniter->handleRequest(null, Object(Config\Cache), false)
 4 SYSTEMPATH\Boot.php(363): CodeIgniter\CodeIgniter->run()
 5 SYSTEMPATH\Boot.php(68): CodeIgniter\Boot::runCodeIgniter(Object(CodeIgniter\CodeIgniter))
 6 FCPATH\index.php(59): CodeIgniter\Boot::bootWeb(Object(Config\Paths))
 7 SYSTEMPATH\rewrite.php(44): require_once('C:\\xampp\\htdocs\\cicemilankayo\\public\\index.php')
WARNING - 2025-12-16 10:36:46 --> [DEPRECATED] Creation of dynamic property App\Controllers\Layanan::$nama is deprecated in APPPATH\Controllers\BaseController.php on line 44.
 1 SYSTEMPATH\CodeIgniter.php(904): App\Controllers\BaseController->initController(Object(CodeIgniter\HTTP\IncomingRequest), Object(CodeIgniter\HTTP\Response), Object(CodeIgniter\Log\Logger))
 2 SYSTEMPATH\CodeIgniter.php(498): CodeIgniter\CodeIgniter->createController()
 3 SYSTEMPATH\CodeIgniter.php(354): CodeIgniter\CodeIgniter->handleRequest(null, Object(Config\Cache), false)
 4 SYSTEMPATH\Boot.php(363): CodeIgniter\CodeIgniter->run()
 5 SYSTEMPATH\Boot.php(68): CodeIgniter\Boot::runCodeIgniter(Object(CodeIgniter\CodeIgniter))
 6 FCPATH\index.php(59): CodeIgniter\Boot::bootWeb(Object(Config\Paths))
 7 SYSTEMPATH\rewrite.php(44): require_once('C:\\xampp\\htdocs\\cicemilankayo\\public\\index.php')
WARNING - 2025-12-16 10:36:47 --> [DEPRECATED] Creation of dynamic property App\Controllers\Layanan::$nama is deprecated in APPPATH\Controllers\BaseController.php on line 44.
 1 SYSTEMPATH\CodeIgniter.php(904): App\Controllers\BaseController->initController(Object(CodeIgniter\HTTP\IncomingRequest), Object(CodeIgniter\HTTP\Response), Object(CodeIgniter\Log\Logger))
 2 SYSTEMPATH\CodeIgniter.php(498): CodeIgniter\CodeIgniter->createController()
 3 SYSTEMPATH\CodeIgniter.php(354): CodeIgniter\CodeIgniter->handleRequest(null, Object(Config\Cache), false)
 4 SYSTEMPATH\Boot.php(363): CodeIgniter\CodeIgniter->run()
 5 SYSTEMPATH\Boot.php(68): CodeIgniter\Boot::runCodeIgniter(Object(CodeIgniter\CodeIgniter))
 6 FCPATH\index.php(59): CodeIgniter\Boot::bootWeb(Object(Config\Paths))
 7 SYSTEMPATH\rewrite.php(44): require_once('C:\\xampp\\htdocs\\cicemilankayo\\public\\index.php')
CRITICAL - 2025-12-16 10:36:47 --> ErrorException: Undefined variable $toko
[Method: GET, Route: produk]
in APPPATH\Views\produk.php on line 9.
 1 APPPATH\Views\produk.php(9): CodeIgniter\Debug\Exceptions->errorHandler(2, 'Undefined variable $toko', 'C:\\xampp\\htdocs\\cicemilankayo\\app\\Views\\produk.php', 9)
 2 SYSTEMPATH\View\View.php(226): include('C:\\xampp\\htdocs\\cicemilankayo\\app\\Views\\produk.php')
 3 SYSTEMPATH\View\View.php(229): CodeIgniter\View\View->CodeIgniter\View\{closure}()
 4 SYSTEMPATH\Common.php(1199): CodeIgniter\View\View->render('produk', [], true)
 5 APPPATH\Controllers\Layanan.php(28): view('produk', [...])
 6 SYSTEMPATH\CodeIgniter.php(933): App\Controllers\Layanan->produk()
 7 SYSTEMPATH\CodeIgniter.php(507): CodeIgniter\CodeIgniter->runController(Object(App\Controllers\Layanan))
 8 SYSTEMPATH\CodeIgniter.php(354): CodeIgniter\CodeIgniter->handleRequest(null, Object(Config\Cache), false)
 9 SYSTEMPATH\Boot.php(363): CodeIgniter\CodeIgniter->run()
10 SYSTEMPATH\Boot.php(68): CodeIgniter\Boot::runCodeIgniter(Object(CodeIgniter\CodeIgniter))
11 FCPATH\index.php(59): CodeIgniter\Boot::bootWeb(Object(Config\Paths))
12 SYSTEMPATH\rewrite.php(44): require_once('C:\\xampp\\htdocs\\cicemilankayo\\public\\index.php')
WARNING - 2025-12-16 10:37:07 --> [DEPRECATED] Creation of dynamic property App\Controllers\Layanan::$nama is deprecated in APPPATH\Controllers\BaseController.php on line 44.
 1 SYSTEMPATH\CodeIgniter.php(904): App\Controllers\BaseController->initController(Object(CodeIgniter\HTTP\IncomingRequest), Object(CodeIgniter\HTTP\Response), Object(CodeIgniter\Log\Logger))
 2 SYSTEMPATH\CodeIgniter.php(498): CodeIgniter\CodeIgniter->createController()
 3 SYSTEMPATH\CodeIgniter.php(354): CodeIgniter\CodeIgniter->handleRequest(null, Object(Config\Cache), false)
 4 SYSTEMPATH\Boot.php(363): CodeIgniter\CodeIgniter->run()
 5 SYSTEMPATH\Boot.php(68): CodeIgniter\Boot::runCodeIgniter(Object(CodeIgniter\CodeIgniter))
 6 FCPATH\index.php(59): CodeIgniter\Boot::bootWeb(Object(Config\Paths))
 7 SYSTEMPATH\rewrite.php(44): require_once('C:\\xampp\\htdocs\\cicemilankayo\\public\\index.php')
WARNING - 2025-12-16 10:37:09 --> [DEPRECATED] Creation of dynamic property App\Controllers\Layanan::$nama is deprecated in APPPATH\Controllers\BaseController.php on line 44.
 1 SYSTEMPATH\CodeIgniter.php(904): App\Controllers\BaseController->initController(Object(CodeIgniter\HTTP\IncomingRequest), Object(CodeIgniter\HTTP\Response), Object(CodeIgniter\Log\Logger))
 2 SYSTEMPATH\CodeIgniter.php(498): CodeIgniter\CodeIgniter->createController()
 3 SYSTEMPATH\CodeIgniter.php(354): CodeIgniter\CodeIgniter->handleRequest(null, Object(Config\Cache), false)
 4 SYSTEMPATH\Boot.php(363): CodeIgniter\CodeIgniter->run()
 5 SYSTEMPATH\Boot.php(68): CodeIgniter\Boot::runCodeIgniter(Object(CodeIgniter\CodeIgniter))
 6 FCPATH\index.php(59): CodeIgniter\Boot::bootWeb(Object(Config\Paths))
 7 SYSTEMPATH\rewrite.php(44): require_once('C:\\xampp\\htdocs\\cicemilankayo\\public\\index.php')
WARNING - 2025-12-16 10:39:13 --> [DEPRECATED] Creation of dynamic property App\Controllers\Layanan::$nama is deprecated in APPPATH\Controllers\BaseController.php on line 44.
 1 SYSTEMPATH\CodeIgniter.php(904): App\Controllers\BaseController->initController(Object(CodeIgniter\HTTP\IncomingRequest), Object(CodeIgniter\HTTP\Response), Object(CodeIgniter\Log\Logger))
 2 SYSTEMPATH\CodeIgniter.php(498): CodeIgniter\CodeIgniter->createController()
 3 SYSTEMPATH\CodeIgniter.php(354): CodeIgniter\CodeIgniter->handleRequest(null, Object(Config\Cache), false)
 4 SYSTEMPATH\Boot.php(363): CodeIgniter\CodeIgniter->run()
 5 SYSTEMPATH\Boot.php(68): CodeIgniter\Boot::runCodeIgniter(Object(CodeIgniter\CodeIgniter))
 6 FCPATH\index.php(59): CodeIgniter\Boot::bootWeb(Object(Config\Paths))
 7 SYSTEMPATH\rewrite.php(44): require_once('C:\\xampp\\htdocs\\cicemilankayo\\public\\index.php')
WARNING - 2025-12-16 10:39:15 --> [DEPRECATED] Creation of dynamic property App\Controllers\Layanan::$nama is deprecated in APPPATH\Controllers\BaseController.php on line 44.
 1 SYSTEMPATH\CodeIgniter.php(904): App\Controllers\BaseController->initController(Object(CodeIgniter\HTTP\IncomingRequest), Object(CodeIgniter\HTTP\Response), Object(CodeIgniter\Log\Logger))
 2 SYSTEMPATH\CodeIgniter.php(498): CodeIgniter\CodeIgniter->createController()
 3 SYSTEMPATH\CodeIgniter.php(354): CodeIgniter\CodeIgniter->handleRequest(null, Object(Config\Cache), false)
 4 SYSTEMPATH\Boot.php(363): CodeIgniter\CodeIgniter->run()
 5 SYSTEMPATH\Boot.php(68): CodeIgniter\Boot::runCodeIgniter(Object(CodeIgniter\CodeIgniter))
 6 FCPATH\index.php(59): CodeIgniter\Boot::bootWeb(Object(Config\Paths))
 7 SYSTEMPATH\rewrite.php(44): require_once('C:\\xampp\\htdocs\\cicemilankayo\\public\\index.php')
WARNING - 2025-12-16 10:41:06 --> [DEPRECATED] Creation of dynamic property App\Controllers\Layanan::$nama is deprecated in APPPATH\Controllers\BaseController.php on line 44.
 1 SYSTEMPATH\CodeIgniter.php(904): App\Controllers\BaseController->initController(Object(CodeIgniter\HTTP\IncomingRequest), Object(CodeIgniter\HTTP\Response), Object(CodeIgniter\Log\Logger))
 2 SYSTEMPATH\CodeIgniter.php(498): CodeIgniter\CodeIgniter->createController()
 3 SYSTEMPATH\CodeIgniter.php(354): CodeIgniter\CodeIgniter->handleRequest(null, Object(Config\Cache), false)
 4 SYSTEMPATH\Boot.php(363): CodeIgniter\CodeIgniter->run()
 5 SYSTEMPATH\Boot.php(68): CodeIgniter\Boot::runCodeIgniter(Object(CodeIgniter\CodeIgniter))
 6 FCPATH\index.php(59): CodeIgniter\Boot::bootWeb(Object(Config\Paths))
 7 SYSTEMPATH\rewrite.php(44): require_once('C:\\xampp\\htdocs\\cicemilankayo\\public\\index.php')
CRITICAL - 2025-12-16 10:41:06 --> ErrorException: Undefined array key "hargaproduk"
[Method: GET, Route: produk]
in APPPATH\Views\produk.php on line 14.
 1 APPPATH\Views\produk.php(14): CodeIgniter\Debug\Exceptions->errorHandler(2, 'Undefined array key "hargaproduk"', 'C:\\xampp\\htdocs\\cicemilankayo\\app\\Views\\produk.php', 14)
 2 SYSTEMPATH\View\View.php(226): include('C:\\xampp\\htdocs\\cicemilankayo\\app\\Views\\produk.php')
 3 SYSTEMPATH\View\View.php(229): CodeIgniter\View\View->CodeIgniter\View\{closure}()
 4 SYSTEMPATH\Common.php(1199): CodeIgniter\View\View->render('produk', [], true)
 5 APPPATH\Controllers\Layanan.php(28): view('produk', [...])
 6 SYSTEMPATH\CodeIgniter.php(933): App\Controllers\Layanan->produk()
 7 SYSTEMPATH\CodeIgniter.php(507): CodeIgniter\CodeIgniter->runController(Object(App\Controllers\Layanan))
 8 SYSTEMPATH\CodeIgniter.php(354): CodeIgniter\CodeIgniter->handleRequest(null, Object(Config\Cache), false)
 9 SYSTEMPATH\Boot.php(363): CodeIgniter\CodeIgniter->run()
10 SYSTEMPATH\Boot.php(68): CodeIgniter\Boot::runCodeIgniter(Object(CodeIgniter\CodeIgniter))
11 FCPATH\index.php(59): CodeIgniter\Boot::bootWeb(Object(Config\Paths))
12 SYSTEMPATH\rewrite.php(44): require_once('C:\\xampp\\htdocs\\cicemilankayo\\public\\index.php')
WARNING - 2025-12-16 10:41:35 --> [DEPRECATED] Creation of dynamic property App\Controllers\Layanan::$nama is deprecated in APPPATH\Controllers\BaseController.php on line 44.
 1 SYSTEMPATH\CodeIgniter.php(904): App\Controllers\BaseController->initController(Object(CodeIgniter\HTTP\IncomingRequest), Object(CodeIgniter\HTTP\Response), Object(CodeIgniter\Log\Logger))
 2 SYSTEMPATH\CodeIgniter.php(498): CodeIgniter\CodeIgniter->createController()
 3 SYSTEMPATH\CodeIgniter.php(354): CodeIgniter\CodeIgniter->handleRequest(null, Object(Config\Cache), false)
 4 SYSTEMPATH\Boot.php(363): CodeIgniter\CodeIgniter->run()
 5 SYSTEMPATH\Boot.php(68): CodeIgniter\Boot::runCodeIgniter(Object(CodeIgniter\CodeIgniter))
 6 FCPATH\index.php(59): CodeIgniter\Boot::bootWeb(Object(Config\Paths))
 7 SYSTEMPATH\rewrite.php(44): require_once('C:\\xampp\\htdocs\\cicemilankayo\\public\\index.php')
WARNING - 2025-12-16 10:41:48 --> [DEPRECATED] Creation of dynamic property App\Controllers\Layanan::$nama is deprecated in APPPATH\Controllers\BaseController.php on line 44.
 1 SYSTEMPATH\CodeIgniter.php(904): App\Controllers\BaseController->initController(Object(CodeIgniter\HTTP\IncomingRequest), Object(CodeIgniter\HTTP\Response), Object(CodeIgniter\Log\Logger))
 2 SYSTEMPATH\CodeIgniter.php(498): CodeIgniter\CodeIgniter->createController()
 3 SYSTEMPATH\CodeIgniter.php(354): CodeIgniter\CodeIgniter->handleRequest(null, Object(Config\Cache), false)
 4 SYSTEMPATH\Boot.php(363): CodeIgniter\CodeIgniter->run()
 5 SYSTEMPATH\Boot.php(68): CodeIgniter\Boot::runCodeIgniter(Object(CodeIgniter\CodeIgniter))
 6 FCPATH\index.php(59): CodeIgniter\Boot::bootWeb(Object(Config\Paths))
 7 SYSTEMPATH\rewrite.php(44): require_once('C:\\xampp\\htdocs\\cicemilankayo\\public\\index.php')
WARNING - 2025-12-16 10:42:17 --> [DEPRECATED] Creation of dynamic property App\Controllers\Layanan::$nama is deprecated in APPPATH\Controllers\BaseController.php on line 44.
 1 SYSTEMPATH\CodeIgniter.php(904): App\Controllers\BaseController->initController(Object(CodeIgniter\HTTP\IncomingRequest), Object(CodeIgniter\HTTP\Response), Object(CodeIgniter\Log\Logger))
 2 SYSTEMPATH\CodeIgniter.php(498): CodeIgniter\CodeIgniter->createController()
 3 SYSTEMPATH\CodeIgniter.php(354): CodeIgniter\CodeIgniter->handleRequest(null, Object(Config\Cache), false)
 4 SYSTEMPATH\Boot.php(363): CodeIgniter\CodeIgniter->run()
 5 SYSTEMPATH\Boot.php(68): CodeIgniter\Boot::runCodeIgniter(Object(CodeIgniter\CodeIgniter))
 6 FCPATH\index.php(59): CodeIgniter\Boot::bootWeb(Object(Config\Paths))
 7 SYSTEMPATH\rewrite.php(44): require_once('C:\\xampp\\htdocs\\cicemilankayo\\public\\index.php')
WARNING - 2025-12-16 10:43:05 --> [DEPRECATED] Creation of dynamic property App\Controllers\Layanan::$nama is deprecated in APPPATH\Controllers\BaseController.php on line 44.
 1 SYSTEMPATH\CodeIgniter.php(904): App\Controllers\BaseController->initController(Object(CodeIgniter\HTTP\IncomingRequest), Object(CodeIgniter\HTTP\Response), Object(CodeIgniter\Log\Logger))
 2 SYSTEMPATH\CodeIgniter.php(498): CodeIgniter\CodeIgniter->createController()
 3 SYSTEMPATH\CodeIgniter.php(354): CodeIgniter\CodeIgniter->handleRequest(null, Object(Config\Cache), false)
 4 SYSTEMPATH\Boot.php(363): CodeIgniter\CodeIgniter->run()
 5 SYSTEMPATH\Boot.php(68): CodeIgniter\Boot::runCodeIgniter(Object(CodeIgniter\CodeIgniter))
 6 FCPATH\index.php(59): CodeIgniter\Boot::bootWeb(Object(Config\Paths))
 7 SYSTEMPATH\rewrite.php(44): require_once('C:\\xampp\\htdocs\\cicemilankayo\\public\\index.php')
WARNING - 2025-12-16 10:43:08 --> [DEPRECATED] Creation of dynamic property App\Controllers\Layanan::$nama is deprecated in APPPATH\Controllers\BaseController.php on line 44.
 1 SYSTEMPATH\CodeIgniter.php(904): App\Controllers\BaseController->initController(Object(CodeIgniter\HTTP\IncomingRequest), Object(CodeIgniter\HTTP\Response), Object(CodeIgniter\Log\Logger))
 2 SYSTEMPATH\CodeIgniter.php(498): CodeIgniter\CodeIgniter->createController()
 3 SYSTEMPATH\CodeIgniter.php(354): CodeIgniter\CodeIgniter->handleRequest(null, Object(Config\Cache), false)
 4 SYSTEMPATH\Boot.php(363): CodeIgniter\CodeIgniter->run()
 5 SYSTEMPATH\Boot.php(68): CodeIgniter\Boot::runCodeIgniter(Object(CodeIgniter\CodeIgniter))
 6 FCPATH\index.php(59): CodeIgniter\Boot::bootWeb(Object(Config\Paths))
 7 SYSTEMPATH\rewrite.php(44): require_once('C:\\xampp\\htdocs\\cicemilankayo\\public\\index.php')
WARNING - 2025-12-16 10:43:33 --> [DEPRECATED] Creation of dynamic property App\Controllers\Beranda::$nama is deprecated in APPPATH\Controllers\BaseController.php on line 44.
 1 SYSTEMPATH\CodeIgniter.php(904): App\Controllers\BaseController->initController(Object(CodeIgniter\HTTP\IncomingRequest), Object(CodeIgniter\HTTP\Response), Object(CodeIgniter\Log\Logger))
 2 SYSTEMPATH\CodeIgniter.php(498): CodeIgniter\CodeIgniter->createController()
 3 SYSTEMPATH\CodeIgniter.php(354): CodeIgniter\CodeIgniter->handleRequest(null, Object(Config\Cache), false)
 4 SYSTEMPATH\Boot.php(363): CodeIgniter\CodeIgniter->run()
 5 SYSTEMPATH\Boot.php(68): CodeIgniter\Boot::runCodeIgniter(Object(CodeIgniter\CodeIgniter))
 6 FCPATH\index.php(59): CodeIgniter\Boot::bootWeb(Object(Config\Paths))
 7 SYSTEMPATH\rewrite.php(44): require_once('C:\\xampp\\htdocs\\cicemilankayo\\public\\index.php')
WARNING - 2025-12-16 10:43:50 --> [DEPRECATED] Creation of dynamic property App\Controllers\Beranda::$nama is deprecated in APPPATH\Controllers\BaseController.php on line 44.
 1 SYSTEMPATH\CodeIgniter.php(904): App\Controllers\BaseController->initController(Object(CodeIgniter\HTTP\IncomingRequest), Object(CodeIgniter\HTTP\Response), Object(CodeIgniter\Log\Logger))
 2 SYSTEMPATH\CodeIgniter.php(498): CodeIgniter\CodeIgniter->createController()
 3 SYSTEMPATH\CodeIgniter.php(354): CodeIgniter\CodeIgniter->handleRequest(null, Object(Config\Cache), false)
 4 SYSTEMPATH\Boot.php(363): CodeIgniter\CodeIgniter->run()
 5 SYSTEMPATH\Boot.php(68): CodeIgniter\Boot::runCodeIgniter(Object(CodeIgniter\CodeIgniter))
 6 FCPATH\index.php(59): CodeIgniter\Boot::bootWeb(Object(Config\Paths))
 7 SYSTEMPATH\rewrite.php(44): require_once('C:\\xampp\\htdocs\\cicemilankayo\\public\\index.php')
WARNING - 2025-12-16 10:43:53 --> [DEPRECATED] Creation of dynamic property App\Controllers\Portofolio::$nama is deprecated in APPPATH\Controllers\BaseController.php on line 44.
 1 SYSTEMPATH\CodeIgniter.php(904): App\Controllers\BaseController->initController(Object(CodeIgniter\HTTP\IncomingRequest), Object(CodeIgniter\HTTP\Response), Object(CodeIgniter\Log\Logger))
 2 SYSTEMPATH\CodeIgniter.php(498): CodeIgniter\CodeIgniter->createController()
 3 SYSTEMPATH\CodeIgniter.php(354): CodeIgniter\CodeIgniter->handleRequest(null, Object(Config\Cache), false)
 4 SYSTEMPATH\Boot.php(363): CodeIgniter\CodeIgniter->run()
 5 SYSTEMPATH\Boot.php(68): CodeIgniter\Boot::runCodeIgniter(Object(CodeIgniter\CodeIgniter))
 6 FCPATH\index.php(59): CodeIgniter\Boot::bootWeb(Object(Config\Paths))
 7 SYSTEMPATH\rewrite.php(44): require_once('C:\\xampp\\htdocs\\cicemilankayo\\public\\index.php')
WARNING - 2025-12-16 10:43:55 --> [DEPRECATED] Creation of dynamic property App\Controllers\Layanan::$nama is deprecated in APPPATH\Controllers\BaseController.php on line 44.
 1 SYSTEMPATH\CodeIgniter.php(904): App\Controllers\BaseController->initController(Object(CodeIgniter\HTTP\IncomingRequest), Object(CodeIgniter\HTTP\Response), Object(CodeIgniter\Log\Logger))
 2 SYSTEMPATH\CodeIgniter.php(498): CodeIgniter\CodeIgniter->createController()
 3 SYSTEMPATH\CodeIgniter.php(354): CodeIgniter\CodeIgniter->handleRequest(null, Object(Config\Cache), false)
 4 SYSTEMPATH\Boot.php(363): CodeIgniter\CodeIgniter->run()
 5 SYSTEMPATH\Boot.php(68): CodeIgniter\Boot::runCodeIgniter(Object(CodeIgniter\CodeIgniter))
 6 FCPATH\index.php(59): CodeIgniter\Boot::bootWeb(Object(Config\Paths))
 7 SYSTEMPATH\rewrite.php(44): require_once('C:\\xampp\\htdocs\\cicemilankayo\\public\\index.php')
WARNING - 2025-12-16 10:44:02 --> [DEPRECATED] Creation of dynamic property App\Controllers\Layanan::$nama is deprecated in APPPATH\Controllers\BaseController.php on line 44.
 1 SYSTEMPATH\CodeIgniter.php(904): App\Controllers\BaseController->initController(Object(CodeIgniter\HTTP\IncomingRequest), Object(CodeIgniter\HTTP\Response), Object(CodeIgniter\Log\Logger))
 2 SYSTEMPATH\CodeIgniter.php(498): CodeIgniter\CodeIgniter->createController()
 3 SYSTEMPATH\CodeIgniter.php(354): CodeIgniter\CodeIgniter->handleRequest(null, Object(Config\Cache), false)
 4 SYSTEMPATH\Boot.php(363): CodeIgniter\CodeIgniter->run()
 5 SYSTEMPATH\Boot.php(68): CodeIgniter\Boot::runCodeIgniter(Object(CodeIgniter\CodeIgniter))
 6 FCPATH\index.php(59): CodeIgniter\Boot::bootWeb(Object(Config\Paths))
 7 SYSTEMPATH\rewrite.php(44): require_once('C:\\xampp\\htdocs\\cicemilankayo\\public\\index.php')
WARNING - 2025-12-16 10:44:13 --> [DEPRECATED] Creation of dynamic property App\Controllers\Beranda::$nama is deprecated in APPPATH\Controllers\BaseController.php on line 44.
 1 SYSTEMPATH\CodeIgniter.php(904): App\Controllers\BaseController->initController(Object(CodeIgniter\HTTP\IncomingRequest), Object(CodeIgniter\HTTP\Response), Object(CodeIgniter\Log\Logger))
 2 SYSTEMPATH\CodeIgniter.php(498): CodeIgniter\CodeIgniter->createController()
 3 SYSTEMPATH\CodeIgniter.php(354): CodeIgniter\CodeIgniter->handleRequest(null, Object(Config\Cache), false)
 4 SYSTEMPATH\Boot.php(363): CodeIgniter\CodeIgniter->run()
 5 SYSTEMPATH\Boot.php(68): CodeIgniter\Boot::runCodeIgniter(Object(CodeIgniter\CodeIgniter))
 6 FCPATH\index.php(59): CodeIgniter\Boot::bootWeb(Object(Config\Paths))
 7 SYSTEMPATH\rewrite.php(44): require_once('C:\\xampp\\htdocs\\cicemilankayo\\public\\index.php')
WARNING - 2025-12-16 10:44:18 --> [DEPRECATED] Creation of dynamic property App\Controllers\Layanan::$nama is deprecated in APPPATH\Controllers\BaseController.php on line 44.
 1 SYSTEMPATH\CodeIgniter.php(904): App\Controllers\BaseController->initController(Object(CodeIgniter\HTTP\IncomingRequest), Object(CodeIgniter\HTTP\Response), Object(CodeIgniter\Log\Logger))
 2 SYSTEMPATH\CodeIgniter.php(498): CodeIgniter\CodeIgniter->createController()
 3 SYSTEMPATH\CodeIgniter.php(354): CodeIgniter\CodeIgniter->handleRequest(null, Object(Config\Cache), false)
 4 SYSTEMPATH\Boot.php(363): CodeIgniter\CodeIgniter->run()
 5 SYSTEMPATH\Boot.php(68): CodeIgniter\Boot::runCodeIgniter(Object(CodeIgniter\CodeIgniter))
 6 FCPATH\index.php(59): CodeIgniter\Boot::bootWeb(Object(Config\Paths))
 7 SYSTEMPATH\rewrite.php(44): require_once('C:\\xampp\\htdocs\\cicemilankayo\\public\\index.php')
WARNING - 2025-12-16 10:44:28 --> [DEPRECATED] Creation of dynamic property App\Controllers\Layanan::$nama is deprecated in APPPATH\Controllers\BaseController.php on line 44.
 1 SYSTEMPATH\CodeIgniter.php(904): App\Controllers\BaseController->initController(Object(CodeIgniter\HTTP\IncomingRequest), Object(CodeIgniter\HTTP\Response), Object(CodeIgniter\Log\Logger))
 2 SYSTEMPATH\CodeIgniter.php(498): CodeIgniter\CodeIgniter->createController()
 3 SYSTEMPATH\CodeIgniter.php(354): CodeIgniter\CodeIgniter->handleRequest(null, Object(Config\Cache), false)
 4 SYSTEMPATH\Boot.php(363): CodeIgniter\CodeIgniter->run()
 5 SYSTEMPATH\Boot.php(68): CodeIgniter\Boot::runCodeIgniter(Object(CodeIgniter\CodeIgniter))
 6 FCPATH\index.php(59): CodeIgniter\Boot::bootWeb(Object(Config\Paths))
 7 SYSTEMPATH\rewrite.php(44): require_once('C:\\xampp\\htdocs\\cicemilankayo\\public\\index.php')
WARNING - 2025-12-16 10:44:37 --> [DEPRECATED] Creation of dynamic property App\Controllers\Portofolio::$nama is deprecated in APPPATH\Controllers\BaseController.php on line 44.
 1 SYSTEMPATH\CodeIgniter.php(904): App\Controllers\BaseController->initController(Object(CodeIgniter\HTTP\IncomingRequest), Object(CodeIgniter\HTTP\Response), Object(CodeIgniter\Log\Logger))
 2 SYSTEMPATH\CodeIgniter.php(498): CodeIgniter\CodeIgniter->createController()
 3 SYSTEMPATH\CodeIgniter.php(354): CodeIgniter\CodeIgniter->handleRequest(null, Object(Config\Cache), false)
 4 SYSTEMPATH\Boot.php(363): CodeIgniter\CodeIgniter->run()
 5 SYSTEMPATH\Boot.php(68): CodeIgniter\Boot::runCodeIgniter(Object(CodeIgniter\CodeIgniter))
 6 FCPATH\index.php(59): CodeIgniter\Boot::bootWeb(Object(Config\Paths))
 7 SYSTEMPATH\rewrite.php(44): require_once('C:\\xampp\\htdocs\\cicemilankayo\\public\\index.php')
WARNING - 2025-12-16 10:44:41 --> [DEPRECATED] Creation of dynamic property App\Controllers\Beranda::$nama is deprecated in APPPATH\Controllers\BaseController.php on line 44.
 1 SYSTEMPATH\CodeIgniter.php(904): App\Controllers\BaseController->initController(Object(CodeIgniter\HTTP\IncomingRequest), Object(CodeIgniter\HTTP\Response), Object(CodeIgniter\Log\Logger))
 2 SYSTEMPATH\CodeIgniter.php(498): CodeIgniter\CodeIgniter->createController()
 3 SYSTEMPATH\CodeIgniter.php(354): CodeIgniter\CodeIgniter->handleRequest(null, Object(Config\Cache), false)
 4 SYSTEMPATH\Boot.php(363): CodeIgniter\CodeIgniter->run()
 5 SYSTEMPATH\Boot.php(68): CodeIgniter\Boot::runCodeIgniter(Object(CodeIgniter\CodeIgniter))
 6 FCPATH\index.php(59): CodeIgniter\Boot::bootWeb(Object(Config\Paths))
 7 SYSTEMPATH\rewrite.php(44): require_once('C:\\xampp\\htdocs\\cicemilankayo\\public\\index.php')
WARNING - 2025-12-16 10:44:48 --> [DEPRECATED] Creation of dynamic property App\Controllers\Layanan::$nama is deprecated in APPPATH\Controllers\BaseController.php on line 44.
 1 SYSTEMPATH\CodeIgniter.php(904): App\Controllers\BaseController->initController(Object(CodeIgniter\HTTP\IncomingRequest), Object(CodeIgniter\HTTP\Response), Object(CodeIgniter\Log\Logger))
 2 SYSTEMPATH\CodeIgniter.php(498): CodeIgniter\CodeIgniter->createController()
 3 SYSTEMPATH\CodeIgniter.php(354): CodeIgniter\CodeIgniter->handleRequest(null, Object(Config\Cache), false)
 4 SYSTEMPATH\Boot.php(363): CodeIgniter\CodeIgniter->run()
 5 SYSTEMPATH\Boot.php(68): CodeIgniter\Boot::runCodeIgniter(Object(CodeIgniter\CodeIgniter))
 6 FCPATH\index.php(59): CodeIgniter\Boot::bootWeb(Object(Config\Paths))
 7 SYSTEMPATH\rewrite.php(44): require_once('C:\\xampp\\htdocs\\cicemilankayo\\public\\index.php')
WARNING - 2025-12-16 10:44:56 --> [DEPRECATED] Creation of dynamic property App\Controllers\Layanan::$nama is deprecated in APPPATH\Controllers\BaseController.php on line 44.
 1 SYSTEMPATH\CodeIgniter.php(904): App\Controllers\BaseController->initController(Object(CodeIgniter\HTTP\IncomingRequest), Object(CodeIgniter\HTTP\Response), Object(CodeIgniter\Log\Logger))
 2 SYSTEMPATH\CodeIgniter.php(498): CodeIgniter\CodeIgniter->createController()
 3 SYSTEMPATH\CodeIgniter.php(354): CodeIgniter\CodeIgniter->handleRequest(null, Object(Config\Cache), false)
 4 SYSTEMPATH\Boot.php(363): CodeIgniter\CodeIgniter->run()
 5 SYSTEMPATH\Boot.php(68): CodeIgniter\Boot::runCodeIgniter(Object(CodeIgniter\CodeIgniter))
 6 FCPATH\index.php(59): CodeIgniter\Boot::bootWeb(Object(Config\Paths))
 7 SYSTEMPATH\rewrite.php(44): require_once('C:\\xampp\\htdocs\\cicemilankayo\\public\\index.php')
WARNING - 2025-12-16 10:45:01 --> [DEPRECATED] Creation of dynamic property App\Controllers\Layanan::$nama is deprecated in APPPATH\Controllers\BaseController.php on line 44.
 1 SYSTEMPATH\CodeIgniter.php(904): App\Controllers\BaseController->initController(Object(CodeIgniter\HTTP\IncomingRequest), Object(CodeIgniter\HTTP\Response), Object(CodeIgniter\Log\Logger))
 2 SYSTEMPATH\CodeIgniter.php(498): CodeIgniter\CodeIgniter->createController()
 3 SYSTEMPATH\CodeIgniter.php(354): CodeIgniter\CodeIgniter->handleRequest(null, Object(Config\Cache), false)
 4 SYSTEMPATH\Boot.php(363): CodeIgniter\CodeIgniter->run()
 5 SYSTEMPATH\Boot.php(68): CodeIgniter\Boot::runCodeIgniter(Object(CodeIgniter\CodeIgniter))
 6 FCPATH\index.php(59): CodeIgniter\Boot::bootWeb(Object(Config\Paths))
 7 SYSTEMPATH\rewrite.php(44): require_once('C:\\xampp\\htdocs\\cicemilankayo\\public\\index.php')
WARNING - 2025-12-16 10:45:28 --> [DEPRECATED] Creation of dynamic property App\Controllers\Layanan::$nama is deprecated in APPPATH\Controllers\BaseController.php on line 44.
 1 SYSTEMPATH\CodeIgniter.php(904): App\Controllers\BaseController->initController(Object(CodeIgniter\HTTP\IncomingRequest), Object(CodeIgniter\HTTP\Response), Object(CodeIgniter\Log\Logger))
 2 SYSTEMPATH\CodeIgniter.php(498): CodeIgniter\CodeIgniter->createController()
 3 SYSTEMPATH\CodeIgniter.php(354): CodeIgniter\CodeIgniter->handleRequest(null, Object(Config\Cache), false)
 4 SYSTEMPATH\Boot.php(363): CodeIgniter\CodeIgniter->run()
 5 SYSTEMPATH\Boot.php(68): CodeIgniter\Boot::runCodeIgniter(Object(CodeIgniter\CodeIgniter))
 6 FCPATH\index.php(59): CodeIgniter\Boot::bootWeb(Object(Config\Paths))
 7 SYSTEMPATH\rewrite.php(44): require_once('C:\\xampp\\htdocs\\cicemilankayo\\public\\index.php')
WARNING - 2025-12-16 10:45:32 --> [DEPRECATED] Creation of dynamic property App\Controllers\Beranda::$nama is deprecated in APPPATH\Controllers\BaseController.php on line 44.
 1 SYSTEMPATH\CodeIgniter.php(904): App\Controllers\BaseController->initController(Object(CodeIgniter\HTTP\IncomingRequest), Object(CodeIgniter\HTTP\Response), Object(CodeIgniter\Log\Logger))
 2 SYSTEMPATH\CodeIgniter.php(498): CodeIgniter\CodeIgniter->createController()
 3 SYSTEMPATH\CodeIgniter.php(354): CodeIgniter\CodeIgniter->handleRequest(null, Object(Config\Cache), false)
 4 SYSTEMPATH\Boot.php(363): CodeIgniter\CodeIgniter->run()
 5 SYSTEMPATH\Boot.php(68): CodeIgniter\Boot::runCodeIgniter(Object(CodeIgniter\CodeIgniter))
 6 FCPATH\index.php(59): CodeIgniter\Boot::bootWeb(Object(Config\Paths))
 7 SYSTEMPATH\rewrite.php(44): require_once('C:\\xampp\\htdocs\\cicemilankayo\\public\\index.php')
WARNING - 2025-12-16 10:45:58 --> [DEPRECATED] Creation of dynamic property App\Controllers\Portofolio::$nama is deprecated in APPPATH\Controllers\BaseController.php on line 44.
 1 SYSTEMPATH\CodeIgniter.php(904): App\Controllers\BaseController->initController(Object(CodeIgniter\HTTP\IncomingRequest), Object(CodeIgniter\HTTP\Response), Object(CodeIgniter\Log\Logger))
 2 SYSTEMPATH\CodeIgniter.php(498): CodeIgniter\CodeIgniter->createController()
 3 SYSTEMPATH\CodeIgniter.php(354): CodeIgniter\CodeIgniter->handleRequest(null, Object(Config\Cache), false)
 4 SYSTEMPATH\Boot.php(363): CodeIgniter\CodeIgniter->run()
 5 SYSTEMPATH\Boot.php(68): CodeIgniter\Boot::runCodeIgniter(Object(CodeIgniter\CodeIgniter))
 6 FCPATH\index.php(59): CodeIgniter\Boot::bootWeb(Object(Config\Paths))
 7 SYSTEMPATH\rewrite.php(44): require_once('C:\\xampp\\htdocs\\cicemilankayo\\public\\index.php')
WARNING - 2025-12-16 10:46:00 --> [DEPRECATED] Creation of dynamic property App\Controllers\Portofolio::$nama is deprecated in APPPATH\Controllers\BaseController.php on line 44.
 1 SYSTEMPATH\CodeIgniter.php(904): App\Controllers\BaseController->initController(Object(CodeIgniter\HTTP\IncomingRequest), Object(CodeIgniter\HTTP\Response), Object(CodeIgniter\Log\Logger))
 2 SYSTEMPATH\CodeIgniter.php(498): CodeIgniter\CodeIgniter->createController()
 3 SYSTEMPATH\CodeIgniter.php(354): CodeIgniter\CodeIgniter->handleRequest(null, Object(Config\Cache), false)
 4 SYSTEMPATH\Boot.php(363): CodeIgniter\CodeIgniter->run()
 5 SYSTEMPATH\Boot.php(68): CodeIgniter\Boot::runCodeIgniter(Object(CodeIgniter\CodeIgniter))
 6 FCPATH\index.php(59): CodeIgniter\Boot::bootWeb(Object(Config\Paths))
 7 SYSTEMPATH\rewrite.php(44): require_once('C:\\xampp\\htdocs\\cicemilankayo\\public\\index.php')
WARNING - 2025-12-16 10:46:02 --> [DEPRECATED] Creation of dynamic property App\Controllers\Beranda::$nama is deprecated in APPPATH\Controllers\BaseController.php on line 44.
 1 SYSTEMPATH\CodeIgniter.php(904): App\Controllers\BaseController->initController(Object(CodeIgniter\HTTP\IncomingRequest), Object(CodeIgniter\HTTP\Response), Object(CodeIgniter\Log\Logger))
 2 SYSTEMPATH\CodeIgniter.php(498): CodeIgniter\CodeIgniter->createController()
 3 SYSTEMPATH\CodeIgniter.php(354): CodeIgniter\CodeIgniter->handleRequest(null, Object(Config\Cache), false)
 4 SYSTEMPATH\Boot.php(363): CodeIgniter\CodeIgniter->run()
 5 SYSTEMPATH\Boot.php(68): CodeIgniter\Boot::runCodeIgniter(Object(CodeIgniter\CodeIgniter))
 6 FCPATH\index.php(59): CodeIgniter\Boot::bootWeb(Object(Config\Paths))
 7 SYSTEMPATH\rewrite.php(44): require_once('C:\\xampp\\htdocs\\cicemilankayo\\public\\index.php')
WARNING - 2025-12-16 10:46:15 --> [DEPRECATED] Creation of dynamic property App\Controllers\Layanan::$nama is deprecated in APPPATH\Controllers\BaseController.php on line 44.
 1 SYSTEMPATH\CodeIgniter.php(904): App\Controllers\BaseController->initController(Object(CodeIgniter\HTTP\IncomingRequest), Object(CodeIgniter\HTTP\Response), Object(CodeIgniter\Log\Logger))
 2 SYSTEMPATH\CodeIgniter.php(498): CodeIgniter\CodeIgniter->createController()
 3 SYSTEMPATH\CodeIgniter.php(354): CodeIgniter\CodeIgniter->handleRequest(null, Object(Config\Cache), false)
 4 SYSTEMPATH\Boot.php(363): CodeIgniter\CodeIgniter->run()
 5 SYSTEMPATH\Boot.php(68): CodeIgniter\Boot::runCodeIgniter(Object(CodeIgniter\CodeIgniter))
 6 FCPATH\index.php(59): CodeIgniter\Boot::bootWeb(Object(Config\Paths))
 7 SYSTEMPATH\rewrite.php(44): require_once('C:\\xampp\\htdocs\\cicemilankayo\\public\\index.php')
WARNING - 2025-12-16 10:46:25 --> [DEPRECATED] Creation of dynamic property App\Controllers\Layanan::$nama is deprecated in APPPATH\Controllers\BaseController.php on line 44.
 1 SYSTEMPATH\CodeIgniter.php(904): App\Controllers\BaseController->initController(Object(CodeIgniter\HTTP\IncomingRequest), Object(CodeIgniter\HTTP\Response), Object(CodeIgniter\Log\Logger))
 2 SYSTEMPATH\CodeIgniter.php(498): CodeIgniter\CodeIgniter->createController()
 3 SYSTEMPATH\CodeIgniter.php(354): CodeIgniter\CodeIgniter->handleRequest(null, Object(Config\Cache), false)
 4 SYSTEMPATH\Boot.php(363): CodeIgniter\CodeIgniter->run()
 5 SYSTEMPATH\Boot.php(68): CodeIgniter\Boot::runCodeIgniter(Object(CodeIgniter\CodeIgniter))
 6 FCPATH\index.php(59): CodeIgniter\Boot::bootWeb(Object(Config\Paths))
 7 SYSTEMPATH\rewrite.php(44): require_once('C:\\xampp\\htdocs\\cicemilankayo\\public\\index.php')
WARNING - 2025-12-16 10:51:05 --> [DEPRECATED] Creation of dynamic property App\Controllers\Layanan::$nama is deprecated in APPPATH\Controllers\BaseController.php on line 44.
 1 SYSTEMPATH\CodeIgniter.php(904): App\Controllers\BaseController->initController(Object(CodeIgniter\HTTP\IncomingRequest), Object(CodeIgniter\HTTP\Response), Object(CodeIgniter\Log\Logger))
 2 SYSTEMPATH\CodeIgniter.php(498): CodeIgniter\CodeIgniter->createController()
 3 SYSTEMPATH\CodeIgniter.php(354): CodeIgniter\CodeIgniter->handleRequest(null, Object(Config\Cache), false)
 4 SYSTEMPATH\Boot.php(363): CodeIgniter\CodeIgniter->run()
 5 SYSTEMPATH\Boot.php(68): CodeIgniter\Boot::runCodeIgniter(Object(CodeIgniter\CodeIgniter))
 6 FCPATH\index.php(59): CodeIgniter\Boot::bootWeb(Object(Config\Paths))
 7 SYSTEMPATH\rewrite.php(44): require_once('C:\\xampp\\htdocs\\cicemilankayo\\public\\index.php')
WARNING - 2025-12-16 10:51:07 --> [DEPRECATED] Creation of dynamic property App\Controllers\Layanan::$nama is deprecated in APPPATH\Controllers\BaseController.php on line 44.
 1 SYSTEMPATH\CodeIgniter.php(904): App\Controllers\BaseController->initController(Object(CodeIgniter\HTTP\IncomingRequest), Object(CodeIgniter\HTTP\Response), Object(CodeIgniter\Log\Logger))
 2 SYSTEMPATH\CodeIgniter.php(498): CodeIgniter\CodeIgniter->createController()
 3 SYSTEMPATH\CodeIgniter.php(354): CodeIgniter\CodeIgniter->handleRequest(null, Object(Config\Cache), false)
 4 SYSTEMPATH\Boot.php(363): CodeIgniter\CodeIgniter->run()
 5 SYSTEMPATH\Boot.php(68): CodeIgniter\Boot::runCodeIgniter(Object(CodeIgniter\CodeIgniter))
 6 FCPATH\index.php(59): CodeIgniter\Boot::bootWeb(Object(Config\Paths))
 7 SYSTEMPATH\rewrite.php(44): require_once('C:\\xampp\\htdocs\\cicemilankayo\\public\\index.php')
WARNING - 2025-12-16 10:51:48 --> [DEPRECATED] Creation of dynamic property App\Controllers\Home::$nama is deprecated in APPPATH\Controllers\BaseController.php on line 44.
 1 SYSTEMPATH\CodeIgniter.php(904): App\Controllers\BaseController->initController(Object(CodeIgniter\HTTP\IncomingRequest), Object(CodeIgniter\HTTP\Response), Object(CodeIgniter\Log\Logger))
 2 SYSTEMPATH\CodeIgniter.php(498): CodeIgniter\CodeIgniter->createController()
 3 SYSTEMPATH\CodeIgniter.php(354): CodeIgniter\CodeIgniter->handleRequest(null, Object(Config\Cache), false)
 4 SYSTEMPATH\Boot.php(363): CodeIgniter\CodeIgniter->run()
 5 SYSTEMPATH\Boot.php(68): CodeIgniter\Boot::runCodeIgniter(Object(CodeIgniter\CodeIgniter))
 6 FCPATH\index.php(59): CodeIgniter\Boot::bootWeb(Object(Config\Paths))
 7 SYSTEMPATH\rewrite.php(44): require_once('C:\\xampp\\htdocs\\cicemilankayo\\public\\index.php')
WARNING - 2025-12-16 10:51:52 --> [DEPRECATED] Creation of dynamic property App\Controllers\Layanan::$nama is deprecated in APPPATH\Controllers\BaseController.php on line 44.
 1 SYSTEMPATH\CodeIgniter.php(904): App\Controllers\BaseController->initController(Object(CodeIgniter\HTTP\IncomingRequest), Object(CodeIgniter\HTTP\Response), Object(CodeIgniter\Log\Logger))
 2 SYSTEMPATH\CodeIgniter.php(498): CodeIgniter\CodeIgniter->createController()
 3 SYSTEMPATH\CodeIgniter.php(354): CodeIgniter\CodeIgniter->handleRequest(null, Object(Config\Cache), false)
 4 SYSTEMPATH\Boot.php(363): CodeIgniter\CodeIgniter->run()
 5 SYSTEMPATH\Boot.php(68): CodeIgniter\Boot::runCodeIgniter(Object(CodeIgniter\CodeIgniter))
 6 FCPATH\index.php(59): CodeIgniter\Boot::bootWeb(Object(Config\Paths))
 7 SYSTEMPATH\rewrite.php(44): require_once('C:\\xampp\\htdocs\\cicemilankayo\\public\\index.php')
WARNING - 2025-12-16 10:51:55 --> [DEPRECATED] Creation of dynamic property App\Controllers\Layanan::$nama is deprecated in APPPATH\Controllers\BaseController.php on line 44.
 1 SYSTEMPATH\CodeIgniter.php(904): App\Controllers\BaseController->initController(Object(CodeIgniter\HTTP\IncomingRequest), Object(CodeIgniter\HTTP\Response), Object(CodeIgniter\Log\Logger))
 2 SYSTEMPATH\CodeIgniter.php(498): CodeIgniter\CodeIgniter->createController()
 3 SYSTEMPATH\CodeIgniter.php(354): CodeIgniter\CodeIgniter->handleRequest(null, Object(Config\Cache), false)
 4 SYSTEMPATH\Boot.php(363): CodeIgniter\CodeIgniter->run()
 5 SYSTEMPATH\Boot.php(68): CodeIgniter\Boot::runCodeIgniter(Object(CodeIgniter\CodeIgniter))
 6 FCPATH\index.php(59): CodeIgniter\Boot::bootWeb(Object(Config\Paths))
 7 SYSTEMPATH\rewrite.php(44): require_once('C:\\xampp\\htdocs\\cicemilankayo\\public\\index.php')
WARNING - 2025-12-16 10:52:37 --> [DEPRECATED] Creation of dynamic property App\Controllers\Layanan::$nama is deprecated in APPPATH\Controllers\BaseController.php on line 44.
 1 SYSTEMPATH\CodeIgniter.php(904): App\Controllers\BaseController->initController(Object(CodeIgniter\HTTP\IncomingRequest), Object(CodeIgniter\HTTP\Response), Object(CodeIgniter\Log\Logger))
 2 SYSTEMPATH\CodeIgniter.php(498): CodeIgniter\CodeIgniter->createController()
 3 SYSTEMPATH\CodeIgniter.php(354): CodeIgniter\CodeIgniter->handleRequest(null, Object(Config\Cache), false)
 4 SYSTEMPATH\Boot.php(363): CodeIgniter\CodeIgniter->run()
 5 SYSTEMPATH\Boot.php(68): CodeIgniter\Boot::runCodeIgniter(Object(CodeIgniter\CodeIgniter))
 6 FCPATH\index.php(59): CodeIgniter\Boot::bootWeb(Object(Config\Paths))
 7 SYSTEMPATH\rewrite.php(44): require_once('C:\\xampp\\htdocs\\cicemilankayo\\public\\index.php')
WARNING - 2025-12-16 10:52:48 --> [DEPRECATED] Creation of dynamic property App\Controllers\Layanan::$nama is deprecated in APPPATH\Controllers\BaseController.php on line 44.
 1 SYSTEMPATH\CodeIgniter.php(904): App\Controllers\BaseController->initController(Object(CodeIgniter\HTTP\IncomingRequest), Object(CodeIgniter\HTTP\Response), Object(CodeIgniter\Log\Logger))
 2 SYSTEMPATH\CodeIgniter.php(498): CodeIgniter\CodeIgniter->createController()
 3 SYSTEMPATH\CodeIgniter.php(354): CodeIgniter\CodeIgniter->handleRequest(null, Object(Config\Cache), false)
 4 SYSTEMPATH\Boot.php(363): CodeIgniter\CodeIgniter->run()
 5 SYSTEMPATH\Boot.php(68): CodeIgniter\Boot::runCodeIgniter(Object(CodeIgniter\CodeIgniter))
 6 FCPATH\index.php(59): CodeIgniter\Boot::bootWeb(Object(Config\Paths))
 7 SYSTEMPATH\rewrite.php(44): require_once('C:\\xampp\\htdocs\\cicemilankayo\\public\\index.php')
WARNING - 2025-12-16 10:52:49 --> [DEPRECATED] Creation of dynamic property App\Controllers\Beranda::$nama is deprecated in APPPATH\Controllers\BaseController.php on line 44.
 1 SYSTEMPATH\CodeIgniter.php(904): App\Controllers\BaseController->initController(Object(CodeIgniter\HTTP\IncomingRequest), Object(CodeIgniter\HTTP\Response), Object(CodeIgniter\Log\Logger))
 2 SYSTEMPATH\CodeIgniter.php(498): CodeIgniter\CodeIgniter->createController()
 3 SYSTEMPATH\CodeIgniter.php(354): CodeIgniter\CodeIgniter->handleRequest(null, Object(Config\Cache), false)
 4 SYSTEMPATH\Boot.php(363): CodeIgniter\CodeIgniter->run()
 5 SYSTEMPATH\Boot.php(68): CodeIgniter\Boot::runCodeIgniter(Object(CodeIgniter\CodeIgniter))
 6 FCPATH\index.php(59): CodeIgniter\Boot::bootWeb(Object(Config\Paths))
 7 SYSTEMPATH\rewrite.php(44): require_once('C:\\xampp\\htdocs\\cicemilankayo\\public\\index.php')
WARNING - 2025-12-16 10:52:50 --> [DEPRECATED] Creation of dynamic property App\Controllers\Layanan::$nama is deprecated in APPPATH\Controllers\BaseController.php on line 44.
 1 SYSTEMPATH\CodeIgniter.php(904): App\Controllers\BaseController->initController(Object(CodeIgniter\HTTP\IncomingRequest), Object(CodeIgniter\HTTP\Response), Object(CodeIgniter\Log\Logger))
 2 SYSTEMPATH\CodeIgniter.php(498): CodeIgniter\CodeIgniter->createController()
 3 SYSTEMPATH\CodeIgniter.php(354): CodeIgniter\CodeIgniter->handleRequest(null, Object(Config\Cache), false)
 4 SYSTEMPATH\Boot.php(363): CodeIgniter\CodeIgniter->run()
 5 SYSTEMPATH\Boot.php(68): CodeIgniter\Boot::runCodeIgniter(Object(CodeIgniter\CodeIgniter))
 6 FCPATH\index.php(59): CodeIgniter\Boot::bootWeb(Object(Config\Paths))
 7 SYSTEMPATH\rewrite.php(44): require_once('C:\\xampp\\htdocs\\cicemilankayo\\public\\index.php')
WARNING - 2025-12-16 10:52:51 --> [DEPRECATED] Creation of dynamic property App\Controllers\Portofolio::$nama is deprecated in APPPATH\Controllers\BaseController.php on line 44.
 1 SYSTEMPATH\CodeIgniter.php(904): App\Controllers\BaseController->initController(Object(CodeIgniter\HTTP\IncomingRequest), Object(CodeIgniter\HTTP\Response), Object(CodeIgniter\Log\Logger))
 2 SYSTEMPATH\CodeIgniter.php(498): CodeIgniter\CodeIgniter->createController()
 3 SYSTEMPATH\CodeIgniter.php(354): CodeIgniter\CodeIgniter->handleRequest(null, Object(Config\Cache), false)
 4 SYSTEMPATH\Boot.php(363): CodeIgniter\CodeIgniter->run()
 5 SYSTEMPATH\Boot.php(68): CodeIgniter\Boot::runCodeIgniter(Object(CodeIgniter\CodeIgniter))
 6 FCPATH\index.php(59): CodeIgniter\Boot::bootWeb(Object(Config\Paths))
 7 SYSTEMPATH\rewrite.php(44): require_once('C:\\xampp\\htdocs\\cicemilankayo\\public\\index.php')
WARNING - 2025-12-16 10:52:52 --> [DEPRECATED] Creation of dynamic property App\Controllers\Layanan::$nama is deprecated in APPPATH\Controllers\BaseController.php on line 44.
 1 SYSTEMPATH\CodeIgniter.php(904): App\Controllers\BaseController->initController(Object(CodeIgniter\HTTP\IncomingRequest), Object(CodeIgniter\HTTP\Response), Object(CodeIgniter\Log\Logger))
 2 SYSTEMPATH\CodeIgniter.php(498): CodeIgniter\CodeIgniter->createController()
 3 SYSTEMPATH\CodeIgniter.php(354): CodeIgniter\CodeIgniter->handleRequest(null, Object(Config\Cache), false)
 4 SYSTEMPATH\Boot.php(363): CodeIgniter\CodeIgniter->run()
 5 SYSTEMPATH\Boot.php(68): CodeIgniter\Boot::runCodeIgniter(Object(CodeIgniter\CodeIgniter))
 6 FCPATH\index.php(59): CodeIgniter\Boot::bootWeb(Object(Config\Paths))
 7 SYSTEMPATH\rewrite.php(44): require_once('C:\\xampp\\htdocs\\cicemilankayo\\public\\index.php')
WARNING - 2025-12-16 10:52:52 --> [DEPRECATED] Creation of dynamic property App\Controllers\Beranda::$nama is deprecated in APPPATH\Controllers\BaseController.php on line 44.
 1 SYSTEMPATH\CodeIgniter.php(904): App\Controllers\BaseController->initController(Object(CodeIgniter\HTTP\IncomingRequest), Object(CodeIgniter\HTTP\Response), Object(CodeIgniter\Log\Logger))
 2 SYSTEMPATH\CodeIgniter.php(498): CodeIgniter\CodeIgniter->createController()
 3 SYSTEMPATH\CodeIgniter.php(354): CodeIgniter\CodeIgniter->handleRequest(null, Object(Config\Cache), false)
 4 SYSTEMPATH\Boot.php(363): CodeIgniter\CodeIgniter->run()
 5 SYSTEMPATH\Boot.php(68): CodeIgniter\Boot::runCodeIgniter(Object(CodeIgniter\CodeIgniter))
 6 FCPATH\index.php(59): CodeIgniter\Boot::bootWeb(Object(Config\Paths))
 7 SYSTEMPATH\rewrite.php(44): require_once('C:\\xampp\\htdocs\\cicemilankayo\\public\\index.php')
WARNING - 2025-12-16 10:52:53 --> [DEPRECATED] Creation of dynamic property App\Controllers\Layanan::$nama is deprecated in APPPATH\Controllers\BaseController.php on line 44.
 1 SYSTEMPATH\CodeIgniter.php(904): App\Controllers\BaseController->initController(Object(CodeIgniter\HTTP\IncomingRequest), Object(CodeIgniter\HTTP\Response), Object(CodeIgniter\Log\Logger))
 2 SYSTEMPATH\CodeIgniter.php(498): CodeIgniter\CodeIgniter->createController()
 3 SYSTEMPATH\CodeIgniter.php(354): CodeIgniter\CodeIgniter->handleRequest(null, Object(Config\Cache), false)
 4 SYSTEMPATH\Boot.php(363): CodeIgniter\CodeIgniter->run()
 5 SYSTEMPATH\Boot.php(68): CodeIgniter\Boot::runCodeIgniter(Object(CodeIgniter\CodeIgniter))
 6 FCPATH\index.php(59): CodeIgniter\Boot::bootWeb(Object(Config\Paths))
 7 SYSTEMPATH\rewrite.php(44): require_once('C:\\xampp\\htdocs\\cicemilankayo\\public\\index.php')
WARNING - 2025-12-16 10:52:59 --> [DEPRECATED] Creation of dynamic property App\Controllers\Layanan::$nama is deprecated in APPPATH\Controllers\BaseController.php on line 44.
 1 SYSTEMPATH\CodeIgniter.php(904): App\Controllers\BaseController->initController(Object(CodeIgniter\HTTP\IncomingRequest), Object(CodeIgniter\HTTP\Response), Object(CodeIgniter\Log\Logger))
 2 SYSTEMPATH\CodeIgniter.php(498): CodeIgniter\CodeIgniter->createController()
 3 SYSTEMPATH\CodeIgniter.php(354): CodeIgniter\CodeIgniter->handleRequest(null, Object(Config\Cache), false)
 4 SYSTEMPATH\Boot.php(363): CodeIgniter\CodeIgniter->run()
 5 SYSTEMPATH\Boot.php(68): CodeIgniter\Boot::runCodeIgniter(Object(CodeIgniter\CodeIgniter))
 6 FCPATH\index.php(59): CodeIgniter\Boot::bootWeb(Object(Config\Paths))
 7 SYSTEMPATH\rewrite.php(44): require_once('C:\\xampp\\htdocs\\cicemilankayo\\public\\index.php')
WARNING - 2025-12-16 10:53:17 --> [DEPRECATED] Creation of dynamic property App\Controllers\Layanan::$nama is deprecated in APPPATH\Controllers\BaseController.php on line 44.
 1 SYSTEMPATH\CodeIgniter.php(904): App\Controllers\BaseController->initController(Object(CodeIgniter\HTTP\IncomingRequest), Object(CodeIgniter\HTTP\Response), Object(CodeIgniter\Log\Logger))
 2 SYSTEMPATH\CodeIgniter.php(498): CodeIgniter\CodeIgniter->createController()
 3 SYSTEMPATH\CodeIgniter.php(354): CodeIgniter\CodeIgniter->handleRequest(null, Object(Config\Cache), false)
 4 SYSTEMPATH\Boot.php(363): CodeIgniter\CodeIgniter->run()
 5 SYSTEMPATH\Boot.php(68): CodeIgniter\Boot::runCodeIgniter(Object(CodeIgniter\CodeIgniter))
 6 FCPATH\index.php(59): CodeIgniter\Boot::bootWeb(Object(Config\Paths))
 7 SYSTEMPATH\rewrite.php(44): require_once('C:\\xampp\\htdocs\\cicemilankayo\\public\\index.php')
WARNING - 2025-12-16 10:57:51 --> [DEPRECATED] Creation of dynamic property App\Controllers\Beranda::$nama is deprecated in APPPATH\Controllers\BaseController.php on line 44.
 1 SYSTEMPATH\CodeIgniter.php(904): App\Controllers\BaseController->initController(Object(CodeIgniter\HTTP\IncomingRequest), Object(CodeIgniter\HTTP\Response), Object(CodeIgniter\Log\Logger))
 2 SYSTEMPATH\CodeIgniter.php(498): CodeIgniter\CodeIgniter->createController()
 3 SYSTEMPATH\CodeIgniter.php(354): CodeIgniter\CodeIgniter->handleRequest(null, Object(Config\Cache), false)
 4 SYSTEMPATH\Boot.php(363): CodeIgniter\CodeIgniter->run()
 5 SYSTEMPATH\Boot.php(68): CodeIgniter\Boot::runCodeIgniter(Object(CodeIgniter\CodeIgniter))
 6 FCPATH\index.php(59): CodeIgniter\Boot::bootWeb(Object(Config\Paths))
 7 SYSTEMPATH\rewrite.php(44): require_once('C:\\xampp\\htdocs\\cicemilankayo\\public\\index.php')
WARNING - 2025-12-16 10:58:03 --> [DEPRECATED] Creation of dynamic property App\Controllers\Layanan::$nama is deprecated in APPPATH\Controllers\BaseController.php on line 44.
 1 SYSTEMPATH\CodeIgniter.php(904): App\Controllers\BaseController->initController(Object(CodeIgniter\HTTP\IncomingRequest), Object(CodeIgniter\HTTP\Response), Object(CodeIgniter\Log\Logger))
 2 SYSTEMPATH\CodeIgniter.php(498): CodeIgniter\CodeIgniter->createController()
 3 SYSTEMPATH\CodeIgniter.php(354): CodeIgniter\CodeIgniter->handleRequest(null, Object(Config\Cache), false)
 4 SYSTEMPATH\Boot.php(363): CodeIgniter\CodeIgniter->run()
 5 SYSTEMPATH\Boot.php(68): CodeIgniter\Boot::runCodeIgniter(Object(CodeIgniter\CodeIgniter))
 6 FCPATH\index.php(59): CodeIgniter\Boot::bootWeb(Object(Config\Paths))
 7 SYSTEMPATH\rewrite.php(44): require_once('C:\\xampp\\htdocs\\cicemilankayo\\public\\index.php')
WARNING - 2025-12-16 10:58:09 --> [DEPRECATED] Creation of dynamic property App\Controllers\Layanan::$nama is deprecated in APPPATH\Controllers\BaseController.php on line 44.
 1 SYSTEMPATH\CodeIgniter.php(904): App\Controllers\BaseController->initController(Object(CodeIgniter\HTTP\IncomingRequest), Object(CodeIgniter\HTTP\Response), Object(CodeIgniter\Log\Logger))
 2 SYSTEMPATH\CodeIgniter.php(498): CodeIgniter\CodeIgniter->createController()
 3 SYSTEMPATH\CodeIgniter.php(354): CodeIgniter\CodeIgniter->handleRequest(null, Object(Config\Cache), false)
 4 SYSTEMPATH\Boot.php(363): CodeIgniter\CodeIgniter->run()
 5 SYSTEMPATH\Boot.php(68): CodeIgniter\Boot::runCodeIgniter(Object(CodeIgniter\CodeIgniter))
 6 FCPATH\index.php(59): CodeIgniter\Boot::bootWeb(Object(Config\Paths))
 7 SYSTEMPATH\rewrite.php(44): require_once('C:\\xampp\\htdocs\\cicemilankayo\\public\\index.php')
WARNING - 2025-12-16 10:58:15 --> [DEPRECATED] Creation of dynamic property App\Controllers\Layanan::$nama is deprecated in APPPATH\Controllers\BaseController.php on line 44.
 1 SYSTEMPATH\CodeIgniter.php(904): App\Controllers\BaseController->initController(Object(CodeIgniter\HTTP\IncomingRequest), Object(CodeIgniter\HTTP\Response), Object(CodeIgniter\Log\Logger))
 2 SYSTEMPATH\CodeIgniter.php(498): CodeIgniter\CodeIgniter->createController()
 3 SYSTEMPATH\CodeIgniter.php(354): CodeIgniter\CodeIgniter->handleRequest(null, Object(Config\Cache), false)
 4 SYSTEMPATH\Boot.php(363): CodeIgniter\CodeIgniter->run()
 5 SYSTEMPATH\Boot.php(68): CodeIgniter\Boot::runCodeIgniter(Object(CodeIgniter\CodeIgniter))
 6 FCPATH\index.php(59): CodeIgniter\Boot::bootWeb(Object(Config\Paths))
 7 SYSTEMPATH\rewrite.php(44): require_once('C:\\xampp\\htdocs\\cicemilankayo\\public\\index.php')
WARNING - 2025-12-16 10:58:47 --> [DEPRECATED] Creation of dynamic property App\Controllers\Layanan::$nama is deprecated in APPPATH\Controllers\BaseController.php on line 44.
 1 SYSTEMPATH\CodeIgniter.php(904): App\Controllers\BaseController->initController(Object(CodeIgniter\HTTP\IncomingRequest), Object(CodeIgniter\HTTP\Response), Object(CodeIgniter\Log\Logger))
 2 SYSTEMPATH\CodeIgniter.php(498): CodeIgniter\CodeIgniter->createController()
 3 SYSTEMPATH\CodeIgniter.php(354): CodeIgniter\CodeIgniter->handleRequest(null, Object(Config\Cache), false)
 4 SYSTEMPATH\Boot.php(363): CodeIgniter\CodeIgniter->run()
 5 SYSTEMPATH\Boot.php(68): CodeIgniter\Boot::runCodeIgniter(Object(CodeIgniter\CodeIgniter))
 6 FCPATH\index.php(59): CodeIgniter\Boot::bootWeb(Object(Config\Paths))
 7 SYSTEMPATH\rewrite.php(44): require_once('C:\\xampp\\htdocs\\cicemilankayo\\public\\index.php')
WARNING - 2025-12-16 10:59:25 --> [DEPRECATED] Creation of dynamic property App\Controllers\Layanan::$nama is deprecated in APPPATH\Controllers\BaseController.php on line 44.
 1 SYSTEMPATH\CodeIgniter.php(904): App\Controllers\BaseController->initController(Object(CodeIgniter\HTTP\IncomingRequest), Object(CodeIgniter\HTTP\Response), Object(CodeIgniter\Log\Logger))
 2 SYSTEMPATH\CodeIgniter.php(498): CodeIgniter\CodeIgniter->createController()
 3 SYSTEMPATH\CodeIgniter.php(354): CodeIgniter\CodeIgniter->handleRequest(null, Object(Config\Cache), false)
 4 SYSTEMPATH\Boot.php(363): CodeIgniter\CodeIgniter->run()
 5 SYSTEMPATH\Boot.php(68): CodeIgniter\Boot::runCodeIgniter(Object(CodeIgniter\CodeIgniter))
 6 FCPATH\index.php(59): CodeIgniter\Boot::bootWeb(Object(Config\Paths))
 7 SYSTEMPATH\rewrite.php(44): require_once('C:\\xampp\\htdocs\\cicemilankayo\\public\\index.php')
WARNING - 2025-12-16 10:59:28 --> [DEPRECATED] Creation of dynamic property App\Controllers\Layanan::$nama is deprecated in APPPATH\Controllers\BaseController.php on line 44.
 1 SYSTEMPATH\CodeIgniter.php(904): App\Controllers\BaseController->initController(Object(CodeIgniter\HTTP\IncomingRequest), Object(CodeIgniter\HTTP\Response), Object(CodeIgniter\Log\Logger))
 2 SYSTEMPATH\CodeIgniter.php(498): CodeIgniter\CodeIgniter->createController()
 3 SYSTEMPATH\CodeIgniter.php(354): CodeIgniter\CodeIgniter->handleRequest(null, Object(Config\Cache), false)
 4 SYSTEMPATH\Boot.php(363): CodeIgniter\CodeIgniter->run()
 5 SYSTEMPATH\Boot.php(68): CodeIgniter\Boot::runCodeIgniter(Object(CodeIgniter\CodeIgniter))
 6 FCPATH\index.php(59): CodeIgniter\Boot::bootWeb(Object(Config\Paths))
 7 SYSTEMPATH\rewrite.php(44): require_once('C:\\xampp\\htdocs\\cicemilankayo\\public\\index.php')
WARNING - 2025-12-16 11:00:30 --> [DEPRECATED] Creation of dynamic property App\Controllers\Layanan::$nama is deprecated in APPPATH\Controllers\BaseController.php on line 44.
 1 SYSTEMPATH\CodeIgniter.php(904): App\Controllers\BaseController->initController(Object(CodeIgniter\HTTP\IncomingRequest), Object(CodeIgniter\HTTP\Response), Object(CodeIgniter\Log\Logger))
 2 SYSTEMPATH\CodeIgniter.php(498): CodeIgniter\CodeIgniter->createController()
 3 SYSTEMPATH\CodeIgniter.php(354): CodeIgniter\CodeIgniter->handleRequest(null, Object(Config\Cache), false)
 4 SYSTEMPATH\Boot.php(363): CodeIgniter\CodeIgniter->run()
 5 SYSTEMPATH\Boot.php(68): CodeIgniter\Boot::runCodeIgniter(Object(CodeIgniter\CodeIgniter))
 6 FCPATH\index.php(59): CodeIgniter\Boot::bootWeb(Object(Config\Paths))
 7 SYSTEMPATH\rewrite.php(44): require_once('C:\\xampp\\htdocs\\cicemilankayo\\public\\index.php')
WARNING - 2025-12-16 11:00:51 --> [DEPRECATED] Creation of dynamic property App\Controllers\Beranda::$nama is deprecated in APPPATH\Controllers\BaseController.php on line 44.
 1 SYSTEMPATH\CodeIgniter.php(904): App\Controllers\BaseController->initController(Object(CodeIgniter\HTTP\IncomingRequest), Object(CodeIgniter\HTTP\Response), Object(CodeIgniter\Log\Logger))
 2 SYSTEMPATH\CodeIgniter.php(498): CodeIgniter\CodeIgniter->createController()
 3 SYSTEMPATH\CodeIgniter.php(354): CodeIgniter\CodeIgniter->handleRequest(null, Object(Config\Cache), false)
 4 SYSTEMPATH\Boot.php(363): CodeIgniter\CodeIgniter->run()
 5 SYSTEMPATH\Boot.php(68): CodeIgniter\Boot::runCodeIgniter(Object(CodeIgniter\CodeIgniter))
 6 FCPATH\index.php(59): CodeIgniter\Boot::bootWeb(Object(Config\Paths))
 7 SYSTEMPATH\rewrite.php(44): require_once('C:\\xampp\\htdocs\\cicemilankayo\\public\\index.php')
WARNING - 2025-12-16 11:01:29 --> [DEPRECATED] Creation of dynamic property App\Controllers\Layanan::$nama is deprecated in APPPATH\Controllers\BaseController.php on line 44.
 1 SYSTEMPATH\CodeIgniter.php(904): App\Controllers\BaseController->initController(Object(CodeIgniter\HTTP\IncomingRequest), Object(CodeIgniter\HTTP\Response), Object(CodeIgniter\Log\Logger))
 2 SYSTEMPATH\CodeIgniter.php(498): CodeIgniter\CodeIgniter->createController()
 3 SYSTEMPATH\CodeIgniter.php(354): CodeIgniter\CodeIgniter->handleRequest(null, Object(Config\Cache), false)
 4 SYSTEMPATH\Boot.php(363): CodeIgniter\CodeIgniter->run()
 5 SYSTEMPATH\Boot.php(68): CodeIgniter\Boot::runCodeIgniter(Object(CodeIgniter\CodeIgniter))
 6 FCPATH\index.php(59): CodeIgniter\Boot::bootWeb(Object(Config\Paths))
 7 SYSTEMPATH\rewrite.php(44): require_once('C:\\xampp\\htdocs\\cicemilankayo\\public\\index.php')
WARNING - 2025-12-16 11:02:08 --> [DEPRECATED] Creation of dynamic property App\Controllers\Layanan::$nama is deprecated in APPPATH\Controllers\BaseController.php on line 44.
 1 SYSTEMPATH\CodeIgniter.php(904): App\Controllers\BaseController->initController(Object(CodeIgniter\HTTP\IncomingRequest), Object(CodeIgniter\HTTP\Response), Object(CodeIgniter\Log\Logger))
 2 SYSTEMPATH\CodeIgniter.php(498): CodeIgniter\CodeIgniter->createController()
 3 SYSTEMPATH\CodeIgniter.php(354): CodeIgniter\CodeIgniter->handleRequest(null, Object(Config\Cache), false)
 4 SYSTEMPATH\Boot.php(363): CodeIgniter\CodeIgniter->run()
 5 SYSTEMPATH\Boot.php(68): CodeIgniter\Boot::runCodeIgniter(Object(CodeIgniter\CodeIgniter))
 6 FCPATH\index.php(59): CodeIgniter\Boot::bootWeb(Object(Config\Paths))
 7 SYSTEMPATH\rewrite.php(44): require_once('C:\\xampp\\htdocs\\cicemilankayo\\public\\index.php')
WARNING - 2025-12-16 11:02:10 --> [DEPRECATED] Creation of dynamic property App\Controllers\Layanan::$nama is deprecated in APPPATH\Controllers\BaseController.php on line 44.
 1 SYSTEMPATH\CodeIgniter.php(904): App\Controllers\BaseController->initController(Object(CodeIgniter\HTTP\IncomingRequest), Object(CodeIgniter\HTTP\Response), Object(CodeIgniter\Log\Logger))
 2 SYSTEMPATH\CodeIgniter.php(498): CodeIgniter\CodeIgniter->createController()
 3 SYSTEMPATH\CodeIgniter.php(354): CodeIgniter\CodeIgniter->handleRequest(null, Object(Config\Cache), false)
 4 SYSTEMPATH\Boot.php(363): CodeIgniter\CodeIgniter->run()
 5 SYSTEMPATH\Boot.php(68): CodeIgniter\Boot::runCodeIgniter(Object(CodeIgniter\CodeIgniter))
 6 FCPATH\index.php(59): CodeIgniter\Boot::bootWeb(Object(Config\Paths))
 7 SYSTEMPATH\rewrite.php(44): require_once('C:\\xampp\\htdocs\\cicemilankayo\\public\\index.php')
WARNING - 2025-12-16 11:02:13 --> [DEPRECATED] Creation of dynamic property App\Controllers\Portofolio::$nama is deprecated in APPPATH\Controllers\BaseController.php on line 44.
 1 SYSTEMPATH\CodeIgniter.php(904): App\Controllers\BaseController->initController(Object(CodeIgniter\HTTP\IncomingRequest), Object(CodeIgniter\HTTP\Response), Object(CodeIgniter\Log\Logger))
 2 SYSTEMPATH\CodeIgniter.php(498): CodeIgniter\CodeIgniter->createController()
 3 SYSTEMPATH\CodeIgniter.php(354): CodeIgniter\CodeIgniter->handleRequest(null, Object(Config\Cache), false)
 4 SYSTEMPATH\Boot.php(363): CodeIgniter\CodeIgniter->run()
 5 SYSTEMPATH\Boot.php(68): CodeIgniter\Boot::runCodeIgniter(Object(CodeIgniter\CodeIgniter))
 6 FCPATH\index.php(59): CodeIgniter\Boot::bootWeb(Object(Config\Paths))
 7 SYSTEMPATH\rewrite.php(44): require_once('C:\\xampp\\htdocs\\cicemilankayo\\public\\index.php')
WARNING - 2025-12-16 11:02:14 --> [DEPRECATED] Creation of dynamic property App\Controllers\Portofolio::$nama is deprecated in APPPATH\Controllers\BaseController.php on line 44.
 1 SYSTEMPATH\CodeIgniter.php(904): App\Controllers\BaseController->initController(Object(CodeIgniter\HTTP\IncomingRequest), Object(CodeIgniter\HTTP\Response), Object(CodeIgniter\Log\Logger))
 2 SYSTEMPATH\CodeIgniter.php(498): CodeIgniter\CodeIgniter->createController()
 3 SYSTEMPATH\CodeIgniter.php(354): CodeIgniter\CodeIgniter->handleRequest(null, Object(Config\Cache), false)
 4 SYSTEMPATH\Boot.php(363): CodeIgniter\CodeIgniter->run()
 5 SYSTEMPATH\Boot.php(68): CodeIgniter\Boot::runCodeIgniter(Object(CodeIgniter\CodeIgniter))
 6 FCPATH\index.php(59): CodeIgniter\Boot::bootWeb(Object(Config\Paths))
 7 SYSTEMPATH\rewrite.php(44): require_once('C:\\xampp\\htdocs\\cicemilankayo\\public\\index.php')
WARNING - 2025-12-16 11:02:16 --> [DEPRECATED] Creation of dynamic property App\Controllers\Layanan::$nama is deprecated in APPPATH\Controllers\BaseController.php on line 44.
 1 SYSTEMPATH\CodeIgniter.php(904): App\Controllers\BaseController->initController(Object(CodeIgniter\HTTP\IncomingRequest), Object(CodeIgniter\HTTP\Response), Object(CodeIgniter\Log\Logger))
 2 SYSTEMPATH\CodeIgniter.php(498): CodeIgniter\CodeIgniter->createController()
 3 SYSTEMPATH\CodeIgniter.php(354): CodeIgniter\CodeIgniter->handleRequest(null, Object(Config\Cache), false)
 4 SYSTEMPATH\Boot.php(363): CodeIgniter\CodeIgniter->run()
 5 SYSTEMPATH\Boot.php(68): CodeIgniter\Boot::runCodeIgniter(Object(CodeIgniter\CodeIgniter))
 6 FCPATH\index.php(59): CodeIgniter\Boot::bootWeb(Object(Config\Paths))
 7 SYSTEMPATH\rewrite.php(44): require_once('C:\\xampp\\htdocs\\cicemilankayo\\public\\index.php')
WARNING - 2025-12-16 11:02:17 --> [DEPRECATED] Creation of dynamic property App\Controllers\Portofolio::$nama is deprecated in APPPATH\Controllers\BaseController.php on line 44.
 1 SYSTEMPATH\CodeIgniter.php(904): App\Controllers\BaseController->initController(Object(CodeIgniter\HTTP\IncomingRequest), Object(CodeIgniter\HTTP\Response), Object(CodeIgniter\Log\Logger))
 2 SYSTEMPATH\CodeIgniter.php(498): CodeIgniter\CodeIgniter->createController()
 3 SYSTEMPATH\CodeIgniter.php(354): CodeIgniter\CodeIgniter->handleRequest(null, Object(Config\Cache), false)
 4 SYSTEMPATH\Boot.php(363): CodeIgniter\CodeIgniter->run()
 5 SYSTEMPATH\Boot.php(68): CodeIgniter\Boot::runCodeIgniter(Object(CodeIgniter\CodeIgniter))
 6 FCPATH\index.php(59): CodeIgniter\Boot::bootWeb(Object(Config\Paths))
 7 SYSTEMPATH\rewrite.php(44): require_once('C:\\xampp\\htdocs\\cicemilankayo\\public\\index.php')
WARNING - 2025-12-16 11:02:18 --> [DEPRECATED] Creation of dynamic property App\Controllers\Layanan::$nama is deprecated in APPPATH\Controllers\BaseController.php on line 44.
 1 SYSTEMPATH\CodeIgniter.php(904): App\Controllers\BaseController->initController(Object(CodeIgniter\HTTP\IncomingRequest), Object(CodeIgniter\HTTP\Response), Object(CodeIgniter\Log\Logger))
 2 SYSTEMPATH\CodeIgniter.php(498): CodeIgniter\CodeIgniter->createController()
 3 SYSTEMPATH\CodeIgniter.php(354): CodeIgniter\CodeIgniter->handleRequest(null, Object(Config\Cache), false)
 4 SYSTEMPATH\Boot.php(363): CodeIgniter\CodeIgniter->run()
 5 SYSTEMPATH\Boot.php(68): CodeIgniter\Boot::runCodeIgniter(Object(CodeIgniter\CodeIgniter))
 6 FCPATH\index.php(59): CodeIgniter\Boot::bootWeb(Object(Config\Paths))
 7 SYSTEMPATH\rewrite.php(44): require_once('C:\\xampp\\htdocs\\cicemilankayo\\public\\index.php')
WARNING - 2025-12-16 11:02:20 --> [DEPRECATED] Creation of dynamic property App\Controllers\Portofolio::$nama is deprecated in APPPATH\Controllers\BaseController.php on line 44.
 1 SYSTEMPATH\CodeIgniter.php(904): App\Controllers\BaseController->initController(Object(CodeIgniter\HTTP\IncomingRequest), Object(CodeIgniter\HTTP\Response), Object(CodeIgniter\Log\Logger))
 2 SYSTEMPATH\CodeIgniter.php(498): CodeIgniter\CodeIgniter->createController()
 3 SYSTEMPATH\CodeIgniter.php(354): CodeIgniter\CodeIgniter->handleRequest(null, Object(Config\Cache), false)
 4 SYSTEMPATH\Boot.php(363): CodeIgniter\CodeIgniter->run()
 5 SYSTEMPATH\Boot.php(68): CodeIgniter\Boot::runCodeIgniter(Object(CodeIgniter\CodeIgniter))
 6 FCPATH\index.php(59): CodeIgniter\Boot::bootWeb(Object(Config\Paths))
 7 SYSTEMPATH\rewrite.php(44): require_once('C:\\xampp\\htdocs\\cicemilankayo\\public\\index.php')
WARNING - 2025-12-16 11:02:22 --> [DEPRECATED] Creation of dynamic property App\Controllers\Layanan::$nama is deprecated in APPPATH\Controllers\BaseController.php on line 44.
 1 SYSTEMPATH\CodeIgniter.php(904): App\Controllers\BaseController->initController(Object(CodeIgniter\HTTP\IncomingRequest), Object(CodeIgniter\HTTP\Response), Object(CodeIgniter\Log\Logger))
 2 SYSTEMPATH\CodeIgniter.php(498): CodeIgniter\CodeIgniter->createController()
 3 SYSTEMPATH\CodeIgniter.php(354): CodeIgniter\CodeIgniter->handleRequest(null, Object(Config\Cache), false)
 4 SYSTEMPATH\Boot.php(363): CodeIgniter\CodeIgniter->run()
 5 SYSTEMPATH\Boot.php(68): CodeIgniter\Boot::runCodeIgniter(Object(CodeIgniter\CodeIgniter))
 6 FCPATH\index.php(59): CodeIgniter\Boot::bootWeb(Object(Config\Paths))
 7 SYSTEMPATH\rewrite.php(44): require_once('C:\\xampp\\htdocs\\cicemilankayo\\public\\index.php')
WARNING - 2025-12-16 11:02:26 --> [DEPRECATED] Creation of dynamic property App\Controllers\Portofolio::$nama is deprecated in APPPATH\Controllers\BaseController.php on line 44.
 1 SYSTEMPATH\CodeIgniter.php(904): App\Controllers\BaseController->initController(Object(CodeIgniter\HTTP\IncomingRequest), Object(CodeIgniter\HTTP\Response), Object(CodeIgniter\Log\Logger))
 2 SYSTEMPATH\CodeIgniter.php(498): CodeIgniter\CodeIgniter->createController()
 3 SYSTEMPATH\CodeIgniter.php(354): CodeIgniter\CodeIgniter->handleRequest(null, Object(Config\Cache), false)
 4 SYSTEMPATH\Boot.php(363): CodeIgniter\CodeIgniter->run()
 5 SYSTEMPATH\Boot.php(68): CodeIgniter\Boot::runCodeIgniter(Object(CodeIgniter\CodeIgniter))
 6 FCPATH\index.php(59): CodeIgniter\Boot::bootWeb(Object(Config\Paths))
 7 SYSTEMPATH\rewrite.php(44): require_once('C:\\xampp\\htdocs\\cicemilankayo\\public\\index.php')
WARNING - 2025-12-16 11:02:33 --> [DEPRECATED] Creation of dynamic property App\Controllers\Layanan::$nama is deprecated in APPPATH\Controllers\BaseController.php on line 44.
 1 SYSTEMPATH\CodeIgniter.php(904): App\Controllers\BaseController->initController(Object(CodeIgniter\HTTP\IncomingRequest), Object(CodeIgniter\HTTP\Response), Object(CodeIgniter\Log\Logger))
 2 SYSTEMPATH\CodeIgniter.php(498): CodeIgniter\CodeIgniter->createController()
 3 SYSTEMPATH\CodeIgniter.php(354): CodeIgniter\CodeIgniter->handleRequest(null, Object(Config\Cache), false)
 4 SYSTEMPATH\Boot.php(363): CodeIgniter\CodeIgniter->run()
 5 SYSTEMPATH\Boot.php(68): CodeIgniter\Boot::runCodeIgniter(Object(CodeIgniter\CodeIgniter))
 6 FCPATH\index.php(59): CodeIgniter\Boot::bootWeb(Object(Config\Paths))
 7 SYSTEMPATH\rewrite.php(44): require_once('C:\\xampp\\htdocs\\cicemilankayo\\public\\index.php')
