CRITICAL - 2025-12-15 03:17:27 --> ErrorException: Undefined variable $nama
[Method: GET, Route: coba]
in APPPATH\Controllers\Coba.php on line 9.
 1 APPPATH\Controllers\Coba.php(9): CodeIgniter\Debug\Exceptions->errorHandler(2, 'Undefined variable $nama', 'C:\\xampp\\htdocs\\cicemilankayo\\app\\Controllers\\Coba.php', 9)
 2 SYSTEMPATH\CodeIgniter.php(933): App\Controllers\Coba->index()
 3 SYSTEMPATH\CodeIgniter.php(507): CodeIgniter\CodeIgniter->runController(Object(App\Controllers\Coba))
 4 SYSTEMPATH\CodeIgniter.php(354): CodeIgniter\CodeIgniter->handleRequest(null, Object(Config\Cache), false)
 5 SYSTEMPATH\Boot.php(363): CodeIgniter\CodeIgniter->run()
 6 SYSTEMPATH\Boot.php(68): CodeIgniter\Boot::runCodeIgniter(Object(CodeIgniter\CodeIgniter))
 7 FCPATH\index.php(59): CodeIgniter\Boot::bootWeb(Object(Config\Paths))
 8 SYSTEMPATH\rewrite.php(44): require_once('C:\\xampp\\htdocs\\cicemilankayo\\public\\index.php')
WARNING - 2025-12-15 03:26:46 --> [DEPRECATED] Creation of dynamic property App\Controllers\Home::$nama is deprecated in APPPATH\Controllers\BaseController.php on line 44.
 1 SYSTEMPATH\CodeIgniter.php(904): App\Controllers\BaseController->initController(Object(CodeIgniter\HTTP\IncomingRequest), Object(CodeIgniter\HTTP\Response), Object(CodeIgniter\Log\Logger))
 2 SYSTEMPATH\CodeIgniter.php(498): CodeIgniter\CodeIgniter->createController()
 3 SYSTEMPATH\CodeIgniter.php(354): CodeIgniter\CodeIgniter->handleRequest(null, Object(Config\Cache), false)
 4 SYSTEMPATH\Boot.php(363): CodeIgniter\CodeIgniter->run()
 5 SYSTEMPATH\Boot.php(68): CodeIgniter\Boot::runCodeIgniter(Object(CodeIgniter\CodeIgniter))
 6 FCPATH\index.php(59): CodeIgniter\Boot::bootWeb(Object(Config\Paths))
 7 SYSTEMPATH\rewrite.php(44): require_once('C:\\xampp\\htdocs\\cicemilankayo\\public\\index.php')
WARNING - 2025-12-15 03:26:49 --> [DEPRECATED] Creation of dynamic property App\Controllers\Coba::$nama is deprecated in APPPATH\Controllers\BaseController.php on line 44.
 1 SYSTEMPATH\CodeIgniter.php(904): App\Controllers\BaseController->initController(Object(CodeIgniter\HTTP\IncomingRequest), Object(CodeIgniter\HTTP\Response), Object(CodeIgniter\Log\Logger))
 2 SYSTEMPATH\CodeIgniter.php(498): CodeIgniter\CodeIgniter->createController()
 3 SYSTEMPATH\CodeIgniter.php(354): CodeIgniter\CodeIgniter->handleRequest(null, Object(Config\Cache), false)
 4 SYSTEMPATH\Boot.php(363): CodeIgniter\CodeIgniter->run()
 5 SYSTEMPATH\Boot.php(68): CodeIgniter\Boot::runCodeIgniter(Object(CodeIgniter\CodeIgniter))
 6 FCPATH\index.php(59): CodeIgniter\Boot::bootWeb(Object(Config\Paths))
 7 SYSTEMPATH\rewrite.php(44): require_once('C:\\xampp\\htdocs\\cicemilankayo\\public\\index.php')
WARNING - 2025-12-15 03:27:16 --> [DEPRECATED] Creation of dynamic property App\Controllers\Coba::$nama is deprecated in APPPATH\Controllers\BaseController.php on line 44.
 1 SYSTEMPATH\CodeIgniter.php(904): App\Controllers\BaseController->initController(Object(CodeIgniter\HTTP\IncomingRequest), Object(CodeIgniter\HTTP\Response), Object(CodeIgniter\Log\Logger))
 2 SYSTEMPATH\CodeIgniter.php(498): CodeIgniter\CodeIgniter->createController()
 3 SYSTEMPATH\CodeIgniter.php(354): CodeIgniter\CodeIgniter->handleRequest(null, Object(Config\Cache), false)
 4 SYSTEMPATH\Boot.php(363): CodeIgniter\CodeIgniter->run()
 5 SYSTEMPATH\Boot.php(68): CodeIgniter\Boot::runCodeIgniter(Object(CodeIgniter\CodeIgniter))
 6 FCPATH\index.php(59): CodeIgniter\Boot::bootWeb(Object(Config\Paths))
 7 SYSTEMPATH\rewrite.php(44): require_once('C:\\xampp\\htdocs\\cicemilankayo\\public\\index.php')
WARNING - 2025-12-15 03:27:20 --> [DEPRECATED] Creation of dynamic property App\Controllers\Home::$nama is deprecated in APPPATH\Controllers\BaseController.php on line 44.
 1 SYSTEMPATH\CodeIgniter.php(904): App\Controllers\BaseController->initController(Object(CodeIgniter\HTTP\IncomingRequest), Object(CodeIgniter\HTTP\Response), Object(CodeIgniter\Log\Logger))
 2 SYSTEMPATH\CodeIgniter.php(498): CodeIgniter\CodeIgniter->createController()
 3 SYSTEMPATH\CodeIgniter.php(354): CodeIgniter\CodeIgniter->handleRequest(null, Object(Config\Cache), false)
 4 SYSTEMPATH\Boot.php(363): CodeIgniter\CodeIgniter->run()
 5 SYSTEMPATH\Boot.php(68): CodeIgniter\Boot::runCodeIgniter(Object(CodeIgniter\CodeIgniter))
 6 FCPATH\index.php(59): CodeIgniter\Boot::bootWeb(Object(Config\Paths))
 7 SYSTEMPATH\rewrite.php(44): require_once('C:\\xampp\\htdocs\\cicemilankayo\\public\\index.php')
WARNING - 2025-12-15 03:50:06 --> [DEPRECATED] Creation of dynamic property App\Controllers\Home::$nama is deprecated in APPPATH\Controllers\BaseController.php on line 44.
 1 SYSTEMPATH\CodeIgniter.php(904): App\Controllers\BaseController->initController(Object(CodeIgniter\HTTP\IncomingRequest), Object(CodeIgniter\HTTP\Response), Object(CodeIgniter\Log\Logger))
 2 SYSTEMPATH\CodeIgniter.php(498): CodeIgniter\CodeIgniter->createController()
 3 SYSTEMPATH\CodeIgniter.php(354): CodeIgniter\CodeIgniter->handleRequest(null, Object(Config\Cache), false)
 4 SYSTEMPATH\Boot.php(363): CodeIgniter\CodeIgniter->run()
 5 SYSTEMPATH\Boot.php(68): CodeIgniter\Boot::runCodeIgniter(Object(CodeIgniter\CodeIgniter))
 6 FCPATH\index.php(59): CodeIgniter\Boot::bootWeb(Object(Config\Paths))
 7 SYSTEMPATH\rewrite.php(44): require_once('C:\\xampp\\htdocs\\cicemilankayo\\public\\index.php')
WARNING - 2025-12-15 03:50:11 --> [DEPRECATED] Creation of dynamic property App\Controllers\Home::$nama is deprecated in APPPATH\Controllers\BaseController.php on line 44.
 1 SYSTEMPATH\CodeIgniter.php(904): App\Controllers\BaseController->initController(Object(CodeIgniter\HTTP\IncomingRequest), Object(CodeIgniter\HTTP\Response), Object(CodeIgniter\Log\Logger))
 2 SYSTEMPATH\CodeIgniter.php(498): CodeIgniter\CodeIgniter->createController()
 3 SYSTEMPATH\CodeIgniter.php(354): CodeIgniter\CodeIgniter->handleRequest(null, Object(Config\Cache), false)
 4 SYSTEMPATH\Boot.php(363): CodeIgniter\CodeIgniter->run()
 5 SYSTEMPATH\Boot.php(68): CodeIgniter\Boot::runCodeIgniter(Object(CodeIgniter\CodeIgniter))
 6 FCPATH\index.php(59): CodeIgniter\Boot::bootWeb(Object(Config\Paths))
 7 SYSTEMPATH\rewrite.php(44): require_once('C:\\xampp\\htdocs\\cicemilankayo\\public\\index.php')
WARNING - 2025-12-15 03:50:24 --> [DEPRECATED] Creation of dynamic property App\Controllers\Home::$nama is deprecated in APPPATH\Controllers\BaseController.php on line 44.
 1 SYSTEMPATH\CodeIgniter.php(904): App\Controllers\BaseController->initController(Object(CodeIgniter\HTTP\IncomingRequest), Object(CodeIgniter\HTTP\Response), Object(CodeIgniter\Log\Logger))
 2 SYSTEMPATH\CodeIgniter.php(498): CodeIgniter\CodeIgniter->createController()
 3 SYSTEMPATH\CodeIgniter.php(354): CodeIgniter\CodeIgniter->handleRequest(null, Object(Config\Cache), false)
 4 SYSTEMPATH\Boot.php(363): CodeIgniter\CodeIgniter->run()
 5 SYSTEMPATH\Boot.php(68): CodeIgniter\Boot::runCodeIgniter(Object(CodeIgniter\CodeIgniter))
 6 FCPATH\index.php(59): CodeIgniter\Boot::bootWeb(Object(Config\Paths))
 7 SYSTEMPATH\rewrite.php(44): require_once('C:\\xampp\\htdocs\\cicemilankayo\\public\\index.php')
WARNING - 2025-12-15 03:51:31 --> [DEPRECATED] Creation of dynamic property App\Controllers\Home::$nama is deprecated in APPPATH\Controllers\BaseController.php on line 44.
 1 SYSTEMPATH\CodeIgniter.php(904): App\Controllers\BaseController->initController(Object(CodeIgniter\HTTP\IncomingRequest), Object(CodeIgniter\HTTP\Response), Object(CodeIgniter\Log\Logger))
 2 SYSTEMPATH\CodeIgniter.php(498): CodeIgniter\CodeIgniter->createController()
 3 SYSTEMPATH\CodeIgniter.php(354): CodeIgniter\CodeIgniter->handleRequest(null, Object(Config\Cache), false)
 4 SYSTEMPATH\Boot.php(363): CodeIgniter\CodeIgniter->run()
 5 SYSTEMPATH\Boot.php(68): CodeIgniter\Boot::runCodeIgniter(Object(CodeIgniter\CodeIgniter))
 6 FCPATH\index.php(59): CodeIgniter\Boot::bootWeb(Object(Config\Paths))
 7 SYSTEMPATH\rewrite.php(44): require_once('C:\\xampp\\htdocs\\cicemilankayo\\public\\index.php')
WARNING - 2025-12-15 03:51:36 --> [DEPRECATED] Creation of dynamic property App\Controllers\Home::$nama is deprecated in APPPATH\Controllers\BaseController.php on line 44.
 1 SYSTEMPATH\CodeIgniter.php(904): App\Controllers\BaseController->initController(Object(CodeIgniter\HTTP\IncomingRequest), Object(CodeIgniter\HTTP\Response), Object(CodeIgniter\Log\Logger))
 2 SYSTEMPATH\CodeIgniter.php(498): CodeIgniter\CodeIgniter->createController()
 3 SYSTEMPATH\CodeIgniter.php(354): CodeIgniter\CodeIgniter->handleRequest(null, Object(Config\Cache), false)
 4 SYSTEMPATH\Boot.php(363): CodeIgniter\CodeIgniter->run()
 5 SYSTEMPATH\Boot.php(68): CodeIgniter\Boot::runCodeIgniter(Object(CodeIgniter\CodeIgniter))
 6 FCPATH\index.php(59): CodeIgniter\Boot::bootWeb(Object(Config\Paths))
 7 SYSTEMPATH\rewrite.php(44): require_once('C:\\xampp\\htdocs\\cicemilankayo\\public\\index.php')
WARNING - 2025-12-15 03:52:37 --> [DEPRECATED] Creation of dynamic property App\Controllers\Home::$nama is deprecated in APPPATH\Controllers\BaseController.php on line 44.
 1 SYSTEMPATH\CodeIgniter.php(904): App\Controllers\BaseController->initController(Object(CodeIgniter\HTTP\IncomingRequest), Object(CodeIgniter\HTTP\Response), Object(CodeIgniter\Log\Logger))
 2 SYSTEMPATH\CodeIgniter.php(498): CodeIgniter\CodeIgniter->createController()
 3 SYSTEMPATH\CodeIgniter.php(354): CodeIgniter\CodeIgniter->handleRequest(null, Object(Config\Cache), false)
 4 SYSTEMPATH\Boot.php(363): CodeIgniter\CodeIgniter->run()
 5 SYSTEMPATH\Boot.php(68): CodeIgniter\Boot::runCodeIgniter(Object(CodeIgniter\CodeIgniter))
 6 FCPATH\index.php(59): CodeIgniter\Boot::bootWeb(Object(Config\Paths))
 7 SYSTEMPATH\rewrite.php(44): require_once('C:\\xampp\\htdocs\\cicemilankayo\\public\\index.php')
WARNING - 2025-12-15 03:55:00 --> [DEPRECATED] Creation of dynamic property App\Controllers\Home::$nama is deprecated in APPPATH\Controllers\BaseController.php on line 44.
 1 SYSTEMPATH\CodeIgniter.php(904): App\Controllers\BaseController->initController(Object(CodeIgniter\HTTP\IncomingRequest), Object(CodeIgniter\HTTP\Response), Object(CodeIgniter\Log\Logger))
 2 SYSTEMPATH\CodeIgniter.php(498): CodeIgniter\CodeIgniter->createController()
 3 SYSTEMPATH\CodeIgniter.php(354): CodeIgniter\CodeIgniter->handleRequest(null, Object(Config\Cache), false)
 4 SYSTEMPATH\Boot.php(363): CodeIgniter\CodeIgniter->run()
 5 SYSTEMPATH\Boot.php(68): CodeIgniter\Boot::runCodeIgniter(Object(CodeIgniter\CodeIgniter))
 6 FCPATH\index.php(59): CodeIgniter\Boot::bootWeb(Object(Config\Paths))
 7 SYSTEMPATH\rewrite.php(44): require_once('C:\\xampp\\htdocs\\cicemilankayo\\public\\index.php')
WARNING - 2025-12-15 03:56:03 --> [DEPRECATED] Creation of dynamic property App\Controllers\Home::$nama is deprecated in APPPATH\Controllers\BaseController.php on line 44.
 1 SYSTEMPATH\CodeIgniter.php(904): App\Controllers\BaseController->initController(Object(CodeIgniter\HTTP\IncomingRequest), Object(CodeIgniter\HTTP\Response), Object(CodeIgniter\Log\Logger))
 2 SYSTEMPATH\CodeIgniter.php(498): CodeIgniter\CodeIgniter->createController()
 3 SYSTEMPATH\CodeIgniter.php(354): CodeIgniter\CodeIgniter->handleRequest(null, Object(Config\Cache), false)
 4 SYSTEMPATH\Boot.php(363): CodeIgniter\CodeIgniter->run()
 5 SYSTEMPATH\Boot.php(68): CodeIgniter\Boot::runCodeIgniter(Object(CodeIgniter\CodeIgniter))
 6 FCPATH\index.php(59): CodeIgniter\Boot::bootWeb(Object(Config\Paths))
 7 SYSTEMPATH\rewrite.php(44): require_once('C:\\xampp\\htdocs\\cicemilankayo\\public\\index.php')
WARNING - 2025-12-15 03:56:34 --> [DEPRECATED] Creation of dynamic property App\Controllers\Home::$nama is deprecated in APPPATH\Controllers\BaseController.php on line 44.
 1 SYSTEMPATH\CodeIgniter.php(904): App\Controllers\BaseController->initController(Object(CodeIgniter\HTTP\IncomingRequest), Object(CodeIgniter\HTTP\Response), Object(CodeIgniter\Log\Logger))
 2 SYSTEMPATH\CodeIgniter.php(498): CodeIgniter\CodeIgniter->createController()
 3 SYSTEMPATH\CodeIgniter.php(354): CodeIgniter\CodeIgniter->handleRequest(null, Object(Config\Cache), false)
 4 SYSTEMPATH\Boot.php(363): CodeIgniter\CodeIgniter->run()
 5 SYSTEMPATH\Boot.php(68): CodeIgniter\Boot::runCodeIgniter(Object(CodeIgniter\CodeIgniter))
 6 FCPATH\index.php(59): CodeIgniter\Boot::bootWeb(Object(Config\Paths))
 7 SYSTEMPATH\rewrite.php(44): require_once('C:\\xampp\\htdocs\\cicemilankayo\\public\\index.php')
WARNING - 2025-12-15 03:56:35 --> [DEPRECATED] Creation of dynamic property App\Controllers\Home::$nama is deprecated in APPPATH\Controllers\BaseController.php on line 44.
 1 SYSTEMPATH\CodeIgniter.php(904): App\Controllers\BaseController->initController(Object(CodeIgniter\HTTP\IncomingRequest), Object(CodeIgniter\HTTP\Response), Object(CodeIgniter\Log\Logger))
 2 SYSTEMPATH\CodeIgniter.php(498): CodeIgniter\CodeIgniter->createController()
 3 SYSTEMPATH\CodeIgniter.php(354): CodeIgniter\CodeIgniter->handleRequest(null, Object(Config\Cache), false)
 4 SYSTEMPATH\Boot.php(363): CodeIgniter\CodeIgniter->run()
 5 SYSTEMPATH\Boot.php(68): CodeIgniter\Boot::runCodeIgniter(Object(CodeIgniter\CodeIgniter))
 6 FCPATH\index.php(59): CodeIgniter\Boot::bootWeb(Object(Config\Paths))
 7 SYSTEMPATH\rewrite.php(44): require_once('C:\\xampp\\htdocs\\cicemilankayo\\public\\index.php')
WARNING - 2025-12-15 03:58:29 --> [DEPRECATED] Creation of dynamic property App\Controllers\Home::$nama is deprecated in APPPATH\Controllers\BaseController.php on line 44.
 1 SYSTEMPATH\CodeIgniter.php(904): App\Controllers\BaseController->initController(Object(CodeIgniter\HTTP\IncomingRequest), Object(CodeIgniter\HTTP\Response), Object(CodeIgniter\Log\Logger))
 2 SYSTEMPATH\CodeIgniter.php(498): CodeIgniter\CodeIgniter->createController()
 3 SYSTEMPATH\CodeIgniter.php(354): CodeIgniter\CodeIgniter->handleRequest(null, Object(Config\Cache), false)
 4 SYSTEMPATH\Boot.php(363): CodeIgniter\CodeIgniter->run()
 5 SYSTEMPATH\Boot.php(68): CodeIgniter\Boot::runCodeIgniter(Object(CodeIgniter\CodeIgniter))
 6 FCPATH\index.php(59): CodeIgniter\Boot::bootWeb(Object(Config\Paths))
 7 SYSTEMPATH\rewrite.php(44): require_once('C:\\xampp\\htdocs\\cicemilankayo\\public\\index.php')
WARNING - 2025-12-15 03:58:46 --> [DEPRECATED] Creation of dynamic property App\Controllers\Home::$nama is deprecated in APPPATH\Controllers\BaseController.php on line 44.
 1 SYSTEMPATH\CodeIgniter.php(904): App\Controllers\BaseController->initController(Object(CodeIgniter\HTTP\IncomingRequest), Object(CodeIgniter\HTTP\Response), Object(CodeIgniter\Log\Logger))
 2 SYSTEMPATH\CodeIgniter.php(498): CodeIgniter\CodeIgniter->createController()
 3 SYSTEMPATH\CodeIgniter.php(354): CodeIgniter\CodeIgniter->handleRequest(null, Object(Config\Cache), false)
 4 SYSTEMPATH\Boot.php(363): CodeIgniter\CodeIgniter->run()
 5 SYSTEMPATH\Boot.php(68): CodeIgniter\Boot::runCodeIgniter(Object(CodeIgniter\CodeIgniter))
 6 FCPATH\index.php(59): CodeIgniter\Boot::bootWeb(Object(Config\Paths))
 7 SYSTEMPATH\rewrite.php(44): require_once('C:\\xampp\\htdocs\\cicemilankayo\\public\\index.php')
WARNING - 2025-12-15 03:59:14 --> [DEPRECATED] Creation of dynamic property App\Controllers\Home::$nama is deprecated in APPPATH\Controllers\BaseController.php on line 44.
 1 SYSTEMPATH\CodeIgniter.php(904): App\Controllers\BaseController->initController(Object(CodeIgniter\HTTP\IncomingRequest), Object(CodeIgniter\HTTP\Response), Object(CodeIgniter\Log\Logger))
 2 SYSTEMPATH\CodeIgniter.php(498): CodeIgniter\CodeIgniter->createController()
 3 SYSTEMPATH\CodeIgniter.php(354): CodeIgniter\CodeIgniter->handleRequest(null, Object(Config\Cache), false)
 4 SYSTEMPATH\Boot.php(363): CodeIgniter\CodeIgniter->run()
 5 SYSTEMPATH\Boot.php(68): CodeIgniter\Boot::runCodeIgniter(Object(CodeIgniter\CodeIgniter))
 6 FCPATH\index.php(59): CodeIgniter\Boot::bootWeb(Object(Config\Paths))
 7 SYSTEMPATH\rewrite.php(44): require_once('C:\\xampp\\htdocs\\cicemilankayo\\public\\index.php')
WARNING - 2025-12-15 04:00:26 --> [DEPRECATED] Creation of dynamic property App\Controllers\Home::$nama is deprecated in APPPATH\Controllers\BaseController.php on line 44.
 1 SYSTEMPATH\CodeIgniter.php(904): App\Controllers\BaseController->initController(Object(CodeIgniter\HTTP\IncomingRequest), Object(CodeIgniter\HTTP\Response), Object(CodeIgniter\Log\Logger))
 2 SYSTEMPATH\CodeIgniter.php(498): CodeIgniter\CodeIgniter->createController()
 3 SYSTEMPATH\CodeIgniter.php(354): CodeIgniter\CodeIgniter->handleRequest(null, Object(Config\Cache), false)
 4 SYSTEMPATH\Boot.php(363): CodeIgniter\CodeIgniter->run()
 5 SYSTEMPATH\Boot.php(68): CodeIgniter\Boot::runCodeIgniter(Object(CodeIgniter\CodeIgniter))
 6 FCPATH\index.php(59): CodeIgniter\Boot::bootWeb(Object(Config\Paths))
 7 SYSTEMPATH\rewrite.php(44): require_once('C:\\xampp\\htdocs\\cicemilankayo\\public\\index.php')
WARNING - 2025-12-15 04:00:33 --> [DEPRECATED] Creation of dynamic property App\Controllers\Home::$nama is deprecated in APPPATH\Controllers\BaseController.php on line 44.
 1 SYSTEMPATH\CodeIgniter.php(904): App\Controllers\BaseController->initController(Object(CodeIgniter\HTTP\IncomingRequest), Object(CodeIgniter\HTTP\Response), Object(CodeIgniter\Log\Logger))
 2 SYSTEMPATH\CodeIgniter.php(498): CodeIgniter\CodeIgniter->createController()
 3 SYSTEMPATH\CodeIgniter.php(354): CodeIgniter\CodeIgniter->handleRequest(null, Object(Config\Cache), false)
 4 SYSTEMPATH\Boot.php(363): CodeIgniter\CodeIgniter->run()
 5 SYSTEMPATH\Boot.php(68): CodeIgniter\Boot::runCodeIgniter(Object(CodeIgniter\CodeIgniter))
 6 FCPATH\index.php(59): CodeIgniter\Boot::bootWeb(Object(Config\Paths))
 7 SYSTEMPATH\rewrite.php(44): require_once('C:\\xampp\\htdocs\\cicemilankayo\\public\\index.php')
WARNING - 2025-12-15 04:48:38 --> [DEPRECATED] Creation of dynamic property App\Controllers\Home::$nama is deprecated in APPPATH\Controllers\BaseController.php on line 44.
 1 SYSTEMPATH\CodeIgniter.php(904): App\Controllers\BaseController->initController(Object(CodeIgniter\HTTP\IncomingRequest), Object(CodeIgniter\HTTP\Response), Object(CodeIgniter\Log\Logger))
 2 SYSTEMPATH\CodeIgniter.php(498): CodeIgniter\CodeIgniter->createController()
 3 SYSTEMPATH\CodeIgniter.php(354): CodeIgniter\CodeIgniter->handleRequest(null, Object(Config\Cache), false)
 4 SYSTEMPATH\Boot.php(363): CodeIgniter\CodeIgniter->run()
 5 SYSTEMPATH\Boot.php(68): CodeIgniter\Boot::runCodeIgniter(Object(CodeIgniter\CodeIgniter))
 6 FCPATH\index.php(59): CodeIgniter\Boot::bootWeb(Object(Config\Paths))
 7 SYSTEMPATH\rewrite.php(44): require_once('C:\\xampp\\htdocs\\cicemilankayo\\public\\index.php')
WARNING - 2025-12-15 04:50:10 --> [DEPRECATED] Creation of dynamic property App\Controllers\Home::$nama is deprecated in APPPATH\Controllers\BaseController.php on line 44.
 1 SYSTEMPATH\CodeIgniter.php(904): App\Controllers\BaseController->initController(Object(CodeIgniter\HTTP\IncomingRequest), Object(CodeIgniter\HTTP\Response), Object(CodeIgniter\Log\Logger))
 2 SYSTEMPATH\CodeIgniter.php(498): CodeIgniter\CodeIgniter->createController()
 3 SYSTEMPATH\CodeIgniter.php(354): CodeIgniter\CodeIgniter->handleRequest(null, Object(Config\Cache), false)
 4 SYSTEMPATH\Boot.php(363): CodeIgniter\CodeIgniter->run()
 5 SYSTEMPATH\Boot.php(68): CodeIgniter\Boot::runCodeIgniter(Object(CodeIgniter\CodeIgniter))
 6 FCPATH\index.php(59): CodeIgniter\Boot::bootWeb(Object(Config\Paths))
 7 SYSTEMPATH\rewrite.php(44): require_once('C:\\xampp\\htdocs\\cicemilankayo\\public\\index.php')
WARNING - 2025-12-15 05:01:41 --> [DEPRECATED] Creation of dynamic property App\Controllers\Home::$nama is deprecated in APPPATH\Controllers\BaseController.php on line 44.
 1 SYSTEMPATH\CodeIgniter.php(904): App\Controllers\BaseController->initController(Object(CodeIgniter\HTTP\IncomingRequest), Object(CodeIgniter\HTTP\Response), Object(CodeIgniter\Log\Logger))
 2 SYSTEMPATH\CodeIgniter.php(498): CodeIgniter\CodeIgniter->createController()
 3 SYSTEMPATH\CodeIgniter.php(354): CodeIgniter\CodeIgniter->handleRequest(null, Object(Config\Cache), false)
 4 SYSTEMPATH\Boot.php(363): CodeIgniter\CodeIgniter->run()
 5 SYSTEMPATH\Boot.php(68): CodeIgniter\Boot::runCodeIgniter(Object(CodeIgniter\CodeIgniter))
 6 FCPATH\index.php(59): CodeIgniter\Boot::bootWeb(Object(Config\Paths))
 7 SYSTEMPATH\rewrite.php(44): require_once('C:\\xampp\\htdocs\\cicemilankayo\\public\\index.php')
WARNING - 2025-12-15 05:01:45 --> [DEPRECATED] Creation of dynamic property App\Controllers\Home::$nama is deprecated in APPPATH\Controllers\BaseController.php on line 44.
 1 SYSTEMPATH\CodeIgniter.php(904): App\Controllers\BaseController->initController(Object(CodeIgniter\HTTP\IncomingRequest), Object(CodeIgniter\HTTP\Response), Object(CodeIgniter\Log\Logger))
 2 SYSTEMPATH\CodeIgniter.php(498): CodeIgniter\CodeIgniter->createController()
 3 SYSTEMPATH\CodeIgniter.php(354): CodeIgniter\CodeIgniter->handleRequest(null, Object(Config\Cache), false)
 4 SYSTEMPATH\Boot.php(363): CodeIgniter\CodeIgniter->run()
 5 SYSTEMPATH\Boot.php(68): CodeIgniter\Boot::runCodeIgniter(Object(CodeIgniter\CodeIgniter))
 6 FCPATH\index.php(59): CodeIgniter\Boot::bootWeb(Object(Config\Paths))
 7 SYSTEMPATH\rewrite.php(44): require_once('C:\\xampp\\htdocs\\cicemilankayo\\public\\index.php')
WARNING - 2025-12-15 05:04:52 --> [DEPRECATED] Creation of dynamic property App\Controllers\Home::$nama is deprecated in APPPATH\Controllers\BaseController.php on line 44.
 1 SYSTEMPATH\CodeIgniter.php(904): App\Controllers\BaseController->initController(Object(CodeIgniter\HTTP\IncomingRequest), Object(CodeIgniter\HTTP\Response), Object(CodeIgniter\Log\Logger))
 2 SYSTEMPATH\CodeIgniter.php(498): CodeIgniter\CodeIgniter->createController()
 3 SYSTEMPATH\CodeIgniter.php(354): CodeIgniter\CodeIgniter->handleRequest(null, Object(Config\Cache), false)
 4 SYSTEMPATH\Boot.php(363): CodeIgniter\CodeIgniter->run()
 5 SYSTEMPATH\Boot.php(68): CodeIgniter\Boot::runCodeIgniter(Object(CodeIgniter\CodeIgniter))
 6 FCPATH\index.php(59): CodeIgniter\Boot::bootWeb(Object(Config\Paths))
 7 SYSTEMPATH\rewrite.php(44): require_once('C:\\xampp\\htdocs\\cicemilankayo\\public\\index.php')
WARNING - 2025-12-15 05:05:03 --> [DEPRECATED] Creation of dynamic property App\Controllers\Layanan::$nama is deprecated in APPPATH\Controllers\BaseController.php on line 44.
 1 SYSTEMPATH\CodeIgniter.php(904): App\Controllers\BaseController->initController(Object(CodeIgniter\HTTP\IncomingRequest), Object(CodeIgniter\HTTP\Response), Object(CodeIgniter\Log\Logger))
 2 SYSTEMPATH\CodeIgniter.php(498): CodeIgniter\CodeIgniter->createController()
 3 SYSTEMPATH\CodeIgniter.php(354): CodeIgniter\CodeIgniter->handleRequest(null, Object(Config\Cache), false)
 4 SYSTEMPATH\Boot.php(363): CodeIgniter\CodeIgniter->run()
 5 SYSTEMPATH\Boot.php(68): CodeIgniter\Boot::runCodeIgniter(Object(CodeIgniter\CodeIgniter))
 6 FCPATH\index.php(59): CodeIgniter\Boot::bootWeb(Object(Config\Paths))
 7 SYSTEMPATH\rewrite.php(44): require_once('C:\\xampp\\htdocs\\cicemilankayo\\public\\index.php')
WARNING - 2025-12-15 05:05:17 --> [DEPRECATED] Creation of dynamic property App\Controllers\Layanan::$nama is deprecated in APPPATH\Controllers\BaseController.php on line 44.
 1 SYSTEMPATH\CodeIgniter.php(904): App\Controllers\BaseController->initController(Object(CodeIgniter\HTTP\IncomingRequest), Object(CodeIgniter\HTTP\Response), Object(CodeIgniter\Log\Logger))
 2 SYSTEMPATH\CodeIgniter.php(498): CodeIgniter\CodeIgniter->createController()
 3 SYSTEMPATH\CodeIgniter.php(354): CodeIgniter\CodeIgniter->handleRequest(null, Object(Config\Cache), false)
 4 SYSTEMPATH\Boot.php(363): CodeIgniter\CodeIgniter->run()
 5 SYSTEMPATH\Boot.php(68): CodeIgniter\Boot::runCodeIgniter(Object(CodeIgniter\CodeIgniter))
 6 FCPATH\index.php(59): CodeIgniter\Boot::bootWeb(Object(Config\Paths))
 7 SYSTEMPATH\rewrite.php(44): require_once('C:\\xampp\\htdocs\\cicemilankayo\\public\\index.php')
WARNING - 2025-12-15 05:05:20 --> [DEPRECATED] Creation of dynamic property App\Controllers\Layanan::$nama is deprecated in APPPATH\Controllers\BaseController.php on line 44.
 1 SYSTEMPATH\CodeIgniter.php(904): App\Controllers\BaseController->initController(Object(CodeIgniter\HTTP\IncomingRequest), Object(CodeIgniter\HTTP\Response), Object(CodeIgniter\Log\Logger))
 2 SYSTEMPATH\CodeIgniter.php(498): CodeIgniter\CodeIgniter->createController()
 3 SYSTEMPATH\CodeIgniter.php(354): CodeIgniter\CodeIgniter->handleRequest(null, Object(Config\Cache), false)
 4 SYSTEMPATH\Boot.php(363): CodeIgniter\CodeIgniter->run()
 5 SYSTEMPATH\Boot.php(68): CodeIgniter\Boot::runCodeIgniter(Object(CodeIgniter\CodeIgniter))
 6 FCPATH\index.php(59): CodeIgniter\Boot::bootWeb(Object(Config\Paths))
 7 SYSTEMPATH\rewrite.php(44): require_once('C:\\xampp\\htdocs\\cicemilankayo\\public\\index.php')
WARNING - 2025-12-15 05:06:19 --> [DEPRECATED] Creation of dynamic property App\Controllers\Layanan::$nama is deprecated in APPPATH\Controllers\BaseController.php on line 44.
 1 SYSTEMPATH\CodeIgniter.php(904): App\Controllers\BaseController->initController(Object(CodeIgniter\HTTP\IncomingRequest), Object(CodeIgniter\HTTP\Response), Object(CodeIgniter\Log\Logger))
 2 SYSTEMPATH\CodeIgniter.php(498): CodeIgniter\CodeIgniter->createController()
 3 SYSTEMPATH\CodeIgniter.php(354): CodeIgniter\CodeIgniter->handleRequest(null, Object(Config\Cache), false)
 4 SYSTEMPATH\Boot.php(363): CodeIgniter\CodeIgniter->run()
 5 SYSTEMPATH\Boot.php(68): CodeIgniter\Boot::runCodeIgniter(Object(CodeIgniter\CodeIgniter))
 6 FCPATH\index.php(59): CodeIgniter\Boot::bootWeb(Object(Config\Paths))
 7 SYSTEMPATH\rewrite.php(44): require_once('C:\\xampp\\htdocs\\cicemilankayo\\public\\index.php')
WARNING - 2025-12-15 05:06:24 --> [DEPRECATED] Creation of dynamic property App\Controllers\Layanan::$nama is deprecated in APPPATH\Controllers\BaseController.php on line 44.
 1 SYSTEMPATH\CodeIgniter.php(904): App\Controllers\BaseController->initController(Object(CodeIgniter\HTTP\IncomingRequest), Object(CodeIgniter\HTTP\Response), Object(CodeIgniter\Log\Logger))
 2 SYSTEMPATH\CodeIgniter.php(498): CodeIgniter\CodeIgniter->createController()
 3 SYSTEMPATH\CodeIgniter.php(354): CodeIgniter\CodeIgniter->handleRequest(null, Object(Config\Cache), false)
 4 SYSTEMPATH\Boot.php(363): CodeIgniter\CodeIgniter->run()
 5 SYSTEMPATH\Boot.php(68): CodeIgniter\Boot::runCodeIgniter(Object(CodeIgniter\CodeIgniter))
 6 FCPATH\index.php(59): CodeIgniter\Boot::bootWeb(Object(Config\Paths))
 7 SYSTEMPATH\rewrite.php(44): require_once('C:\\xampp\\htdocs\\cicemilankayo\\public\\index.php')
WARNING - 2025-12-15 05:06:26 --> [DEPRECATED] Creation of dynamic property App\Controllers\Home::$nama is deprecated in APPPATH\Controllers\BaseController.php on line 44.
 1 SYSTEMPATH\CodeIgniter.php(904): App\Controllers\BaseController->initController(Object(CodeIgniter\HTTP\IncomingRequest), Object(CodeIgniter\HTTP\Response), Object(CodeIgniter\Log\Logger))
 2 SYSTEMPATH\CodeIgniter.php(498): CodeIgniter\CodeIgniter->createController()
 3 SYSTEMPATH\CodeIgniter.php(354): CodeIgniter\CodeIgniter->handleRequest(null, Object(Config\Cache), false)
 4 SYSTEMPATH\Boot.php(363): CodeIgniter\CodeIgniter->run()
 5 SYSTEMPATH\Boot.php(68): CodeIgniter\Boot::runCodeIgniter(Object(CodeIgniter\CodeIgniter))
 6 FCPATH\index.php(59): CodeIgniter\Boot::bootWeb(Object(Config\Paths))
 7 SYSTEMPATH\rewrite.php(44): require_once('C:\\xampp\\htdocs\\cicemilankayo\\public\\index.php')
WARNING - 2025-12-15 05:06:28 --> [DEPRECATED] Creation of dynamic property App\Controllers\Layanan::$nama is deprecated in APPPATH\Controllers\BaseController.php on line 44.
 1 SYSTEMPATH\CodeIgniter.php(904): App\Controllers\BaseController->initController(Object(CodeIgniter\HTTP\IncomingRequest), Object(CodeIgniter\HTTP\Response), Object(CodeIgniter\Log\Logger))
 2 SYSTEMPATH\CodeIgniter.php(498): CodeIgniter\CodeIgniter->createController()
 3 SYSTEMPATH\CodeIgniter.php(354): CodeIgniter\CodeIgniter->handleRequest(null, Object(Config\Cache), false)
 4 SYSTEMPATH\Boot.php(363): CodeIgniter\CodeIgniter->run()
 5 SYSTEMPATH\Boot.php(68): CodeIgniter\Boot::runCodeIgniter(Object(CodeIgniter\CodeIgniter))
 6 FCPATH\index.php(59): CodeIgniter\Boot::bootWeb(Object(Config\Paths))
 7 SYSTEMPATH\rewrite.php(44): require_once('C:\\xampp\\htdocs\\cicemilankayo\\public\\index.php')
WARNING - 2025-12-15 05:06:29 --> [DEPRECATED] Creation of dynamic property App\Controllers\Home::$nama is deprecated in APPPATH\Controllers\BaseController.php on line 44.
 1 SYSTEMPATH\CodeIgniter.php(904): App\Controllers\BaseController->initController(Object(CodeIgniter\HTTP\IncomingRequest), Object(CodeIgniter\HTTP\Response), Object(CodeIgniter\Log\Logger))
 2 SYSTEMPATH\CodeIgniter.php(498): CodeIgniter\CodeIgniter->createController()
 3 SYSTEMPATH\CodeIgniter.php(354): CodeIgniter\CodeIgniter->handleRequest(null, Object(Config\Cache), false)
 4 SYSTEMPATH\Boot.php(363): CodeIgniter\CodeIgniter->run()
 5 SYSTEMPATH\Boot.php(68): CodeIgniter\Boot::runCodeIgniter(Object(CodeIgniter\CodeIgniter))
 6 FCPATH\index.php(59): CodeIgniter\Boot::bootWeb(Object(Config\Paths))
 7 SYSTEMPATH\rewrite.php(44): require_once('C:\\xampp\\htdocs\\cicemilankayo\\public\\index.php')
WARNING - 2025-12-15 05:06:29 --> [DEPRECATED] Creation of dynamic property App\Controllers\Layanan::$nama is deprecated in APPPATH\Controllers\BaseController.php on line 44.
 1 SYSTEMPATH\CodeIgniter.php(904): App\Controllers\BaseController->initController(Object(CodeIgniter\HTTP\IncomingRequest), Object(CodeIgniter\HTTP\Response), Object(CodeIgniter\Log\Logger))
 2 SYSTEMPATH\CodeIgniter.php(498): CodeIgniter\CodeIgniter->createController()
 3 SYSTEMPATH\CodeIgniter.php(354): CodeIgniter\CodeIgniter->handleRequest(null, Object(Config\Cache), false)
 4 SYSTEMPATH\Boot.php(363): CodeIgniter\CodeIgniter->run()
 5 SYSTEMPATH\Boot.php(68): CodeIgniter\Boot::runCodeIgniter(Object(CodeIgniter\CodeIgniter))
 6 FCPATH\index.php(59): CodeIgniter\Boot::bootWeb(Object(Config\Paths))
 7 SYSTEMPATH\rewrite.php(44): require_once('C:\\xampp\\htdocs\\cicemilankayo\\public\\index.php')
WARNING - 2025-12-15 05:07:06 --> [DEPRECATED] Creation of dynamic property App\Controllers\Layanan::$nama is deprecated in APPPATH\Controllers\BaseController.php on line 44.
 1 SYSTEMPATH\CodeIgniter.php(904): App\Controllers\BaseController->initController(Object(CodeIgniter\HTTP\IncomingRequest), Object(CodeIgniter\HTTP\Response), Object(CodeIgniter\Log\Logger))
 2 SYSTEMPATH\CodeIgniter.php(498): CodeIgniter\CodeIgniter->createController()
 3 SYSTEMPATH\CodeIgniter.php(354): CodeIgniter\CodeIgniter->handleRequest(null, Object(Config\Cache), false)
 4 SYSTEMPATH\Boot.php(363): CodeIgniter\CodeIgniter->run()
 5 SYSTEMPATH\Boot.php(68): CodeIgniter\Boot::runCodeIgniter(Object(CodeIgniter\CodeIgniter))
 6 FCPATH\index.php(59): CodeIgniter\Boot::bootWeb(Object(Config\Paths))
 7 SYSTEMPATH\rewrite.php(44): require_once('C:\\xampp\\htdocs\\cicemilankayo\\public\\index.php')
WARNING - 2025-12-15 05:07:10 --> [DEPRECATED] Creation of dynamic property App\Controllers\Layanan::$nama is deprecated in APPPATH\Controllers\BaseController.php on line 44.
 1 SYSTEMPATH\CodeIgniter.php(904): App\Controllers\BaseController->initController(Object(CodeIgniter\HTTP\IncomingRequest), Object(CodeIgniter\HTTP\Response), Object(CodeIgniter\Log\Logger))
 2 SYSTEMPATH\CodeIgniter.php(498): CodeIgniter\CodeIgniter->createController()
 3 SYSTEMPATH\CodeIgniter.php(354): CodeIgniter\CodeIgniter->handleRequest(null, Object(Config\Cache), false)
 4 SYSTEMPATH\Boot.php(363): CodeIgniter\CodeIgniter->run()
 5 SYSTEMPATH\Boot.php(68): CodeIgniter\Boot::runCodeIgniter(Object(CodeIgniter\CodeIgniter))
 6 FCPATH\index.php(59): CodeIgniter\Boot::bootWeb(Object(Config\Paths))
 7 SYSTEMPATH\rewrite.php(44): require_once('C:\\xampp\\htdocs\\cicemilankayo\\public\\index.php')
WARNING - 2025-12-15 05:07:11 --> [DEPRECATED] Creation of dynamic property App\Controllers\Home::$nama is deprecated in APPPATH\Controllers\BaseController.php on line 44.
 1 SYSTEMPATH\CodeIgniter.php(904): App\Controllers\BaseController->initController(Object(CodeIgniter\HTTP\IncomingRequest), Object(CodeIgniter\HTTP\Response), Object(CodeIgniter\Log\Logger))
 2 SYSTEMPATH\CodeIgniter.php(498): CodeIgniter\CodeIgniter->createController()
 3 SYSTEMPATH\CodeIgniter.php(354): CodeIgniter\CodeIgniter->handleRequest(null, Object(Config\Cache), false)
 4 SYSTEMPATH\Boot.php(363): CodeIgniter\CodeIgniter->run()
 5 SYSTEMPATH\Boot.php(68): CodeIgniter\Boot::runCodeIgniter(Object(CodeIgniter\CodeIgniter))
 6 FCPATH\index.php(59): CodeIgniter\Boot::bootWeb(Object(Config\Paths))
 7 SYSTEMPATH\rewrite.php(44): require_once('C:\\xampp\\htdocs\\cicemilankayo\\public\\index.php')
WARNING - 2025-12-15 05:07:12 --> [DEPRECATED] Creation of dynamic property App\Controllers\Home::$nama is deprecated in APPPATH\Controllers\BaseController.php on line 44.
 1 SYSTEMPATH\CodeIgniter.php(904): App\Controllers\BaseController->initController(Object(CodeIgniter\HTTP\IncomingRequest), Object(CodeIgniter\HTTP\Response), Object(CodeIgniter\Log\Logger))
 2 SYSTEMPATH\CodeIgniter.php(498): CodeIgniter\CodeIgniter->createController()
 3 SYSTEMPATH\CodeIgniter.php(354): CodeIgniter\CodeIgniter->handleRequest(null, Object(Config\Cache), false)
 4 SYSTEMPATH\Boot.php(363): CodeIgniter\CodeIgniter->run()
 5 SYSTEMPATH\Boot.php(68): CodeIgniter\Boot::runCodeIgniter(Object(CodeIgniter\CodeIgniter))
 6 FCPATH\index.php(59): CodeIgniter\Boot::bootWeb(Object(Config\Paths))
 7 SYSTEMPATH\rewrite.php(44): require_once('C:\\xampp\\htdocs\\cicemilankayo\\public\\index.php')
WARNING - 2025-12-15 05:07:13 --> [DEPRECATED] Creation of dynamic property App\Controllers\Home::$nama is deprecated in APPPATH\Controllers\BaseController.php on line 44.
 1 SYSTEMPATH\CodeIgniter.php(904): App\Controllers\BaseController->initController(Object(CodeIgniter\HTTP\IncomingRequest), Object(CodeIgniter\HTTP\Response), Object(CodeIgniter\Log\Logger))
 2 SYSTEMPATH\CodeIgniter.php(498): CodeIgniter\CodeIgniter->createController()
 3 SYSTEMPATH\CodeIgniter.php(354): CodeIgniter\CodeIgniter->handleRequest(null, Object(Config\Cache), false)
 4 SYSTEMPATH\Boot.php(363): CodeIgniter\CodeIgniter->run()
 5 SYSTEMPATH\Boot.php(68): CodeIgniter\Boot::runCodeIgniter(Object(CodeIgniter\CodeIgniter))
 6 FCPATH\index.php(59): CodeIgniter\Boot::bootWeb(Object(Config\Paths))
 7 SYSTEMPATH\rewrite.php(44): require_once('C:\\xampp\\htdocs\\cicemilankayo\\public\\index.php')
WARNING - 2025-12-15 05:07:14 --> [DEPRECATED] Creation of dynamic property App\Controllers\Layanan::$nama is deprecated in APPPATH\Controllers\BaseController.php on line 44.
 1 SYSTEMPATH\CodeIgniter.php(904): App\Controllers\BaseController->initController(Object(CodeIgniter\HTTP\IncomingRequest), Object(CodeIgniter\HTTP\Response), Object(CodeIgniter\Log\Logger))
 2 SYSTEMPATH\CodeIgniter.php(498): CodeIgniter\CodeIgniter->createController()
 3 SYSTEMPATH\CodeIgniter.php(354): CodeIgniter\CodeIgniter->handleRequest(null, Object(Config\Cache), false)
 4 SYSTEMPATH\Boot.php(363): CodeIgniter\CodeIgniter->run()
 5 SYSTEMPATH\Boot.php(68): CodeIgniter\Boot::runCodeIgniter(Object(CodeIgniter\CodeIgniter))
 6 FCPATH\index.php(59): CodeIgniter\Boot::bootWeb(Object(Config\Paths))
 7 SYSTEMPATH\rewrite.php(44): require_once('C:\\xampp\\htdocs\\cicemilankayo\\public\\index.php')
WARNING - 2025-12-15 05:07:16 --> [DEPRECATED] Creation of dynamic property App\Controllers\Layanan::$nama is deprecated in APPPATH\Controllers\BaseController.php on line 44.
 1 SYSTEMPATH\CodeIgniter.php(904): App\Controllers\BaseController->initController(Object(CodeIgniter\HTTP\IncomingRequest), Object(CodeIgniter\HTTP\Response), Object(CodeIgniter\Log\Logger))
 2 SYSTEMPATH\CodeIgniter.php(498): CodeIgniter\CodeIgniter->createController()
 3 SYSTEMPATH\CodeIgniter.php(354): CodeIgniter\CodeIgniter->handleRequest(null, Object(Config\Cache), false)
 4 SYSTEMPATH\Boot.php(363): CodeIgniter\CodeIgniter->run()
 5 SYSTEMPATH\Boot.php(68): CodeIgniter\Boot::runCodeIgniter(Object(CodeIgniter\CodeIgniter))
 6 FCPATH\index.php(59): CodeIgniter\Boot::bootWeb(Object(Config\Paths))
 7 SYSTEMPATH\rewrite.php(44): require_once('C:\\xampp\\htdocs\\cicemilankayo\\public\\index.php')
WARNING - 2025-12-15 05:07:17 --> [DEPRECATED] Creation of dynamic property App\Controllers\Layanan::$nama is deprecated in APPPATH\Controllers\BaseController.php on line 44.
 1 SYSTEMPATH\CodeIgniter.php(904): App\Controllers\BaseController->initController(Object(CodeIgniter\HTTP\IncomingRequest), Object(CodeIgniter\HTTP\Response), Object(CodeIgniter\Log\Logger))
 2 SYSTEMPATH\CodeIgniter.php(498): CodeIgniter\CodeIgniter->createController()
 3 SYSTEMPATH\CodeIgniter.php(354): CodeIgniter\CodeIgniter->handleRequest(null, Object(Config\Cache), false)
 4 SYSTEMPATH\Boot.php(363): CodeIgniter\CodeIgniter->run()
 5 SYSTEMPATH\Boot.php(68): CodeIgniter\Boot::runCodeIgniter(Object(CodeIgniter\CodeIgniter))
 6 FCPATH\index.php(59): CodeIgniter\Boot::bootWeb(Object(Config\Paths))
 7 SYSTEMPATH\rewrite.php(44): require_once('C:\\xampp\\htdocs\\cicemilankayo\\public\\index.php')
WARNING - 2025-12-15 05:07:29 --> [DEPRECATED] Creation of dynamic property App\Controllers\Home::$nama is deprecated in APPPATH\Controllers\BaseController.php on line 44.
 1 SYSTEMPATH\CodeIgniter.php(904): App\Controllers\BaseController->initController(Object(CodeIgniter\HTTP\IncomingRequest), Object(CodeIgniter\HTTP\Response), Object(CodeIgniter\Log\Logger))
 2 SYSTEMPATH\CodeIgniter.php(498): CodeIgniter\CodeIgniter->createController()
 3 SYSTEMPATH\CodeIgniter.php(354): CodeIgniter\CodeIgniter->handleRequest(null, Object(Config\Cache), false)
 4 SYSTEMPATH\Boot.php(363): CodeIgniter\CodeIgniter->run()
 5 SYSTEMPATH\Boot.php(68): CodeIgniter\Boot::runCodeIgniter(Object(CodeIgniter\CodeIgniter))
 6 FCPATH\index.php(59): CodeIgniter\Boot::bootWeb(Object(Config\Paths))
 7 SYSTEMPATH\rewrite.php(44): require_once('C:\\xampp\\htdocs\\cicemilankayo\\public\\index.php')
WARNING - 2025-12-15 05:07:31 --> [DEPRECATED] Creation of dynamic property App\Controllers\Layanan::$nama is deprecated in APPPATH\Controllers\BaseController.php on line 44.
 1 SYSTEMPATH\CodeIgniter.php(904): App\Controllers\BaseController->initController(Object(CodeIgniter\HTTP\IncomingRequest), Object(CodeIgniter\HTTP\Response), Object(CodeIgniter\Log\Logger))
 2 SYSTEMPATH\CodeIgniter.php(498): CodeIgniter\CodeIgniter->createController()
 3 SYSTEMPATH\CodeIgniter.php(354): CodeIgniter\CodeIgniter->handleRequest(null, Object(Config\Cache), false)
 4 SYSTEMPATH\Boot.php(363): CodeIgniter\CodeIgniter->run()
 5 SYSTEMPATH\Boot.php(68): CodeIgniter\Boot::runCodeIgniter(Object(CodeIgniter\CodeIgniter))
 6 FCPATH\index.php(59): CodeIgniter\Boot::bootWeb(Object(Config\Paths))
 7 SYSTEMPATH\rewrite.php(44): require_once('C:\\xampp\\htdocs\\cicemilankayo\\public\\index.php')
WARNING - 2025-12-15 05:07:31 --> [DEPRECATED] Creation of dynamic property App\Controllers\Home::$nama is deprecated in APPPATH\Controllers\BaseController.php on line 44.
 1 SYSTEMPATH\CodeIgniter.php(904): App\Controllers\BaseController->initController(Object(CodeIgniter\HTTP\IncomingRequest), Object(CodeIgniter\HTTP\Response), Object(CodeIgniter\Log\Logger))
 2 SYSTEMPATH\CodeIgniter.php(498): CodeIgniter\CodeIgniter->createController()
 3 SYSTEMPATH\CodeIgniter.php(354): CodeIgniter\CodeIgniter->handleRequest(null, Object(Config\Cache), false)
 4 SYSTEMPATH\Boot.php(363): CodeIgniter\CodeIgniter->run()
 5 SYSTEMPATH\Boot.php(68): CodeIgniter\Boot::runCodeIgniter(Object(CodeIgniter\CodeIgniter))
 6 FCPATH\index.php(59): CodeIgniter\Boot::bootWeb(Object(Config\Paths))
 7 SYSTEMPATH\rewrite.php(44): require_once('C:\\xampp\\htdocs\\cicemilankayo\\public\\index.php')
WARNING - 2025-12-15 05:07:32 --> [DEPRECATED] Creation of dynamic property App\Controllers\Home::$nama is deprecated in APPPATH\Controllers\BaseController.php on line 44.
 1 SYSTEMPATH\CodeIgniter.php(904): App\Controllers\BaseController->initController(Object(CodeIgniter\HTTP\IncomingRequest), Object(CodeIgniter\HTTP\Response), Object(CodeIgniter\Log\Logger))
 2 SYSTEMPATH\CodeIgniter.php(498): CodeIgniter\CodeIgniter->createController()
 3 SYSTEMPATH\CodeIgniter.php(354): CodeIgniter\CodeIgniter->handleRequest(null, Object(Config\Cache), false)
 4 SYSTEMPATH\Boot.php(363): CodeIgniter\CodeIgniter->run()
 5 SYSTEMPATH\Boot.php(68): CodeIgniter\Boot::runCodeIgniter(Object(CodeIgniter\CodeIgniter))
 6 FCPATH\index.php(59): CodeIgniter\Boot::bootWeb(Object(Config\Paths))
 7 SYSTEMPATH\rewrite.php(44): require_once('C:\\xampp\\htdocs\\cicemilankayo\\public\\index.php')
WARNING - 2025-12-15 05:07:33 --> [DEPRECATED] Creation of dynamic property App\Controllers\Layanan::$nama is deprecated in APPPATH\Controllers\BaseController.php on line 44.
 1 SYSTEMPATH\CodeIgniter.php(904): App\Controllers\BaseController->initController(Object(CodeIgniter\HTTP\IncomingRequest), Object(CodeIgniter\HTTP\Response), Object(CodeIgniter\Log\Logger))
 2 SYSTEMPATH\CodeIgniter.php(498): CodeIgniter\CodeIgniter->createController()
 3 SYSTEMPATH\CodeIgniter.php(354): CodeIgniter\CodeIgniter->handleRequest(null, Object(Config\Cache), false)
 4 SYSTEMPATH\Boot.php(363): CodeIgniter\CodeIgniter->run()
 5 SYSTEMPATH\Boot.php(68): CodeIgniter\Boot::runCodeIgniter(Object(CodeIgniter\CodeIgniter))
 6 FCPATH\index.php(59): CodeIgniter\Boot::bootWeb(Object(Config\Paths))
 7 SYSTEMPATH\rewrite.php(44): require_once('C:\\xampp\\htdocs\\cicemilankayo\\public\\index.php')
WARNING - 2025-12-15 05:09:54 --> [DEPRECATED] Creation of dynamic property App\Controllers\Layanan::$nama is deprecated in APPPATH\Controllers\BaseController.php on line 44.
 1 SYSTEMPATH\CodeIgniter.php(904): App\Controllers\BaseController->initController(Object(CodeIgniter\HTTP\IncomingRequest), Object(CodeIgniter\HTTP\Response), Object(CodeIgniter\Log\Logger))
 2 SYSTEMPATH\CodeIgniter.php(498): CodeIgniter\CodeIgniter->createController()
 3 SYSTEMPATH\CodeIgniter.php(354): CodeIgniter\CodeIgniter->handleRequest(null, Object(Config\Cache), false)
 4 SYSTEMPATH\Boot.php(363): CodeIgniter\CodeIgniter->run()
 5 SYSTEMPATH\Boot.php(68): CodeIgniter\Boot::runCodeIgniter(Object(CodeIgniter\CodeIgniter))
 6 FCPATH\index.php(59): CodeIgniter\Boot::bootWeb(Object(Config\Paths))
 7 SYSTEMPATH\rewrite.php(44): require_once('C:\\xampp\\htdocs\\cicemilankayo\\public\\index.php')
WARNING - 2025-12-15 05:09:55 --> [DEPRECATED] Creation of dynamic property App\Controllers\Home::$nama is deprecated in APPPATH\Controllers\BaseController.php on line 44.
 1 SYSTEMPATH\CodeIgniter.php(904): App\Controllers\BaseController->initController(Object(CodeIgniter\HTTP\IncomingRequest), Object(CodeIgniter\HTTP\Response), Object(CodeIgniter\Log\Logger))
 2 SYSTEMPATH\CodeIgniter.php(498): CodeIgniter\CodeIgniter->createController()
 3 SYSTEMPATH\CodeIgniter.php(354): CodeIgniter\CodeIgniter->handleRequest(null, Object(Config\Cache), false)
 4 SYSTEMPATH\Boot.php(363): CodeIgniter\CodeIgniter->run()
 5 SYSTEMPATH\Boot.php(68): CodeIgniter\Boot::runCodeIgniter(Object(CodeIgniter\CodeIgniter))
 6 FCPATH\index.php(59): CodeIgniter\Boot::bootWeb(Object(Config\Paths))
 7 SYSTEMPATH\rewrite.php(44): require_once('C:\\xampp\\htdocs\\cicemilankayo\\public\\index.php')
WARNING - 2025-12-15 05:09:57 --> [DEPRECATED] Creation of dynamic property App\Controllers\Layanan::$nama is deprecated in APPPATH\Controllers\BaseController.php on line 44.
 1 SYSTEMPATH\CodeIgniter.php(904): App\Controllers\BaseController->initController(Object(CodeIgniter\HTTP\IncomingRequest), Object(CodeIgniter\HTTP\Response), Object(CodeIgniter\Log\Logger))
 2 SYSTEMPATH\CodeIgniter.php(498): CodeIgniter\CodeIgniter->createController()
 3 SYSTEMPATH\CodeIgniter.php(354): CodeIgniter\CodeIgniter->handleRequest(null, Object(Config\Cache), false)
 4 SYSTEMPATH\Boot.php(363): CodeIgniter\CodeIgniter->run()
 5 SYSTEMPATH\Boot.php(68): CodeIgniter\Boot::runCodeIgniter(Object(CodeIgniter\CodeIgniter))
 6 FCPATH\index.php(59): CodeIgniter\Boot::bootWeb(Object(Config\Paths))
 7 SYSTEMPATH\rewrite.php(44): require_once('C:\\xampp\\htdocs\\cicemilankayo\\public\\index.php')
WARNING - 2025-12-15 05:09:58 --> [DEPRECATED] Creation of dynamic property App\Controllers\Portofolio::$nama is deprecated in APPPATH\Controllers\BaseController.php on line 44.
 1 SYSTEMPATH\CodeIgniter.php(904): App\Controllers\BaseController->initController(Object(CodeIgniter\HTTP\IncomingRequest), Object(CodeIgniter\HTTP\Response), Object(CodeIgniter\Log\Logger))
 2 SYSTEMPATH\CodeIgniter.php(498): CodeIgniter\CodeIgniter->createController()
 3 SYSTEMPATH\CodeIgniter.php(354): CodeIgniter\CodeIgniter->handleRequest(null, Object(Config\Cache), false)
 4 SYSTEMPATH\Boot.php(363): CodeIgniter\CodeIgniter->run()
 5 SYSTEMPATH\Boot.php(68): CodeIgniter\Boot::runCodeIgniter(Object(CodeIgniter\CodeIgniter))
 6 FCPATH\index.php(59): CodeIgniter\Boot::bootWeb(Object(Config\Paths))
 7 SYSTEMPATH\rewrite.php(44): require_once('C:\\xampp\\htdocs\\cicemilankayo\\public\\index.php')
WARNING - 2025-12-15 05:10:00 --> [DEPRECATED] Creation of dynamic property App\Controllers\Layanan::$nama is deprecated in APPPATH\Controllers\BaseController.php on line 44.
 1 SYSTEMPATH\CodeIgniter.php(904): App\Controllers\BaseController->initController(Object(CodeIgniter\HTTP\IncomingRequest), Object(CodeIgniter\HTTP\Response), Object(CodeIgniter\Log\Logger))
 2 SYSTEMPATH\CodeIgniter.php(498): CodeIgniter\CodeIgniter->createController()
 3 SYSTEMPATH\CodeIgniter.php(354): CodeIgniter\CodeIgniter->handleRequest(null, Object(Config\Cache), false)
 4 SYSTEMPATH\Boot.php(363): CodeIgniter\CodeIgniter->run()
 5 SYSTEMPATH\Boot.php(68): CodeIgniter\Boot::runCodeIgniter(Object(CodeIgniter\CodeIgniter))
 6 FCPATH\index.php(59): CodeIgniter\Boot::bootWeb(Object(Config\Paths))
 7 SYSTEMPATH\rewrite.php(44): require_once('C:\\xampp\\htdocs\\cicemilankayo\\public\\index.php')
WARNING - 2025-12-15 05:10:01 --> [DEPRECATED] Creation of dynamic property App\Controllers\Portofolio::$nama is deprecated in APPPATH\Controllers\BaseController.php on line 44.
 1 SYSTEMPATH\CodeIgniter.php(904): App\Controllers\BaseController->initController(Object(CodeIgniter\HTTP\IncomingRequest), Object(CodeIgniter\HTTP\Response), Object(CodeIgniter\Log\Logger))
 2 SYSTEMPATH\CodeIgniter.php(498): CodeIgniter\CodeIgniter->createController()
 3 SYSTEMPATH\CodeIgniter.php(354): CodeIgniter\CodeIgniter->handleRequest(null, Object(Config\Cache), false)
 4 SYSTEMPATH\Boot.php(363): CodeIgniter\CodeIgniter->run()
 5 SYSTEMPATH\Boot.php(68): CodeIgniter\Boot::runCodeIgniter(Object(CodeIgniter\CodeIgniter))
 6 FCPATH\index.php(59): CodeIgniter\Boot::bootWeb(Object(Config\Paths))
 7 SYSTEMPATH\rewrite.php(44): require_once('C:\\xampp\\htdocs\\cicemilankayo\\public\\index.php')
WARNING - 2025-12-15 05:10:02 --> [DEPRECATED] Creation of dynamic property App\Controllers\Layanan::$nama is deprecated in APPPATH\Controllers\BaseController.php on line 44.
 1 SYSTEMPATH\CodeIgniter.php(904): App\Controllers\BaseController->initController(Object(CodeIgniter\HTTP\IncomingRequest), Object(CodeIgniter\HTTP\Response), Object(CodeIgniter\Log\Logger))
 2 SYSTEMPATH\CodeIgniter.php(498): CodeIgniter\CodeIgniter->createController()
 3 SYSTEMPATH\CodeIgniter.php(354): CodeIgniter\CodeIgniter->handleRequest(null, Object(Config\Cache), false)
 4 SYSTEMPATH\Boot.php(363): CodeIgniter\CodeIgniter->run()
 5 SYSTEMPATH\Boot.php(68): CodeIgniter\Boot::runCodeIgniter(Object(CodeIgniter\CodeIgniter))
 6 FCPATH\index.php(59): CodeIgniter\Boot::bootWeb(Object(Config\Paths))
 7 SYSTEMPATH\rewrite.php(44): require_once('C:\\xampp\\htdocs\\cicemilankayo\\public\\index.php')
WARNING - 2025-12-15 05:10:04 --> [DEPRECATED] Creation of dynamic property App\Controllers\Layanan::$nama is deprecated in APPPATH\Controllers\BaseController.php on line 44.
 1 SYSTEMPATH\CodeIgniter.php(904): App\Controllers\BaseController->initController(Object(CodeIgniter\HTTP\IncomingRequest), Object(CodeIgniter\HTTP\Response), Object(CodeIgniter\Log\Logger))
 2 SYSTEMPATH\CodeIgniter.php(498): CodeIgniter\CodeIgniter->createController()
 3 SYSTEMPATH\CodeIgniter.php(354): CodeIgniter\CodeIgniter->handleRequest(null, Object(Config\Cache), false)
 4 SYSTEMPATH\Boot.php(363): CodeIgniter\CodeIgniter->run()
 5 SYSTEMPATH\Boot.php(68): CodeIgniter\Boot::runCodeIgniter(Object(CodeIgniter\CodeIgniter))
 6 FCPATH\index.php(59): CodeIgniter\Boot::bootWeb(Object(Config\Paths))
 7 SYSTEMPATH\rewrite.php(44): require_once('C:\\xampp\\htdocs\\cicemilankayo\\public\\index.php')
WARNING - 2025-12-15 05:10:04 --> [DEPRECATED] Creation of dynamic property App\Controllers\Portofolio::$nama is deprecated in APPPATH\Controllers\BaseController.php on line 44.
 1 SYSTEMPATH\CodeIgniter.php(904): App\Controllers\BaseController->initController(Object(CodeIgniter\HTTP\IncomingRequest), Object(CodeIgniter\HTTP\Response), Object(CodeIgniter\Log\Logger))
 2 SYSTEMPATH\CodeIgniter.php(498): CodeIgniter\CodeIgniter->createController()
 3 SYSTEMPATH\CodeIgniter.php(354): CodeIgniter\CodeIgniter->handleRequest(null, Object(Config\Cache), false)
 4 SYSTEMPATH\Boot.php(363): CodeIgniter\CodeIgniter->run()
 5 SYSTEMPATH\Boot.php(68): CodeIgniter\Boot::runCodeIgniter(Object(CodeIgniter\CodeIgniter))
 6 FCPATH\index.php(59): CodeIgniter\Boot::bootWeb(Object(Config\Paths))
 7 SYSTEMPATH\rewrite.php(44): require_once('C:\\xampp\\htdocs\\cicemilankayo\\public\\index.php')
WARNING - 2025-12-15 05:10:05 --> [DEPRECATED] Creation of dynamic property App\Controllers\Layanan::$nama is deprecated in APPPATH\Controllers\BaseController.php on line 44.
 1 SYSTEMPATH\CodeIgniter.php(904): App\Controllers\BaseController->initController(Object(CodeIgniter\HTTP\IncomingRequest), Object(CodeIgniter\HTTP\Response), Object(CodeIgniter\Log\Logger))
 2 SYSTEMPATH\CodeIgniter.php(498): CodeIgniter\CodeIgniter->createController()
 3 SYSTEMPATH\CodeIgniter.php(354): CodeIgniter\CodeIgniter->handleRequest(null, Object(Config\Cache), false)
 4 SYSTEMPATH\Boot.php(363): CodeIgniter\CodeIgniter->run()
 5 SYSTEMPATH\Boot.php(68): CodeIgniter\Boot::runCodeIgniter(Object(CodeIgniter\CodeIgniter))
 6 FCPATH\index.php(59): CodeIgniter\Boot::bootWeb(Object(Config\Paths))
 7 SYSTEMPATH\rewrite.php(44): require_once('C:\\xampp\\htdocs\\cicemilankayo\\public\\index.php')
WARNING - 2025-12-15 05:10:05 --> [DEPRECATED] Creation of dynamic property App\Controllers\Home::$nama is deprecated in APPPATH\Controllers\BaseController.php on line 44.
 1 SYSTEMPATH\CodeIgniter.php(904): App\Controllers\BaseController->initController(Object(CodeIgniter\HTTP\IncomingRequest), Object(CodeIgniter\HTTP\Response), Object(CodeIgniter\Log\Logger))
 2 SYSTEMPATH\CodeIgniter.php(498): CodeIgniter\CodeIgniter->createController()
 3 SYSTEMPATH\CodeIgniter.php(354): CodeIgniter\CodeIgniter->handleRequest(null, Object(Config\Cache), false)
 4 SYSTEMPATH\Boot.php(363): CodeIgniter\CodeIgniter->run()
 5 SYSTEMPATH\Boot.php(68): CodeIgniter\Boot::runCodeIgniter(Object(CodeIgniter\CodeIgniter))
 6 FCPATH\index.php(59): CodeIgniter\Boot::bootWeb(Object(Config\Paths))
 7 SYSTEMPATH\rewrite.php(44): require_once('C:\\xampp\\htdocs\\cicemilankayo\\public\\index.php')
WARNING - 2025-12-15 05:10:06 --> [DEPRECATED] Creation of dynamic property App\Controllers\Portofolio::$nama is deprecated in APPPATH\Controllers\BaseController.php on line 44.
 1 SYSTEMPATH\CodeIgniter.php(904): App\Controllers\BaseController->initController(Object(CodeIgniter\HTTP\IncomingRequest), Object(CodeIgniter\HTTP\Response), Object(CodeIgniter\Log\Logger))
 2 SYSTEMPATH\CodeIgniter.php(498): CodeIgniter\CodeIgniter->createController()
 3 SYSTEMPATH\CodeIgniter.php(354): CodeIgniter\CodeIgniter->handleRequest(null, Object(Config\Cache), false)
 4 SYSTEMPATH\Boot.php(363): CodeIgniter\CodeIgniter->run()
 5 SYSTEMPATH\Boot.php(68): CodeIgniter\Boot::runCodeIgniter(Object(CodeIgniter\CodeIgniter))
 6 FCPATH\index.php(59): CodeIgniter\Boot::bootWeb(Object(Config\Paths))
 7 SYSTEMPATH\rewrite.php(44): require_once('C:\\xampp\\htdocs\\cicemilankayo\\public\\index.php')
WARNING - 2025-12-15 05:10:06 --> [DEPRECATED] Creation of dynamic property App\Controllers\Layanan::$nama is deprecated in APPPATH\Controllers\BaseController.php on line 44.
 1 SYSTEMPATH\CodeIgniter.php(904): App\Controllers\BaseController->initController(Object(CodeIgniter\HTTP\IncomingRequest), Object(CodeIgniter\HTTP\Response), Object(CodeIgniter\Log\Logger))
 2 SYSTEMPATH\CodeIgniter.php(498): CodeIgniter\CodeIgniter->createController()
 3 SYSTEMPATH\CodeIgniter.php(354): CodeIgniter\CodeIgniter->handleRequest(null, Object(Config\Cache), false)
 4 SYSTEMPATH\Boot.php(363): CodeIgniter\CodeIgniter->run()
 5 SYSTEMPATH\Boot.php(68): CodeIgniter\Boot::runCodeIgniter(Object(CodeIgniter\CodeIgniter))
 6 FCPATH\index.php(59): CodeIgniter\Boot::bootWeb(Object(Config\Paths))
 7 SYSTEMPATH\rewrite.php(44): require_once('C:\\xampp\\htdocs\\cicemilankayo\\public\\index.php')
WARNING - 2025-12-15 05:10:33 --> [DEPRECATED] Creation of dynamic property App\Controllers\Home::$nama is deprecated in APPPATH\Controllers\BaseController.php on line 44.
 1 SYSTEMPATH\CodeIgniter.php(904): App\Controllers\BaseController->initController(Object(CodeIgniter\HTTP\IncomingRequest), Object(CodeIgniter\HTTP\Response), Object(CodeIgniter\Log\Logger))
 2 SYSTEMPATH\CodeIgniter.php(498): CodeIgniter\CodeIgniter->createController()
 3 SYSTEMPATH\CodeIgniter.php(354): CodeIgniter\CodeIgniter->handleRequest(null, Object(Config\Cache), false)
 4 SYSTEMPATH\Boot.php(363): CodeIgniter\CodeIgniter->run()
 5 SYSTEMPATH\Boot.php(68): CodeIgniter\Boot::runCodeIgniter(Object(CodeIgniter\CodeIgniter))
 6 FCPATH\index.php(59): CodeIgniter\Boot::bootWeb(Object(Config\Paths))
 7 SYSTEMPATH\rewrite.php(44): require_once('C:\\xampp\\htdocs\\cicemilankayo\\public\\index.php')
WARNING - 2025-12-15 05:10:34 --> [DEPRECATED] Creation of dynamic property App\Controllers\Layanan::$nama is deprecated in APPPATH\Controllers\BaseController.php on line 44.
 1 SYSTEMPATH\CodeIgniter.php(904): App\Controllers\BaseController->initController(Object(CodeIgniter\HTTP\IncomingRequest), Object(CodeIgniter\HTTP\Response), Object(CodeIgniter\Log\Logger))
 2 SYSTEMPATH\CodeIgniter.php(498): CodeIgniter\CodeIgniter->createController()
 3 SYSTEMPATH\CodeIgniter.php(354): CodeIgniter\CodeIgniter->handleRequest(null, Object(Config\Cache), false)
 4 SYSTEMPATH\Boot.php(363): CodeIgniter\CodeIgniter->run()
 5 SYSTEMPATH\Boot.php(68): CodeIgniter\Boot::runCodeIgniter(Object(CodeIgniter\CodeIgniter))
 6 FCPATH\index.php(59): CodeIgniter\Boot::bootWeb(Object(Config\Paths))
 7 SYSTEMPATH\rewrite.php(44): require_once('C:\\xampp\\htdocs\\cicemilankayo\\public\\index.php')
WARNING - 2025-12-15 05:10:35 --> [DEPRECATED] Creation of dynamic property App\Controllers\Layanan::$nama is deprecated in APPPATH\Controllers\BaseController.php on line 44.
 1 SYSTEMPATH\CodeIgniter.php(904): App\Controllers\BaseController->initController(Object(CodeIgniter\HTTP\IncomingRequest), Object(CodeIgniter\HTTP\Response), Object(CodeIgniter\Log\Logger))
 2 SYSTEMPATH\CodeIgniter.php(498): CodeIgniter\CodeIgniter->createController()
 3 SYSTEMPATH\CodeIgniter.php(354): CodeIgniter\CodeIgniter->handleRequest(null, Object(Config\Cache), false)
 4 SYSTEMPATH\Boot.php(363): CodeIgniter\CodeIgniter->run()
 5 SYSTEMPATH\Boot.php(68): CodeIgniter\Boot::runCodeIgniter(Object(CodeIgniter\CodeIgniter))
 6 FCPATH\index.php(59): CodeIgniter\Boot::bootWeb(Object(Config\Paths))
 7 SYSTEMPATH\rewrite.php(44): require_once('C:\\xampp\\htdocs\\cicemilankayo\\public\\index.php')
WARNING - 2025-12-15 05:10:36 --> [DEPRECATED] Creation of dynamic property App\Controllers\Portofolio::$nama is deprecated in APPPATH\Controllers\BaseController.php on line 44.
 1 SYSTEMPATH\CodeIgniter.php(904): App\Controllers\BaseController->initController(Object(CodeIgniter\HTTP\IncomingRequest), Object(CodeIgniter\HTTP\Response), Object(CodeIgniter\Log\Logger))
 2 SYSTEMPATH\CodeIgniter.php(498): CodeIgniter\CodeIgniter->createController()
 3 SYSTEMPATH\CodeIgniter.php(354): CodeIgniter\CodeIgniter->handleRequest(null, Object(Config\Cache), false)
 4 SYSTEMPATH\Boot.php(363): CodeIgniter\CodeIgniter->run()
 5 SYSTEMPATH\Boot.php(68): CodeIgniter\Boot::runCodeIgniter(Object(CodeIgniter\CodeIgniter))
 6 FCPATH\index.php(59): CodeIgniter\Boot::bootWeb(Object(Config\Paths))
 7 SYSTEMPATH\rewrite.php(44): require_once('C:\\xampp\\htdocs\\cicemilankayo\\public\\index.php')
WARNING - 2025-12-15 05:10:39 --> [DEPRECATED] Creation of dynamic property App\Controllers\Portofolio::$nama is deprecated in APPPATH\Controllers\BaseController.php on line 44.
 1 SYSTEMPATH\CodeIgniter.php(904): App\Controllers\BaseController->initController(Object(CodeIgniter\HTTP\IncomingRequest), Object(CodeIgniter\HTTP\Response), Object(CodeIgniter\Log\Logger))
 2 SYSTEMPATH\CodeIgniter.php(498): CodeIgniter\CodeIgniter->createController()
 3 SYSTEMPATH\CodeIgniter.php(354): CodeIgniter\CodeIgniter->handleRequest(null, Object(Config\Cache), false)
 4 SYSTEMPATH\Boot.php(363): CodeIgniter\CodeIgniter->run()
 5 SYSTEMPATH\Boot.php(68): CodeIgniter\Boot::runCodeIgniter(Object(CodeIgniter\CodeIgniter))
 6 FCPATH\index.php(59): CodeIgniter\Boot::bootWeb(Object(Config\Paths))
 7 SYSTEMPATH\rewrite.php(44): require_once('C:\\xampp\\htdocs\\cicemilankayo\\public\\index.php')
WARNING - 2025-12-15 05:10:39 --> [DEPRECATED] Creation of dynamic property App\Controllers\Layanan::$nama is deprecated in APPPATH\Controllers\BaseController.php on line 44.
 1 SYSTEMPATH\CodeIgniter.php(904): App\Controllers\BaseController->initController(Object(CodeIgniter\HTTP\IncomingRequest), Object(CodeIgniter\HTTP\Response), Object(CodeIgniter\Log\Logger))
 2 SYSTEMPATH\CodeIgniter.php(498): CodeIgniter\CodeIgniter->createController()
 3 SYSTEMPATH\CodeIgniter.php(354): CodeIgniter\CodeIgniter->handleRequest(null, Object(Config\Cache), false)
 4 SYSTEMPATH\Boot.php(363): CodeIgniter\CodeIgniter->run()
 5 SYSTEMPATH\Boot.php(68): CodeIgniter\Boot::runCodeIgniter(Object(CodeIgniter\CodeIgniter))
 6 FCPATH\index.php(59): CodeIgniter\Boot::bootWeb(Object(Config\Paths))
 7 SYSTEMPATH\rewrite.php(44): require_once('C:\\xampp\\htdocs\\cicemilankayo\\public\\index.php')
WARNING - 2025-12-15 05:10:40 --> [DEPRECATED] Creation of dynamic property App\Controllers\Home::$nama is deprecated in APPPATH\Controllers\BaseController.php on line 44.
 1 SYSTEMPATH\CodeIgniter.php(904): App\Controllers\BaseController->initController(Object(CodeIgniter\HTTP\IncomingRequest), Object(CodeIgniter\HTTP\Response), Object(CodeIgniter\Log\Logger))
 2 SYSTEMPATH\CodeIgniter.php(498): CodeIgniter\CodeIgniter->createController()
 3 SYSTEMPATH\CodeIgniter.php(354): CodeIgniter\CodeIgniter->handleRequest(null, Object(Config\Cache), false)
 4 SYSTEMPATH\Boot.php(363): CodeIgniter\CodeIgniter->run()
 5 SYSTEMPATH\Boot.php(68): CodeIgniter\Boot::runCodeIgniter(Object(CodeIgniter\CodeIgniter))
 6 FCPATH\index.php(59): CodeIgniter\Boot::bootWeb(Object(Config\Paths))
 7 SYSTEMPATH\rewrite.php(44): require_once('C:\\xampp\\htdocs\\cicemilankayo\\public\\index.php')
WARNING - 2025-12-15 05:10:43 --> [DEPRECATED] Creation of dynamic property App\Controllers\Home::$nama is deprecated in APPPATH\Controllers\BaseController.php on line 44.
 1 SYSTEMPATH\CodeIgniter.php(904): App\Controllers\BaseController->initController(Object(CodeIgniter\HTTP\IncomingRequest), Object(CodeIgniter\HTTP\Response), Object(CodeIgniter\Log\Logger))
 2 SYSTEMPATH\CodeIgniter.php(498): CodeIgniter\CodeIgniter->createController()
 3 SYSTEMPATH\CodeIgniter.php(354): CodeIgniter\CodeIgniter->handleRequest(null, Object(Config\Cache), false)
 4 SYSTEMPATH\Boot.php(363): CodeIgniter\CodeIgniter->run()
 5 SYSTEMPATH\Boot.php(68): CodeIgniter\Boot::runCodeIgniter(Object(CodeIgniter\CodeIgniter))
 6 FCPATH\index.php(59): CodeIgniter\Boot::bootWeb(Object(Config\Paths))
 7 SYSTEMPATH\rewrite.php(44): require_once('C:\\xampp\\htdocs\\cicemilankayo\\public\\index.php')
WARNING - 2025-12-15 05:10:43 --> [DEPRECATED] Creation of dynamic property App\Controllers\Layanan::$nama is deprecated in APPPATH\Controllers\BaseController.php on line 44.
 1 SYSTEMPATH\CodeIgniter.php(904): App\Controllers\BaseController->initController(Object(CodeIgniter\HTTP\IncomingRequest), Object(CodeIgniter\HTTP\Response), Object(CodeIgniter\Log\Logger))
 2 SYSTEMPATH\CodeIgniter.php(498): CodeIgniter\CodeIgniter->createController()
 3 SYSTEMPATH\CodeIgniter.php(354): CodeIgniter\CodeIgniter->handleRequest(null, Object(Config\Cache), false)
 4 SYSTEMPATH\Boot.php(363): CodeIgniter\CodeIgniter->run()
 5 SYSTEMPATH\Boot.php(68): CodeIgniter\Boot::runCodeIgniter(Object(CodeIgniter\CodeIgniter))
 6 FCPATH\index.php(59): CodeIgniter\Boot::bootWeb(Object(Config\Paths))
 7 SYSTEMPATH\rewrite.php(44): require_once('C:\\xampp\\htdocs\\cicemilankayo\\public\\index.php')
WARNING - 2025-12-15 05:10:46 --> [DEPRECATED] Creation of dynamic property App\Controllers\Home::$nama is deprecated in APPPATH\Controllers\BaseController.php on line 44.
 1 SYSTEMPATH\CodeIgniter.php(904): App\Controllers\BaseController->initController(Object(CodeIgniter\HTTP\IncomingRequest), Object(CodeIgniter\HTTP\Response), Object(CodeIgniter\Log\Logger))
 2 SYSTEMPATH\CodeIgniter.php(498): CodeIgniter\CodeIgniter->createController()
 3 SYSTEMPATH\CodeIgniter.php(354): CodeIgniter\CodeIgniter->handleRequest(null, Object(Config\Cache), false)
 4 SYSTEMPATH\Boot.php(363): CodeIgniter\CodeIgniter->run()
 5 SYSTEMPATH\Boot.php(68): CodeIgniter\Boot::runCodeIgniter(Object(CodeIgniter\CodeIgniter))
 6 FCPATH\index.php(59): CodeIgniter\Boot::bootWeb(Object(Config\Paths))
 7 SYSTEMPATH\rewrite.php(44): require_once('C:\\xampp\\htdocs\\cicemilankayo\\public\\index.php')
WARNING - 2025-12-15 05:43:50 --> [DEPRECATED] Creation of dynamic property App\Controllers\Home::$nama is deprecated in APPPATH\Controllers\BaseController.php on line 44.
 1 SYSTEMPATH\CodeIgniter.php(904): App\Controllers\BaseController->initController(Object(CodeIgniter\HTTP\IncomingRequest), Object(CodeIgniter\HTTP\Response), Object(CodeIgniter\Log\Logger))
 2 SYSTEMPATH\CodeIgniter.php(498): CodeIgniter\CodeIgniter->createController()
 3 SYSTEMPATH\CodeIgniter.php(354): CodeIgniter\CodeIgniter->handleRequest(null, Object(Config\Cache), false)
 4 SYSTEMPATH\Boot.php(363): CodeIgniter\CodeIgniter->run()
 5 SYSTEMPATH\Boot.php(68): CodeIgniter\Boot::runCodeIgniter(Object(CodeIgniter\CodeIgniter))
 6 FCPATH\index.php(59): CodeIgniter\Boot::bootWeb(Object(Config\Paths))
 7 SYSTEMPATH\rewrite.php(44): require_once('C:\\xampp\\htdocs\\cicemilankayo\\public\\index.php')
WARNING - 2025-12-15 05:43:51 --> [DEPRECATED] Creation of dynamic property App\Controllers\Home::$nama is deprecated in APPPATH\Controllers\BaseController.php on line 44.
 1 SYSTEMPATH\CodeIgniter.php(904): App\Controllers\BaseController->initController(Object(CodeIgniter\HTTP\IncomingRequest), Object(CodeIgniter\HTTP\Response), Object(CodeIgniter\Log\Logger))
 2 SYSTEMPATH\CodeIgniter.php(498): CodeIgniter\CodeIgniter->createController()
 3 SYSTEMPATH\CodeIgniter.php(354): CodeIgniter\CodeIgniter->handleRequest(null, Object(Config\Cache), false)
 4 SYSTEMPATH\Boot.php(363): CodeIgniter\CodeIgniter->run()
 5 SYSTEMPATH\Boot.php(68): CodeIgniter\Boot::runCodeIgniter(Object(CodeIgniter\CodeIgniter))
 6 FCPATH\index.php(59): CodeIgniter\Boot::bootWeb(Object(Config\Paths))
 7 SYSTEMPATH\rewrite.php(44): require_once('C:\\xampp\\htdocs\\cicemilankayo\\public\\index.php')
WARNING - 2025-12-15 05:43:57 --> [DEPRECATED] Creation of dynamic property App\Controllers\Home::$nama is deprecated in APPPATH\Controllers\BaseController.php on line 44.
 1 SYSTEMPATH\CodeIgniter.php(904): App\Controllers\BaseController->initController(Object(CodeIgniter\HTTP\IncomingRequest), Object(CodeIgniter\HTTP\Response), Object(CodeIgniter\Log\Logger))
 2 SYSTEMPATH\CodeIgniter.php(498): CodeIgniter\CodeIgniter->createController()
 3 SYSTEMPATH\CodeIgniter.php(354): CodeIgniter\CodeIgniter->handleRequest(null, Object(Config\Cache), false)
 4 SYSTEMPATH\Boot.php(363): CodeIgniter\CodeIgniter->run()
 5 SYSTEMPATH\Boot.php(68): CodeIgniter\Boot::runCodeIgniter(Object(CodeIgniter\CodeIgniter))
 6 FCPATH\index.php(59): CodeIgniter\Boot::bootWeb(Object(Config\Paths))
 7 SYSTEMPATH\rewrite.php(44): require_once('C:\\xampp\\htdocs\\cicemilankayo\\public\\index.php')
WARNING - 2025-12-15 05:44:49 --> [DEPRECATED] Creation of dynamic property App\Controllers\Home::$nama is deprecated in APPPATH\Controllers\BaseController.php on line 44.
 1 SYSTEMPATH\CodeIgniter.php(904): App\Controllers\BaseController->initController(Object(CodeIgniter\HTTP\IncomingRequest), Object(CodeIgniter\HTTP\Response), Object(CodeIgniter\Log\Logger))
 2 SYSTEMPATH\CodeIgniter.php(498): CodeIgniter\CodeIgniter->createController()
 3 SYSTEMPATH\CodeIgniter.php(354): CodeIgniter\CodeIgniter->handleRequest(null, Object(Config\Cache), false)
 4 SYSTEMPATH\Boot.php(363): CodeIgniter\CodeIgniter->run()
 5 SYSTEMPATH\Boot.php(68): CodeIgniter\Boot::runCodeIgniter(Object(CodeIgniter\CodeIgniter))
 6 FCPATH\index.php(59): CodeIgniter\Boot::bootWeb(Object(Config\Paths))
 7 SYSTEMPATH\rewrite.php(44): require_once('C:\\xampp\\htdocs\\cicemilankayo\\public\\index.php')
WARNING - 2025-12-15 05:45:07 --> [DEPRECATED] Creation of dynamic property App\Controllers\Home::$nama is deprecated in APPPATH\Controllers\BaseController.php on line 44.
 1 SYSTEMPATH\CodeIgniter.php(904): App\Controllers\BaseController->initController(Object(CodeIgniter\HTTP\IncomingRequest), Object(CodeIgniter\HTTP\Response), Object(CodeIgniter\Log\Logger))
 2 SYSTEMPATH\CodeIgniter.php(498): CodeIgniter\CodeIgniter->createController()
 3 SYSTEMPATH\CodeIgniter.php(354): CodeIgniter\CodeIgniter->handleRequest(null, Object(Config\Cache), false)
 4 SYSTEMPATH\Boot.php(363): CodeIgniter\CodeIgniter->run()
 5 SYSTEMPATH\Boot.php(68): CodeIgniter\Boot::runCodeIgniter(Object(CodeIgniter\CodeIgniter))
 6 FCPATH\index.php(59): CodeIgniter\Boot::bootWeb(Object(Config\Paths))
 7 SYSTEMPATH\rewrite.php(44): require_once('C:\\xampp\\htdocs\\cicemilankayo\\public\\index.php')
WARNING - 2025-12-15 05:47:36 --> [DEPRECATED] Creation of dynamic property App\Controllers\Home::$nama is deprecated in APPPATH\Controllers\BaseController.php on line 44.
 1 SYSTEMPATH\CodeIgniter.php(904): App\Controllers\BaseController->initController(Object(CodeIgniter\HTTP\IncomingRequest), Object(CodeIgniter\HTTP\Response), Object(CodeIgniter\Log\Logger))
 2 SYSTEMPATH\CodeIgniter.php(498): CodeIgniter\CodeIgniter->createController()
 3 SYSTEMPATH\CodeIgniter.php(354): CodeIgniter\CodeIgniter->handleRequest(null, Object(Config\Cache), false)
 4 SYSTEMPATH\Boot.php(363): CodeIgniter\CodeIgniter->run()
 5 SYSTEMPATH\Boot.php(68): CodeIgniter\Boot::runCodeIgniter(Object(CodeIgniter\CodeIgniter))
 6 FCPATH\index.php(59): CodeIgniter\Boot::bootWeb(Object(Config\Paths))
 7 SYSTEMPATH\rewrite.php(44): require_once('C:\\xampp\\htdocs\\cicemilankayo\\public\\index.php')
WARNING - 2025-12-15 05:47:38 --> [DEPRECATED] Creation of dynamic property App\Controllers\Home::$nama is deprecated in APPPATH\Controllers\BaseController.php on line 44.
 1 SYSTEMPATH\CodeIgniter.php(904): App\Controllers\BaseController->initController(Object(CodeIgniter\HTTP\IncomingRequest), Object(CodeIgniter\HTTP\Response), Object(CodeIgniter\Log\Logger))
 2 SYSTEMPATH\CodeIgniter.php(498): CodeIgniter\CodeIgniter->createController()
 3 SYSTEMPATH\CodeIgniter.php(354): CodeIgniter\CodeIgniter->handleRequest(null, Object(Config\Cache), false)
 4 SYSTEMPATH\Boot.php(363): CodeIgniter\CodeIgniter->run()
 5 SYSTEMPATH\Boot.php(68): CodeIgniter\Boot::runCodeIgniter(Object(CodeIgniter\CodeIgniter))
 6 FCPATH\index.php(59): CodeIgniter\Boot::bootWeb(Object(Config\Paths))
 7 SYSTEMPATH\rewrite.php(44): require_once('C:\\xampp\\htdocs\\cicemilankayo\\public\\index.php')
WARNING - 2025-12-15 05:47:39 --> [DEPRECATED] Creation of dynamic property App\Controllers\Home::$nama is deprecated in APPPATH\Controllers\BaseController.php on line 44.
 1 SYSTEMPATH\CodeIgniter.php(904): App\Controllers\BaseController->initController(Object(CodeIgniter\HTTP\IncomingRequest), Object(CodeIgniter\HTTP\Response), Object(CodeIgniter\Log\Logger))
 2 SYSTEMPATH\CodeIgniter.php(498): CodeIgniter\CodeIgniter->createController()
 3 SYSTEMPATH\CodeIgniter.php(354): CodeIgniter\CodeIgniter->handleRequest(null, Object(Config\Cache), false)
 4 SYSTEMPATH\Boot.php(363): CodeIgniter\CodeIgniter->run()
 5 SYSTEMPATH\Boot.php(68): CodeIgniter\Boot::runCodeIgniter(Object(CodeIgniter\CodeIgniter))
 6 FCPATH\index.php(59): CodeIgniter\Boot::bootWeb(Object(Config\Paths))
 7 SYSTEMPATH\rewrite.php(44): require_once('C:\\xampp\\htdocs\\cicemilankayo\\public\\index.php')
WARNING - 2025-12-15 05:48:04 --> [DEPRECATED] Creation of dynamic property App\Controllers\Home::$nama is deprecated in APPPATH\Controllers\BaseController.php on line 44.
 1 SYSTEMPATH\CodeIgniter.php(904): App\Controllers\BaseController->initController(Object(CodeIgniter\HTTP\IncomingRequest), Object(CodeIgniter\HTTP\Response), Object(CodeIgniter\Log\Logger))
 2 SYSTEMPATH\CodeIgniter.php(498): CodeIgniter\CodeIgniter->createController()
 3 SYSTEMPATH\CodeIgniter.php(354): CodeIgniter\CodeIgniter->handleRequest(null, Object(Config\Cache), false)
 4 SYSTEMPATH\Boot.php(363): CodeIgniter\CodeIgniter->run()
 5 SYSTEMPATH\Boot.php(68): CodeIgniter\Boot::runCodeIgniter(Object(CodeIgniter\CodeIgniter))
 6 FCPATH\index.php(59): CodeIgniter\Boot::bootWeb(Object(Config\Paths))
 7 SYSTEMPATH\rewrite.php(44): require_once('C:\\xampp\\htdocs\\cicemilankayo\\public\\index.php')
WARNING - 2025-12-15 05:48:08 --> [DEPRECATED] Creation of dynamic property App\Controllers\Layanan::$nama is deprecated in APPPATH\Controllers\BaseController.php on line 44.
 1 SYSTEMPATH\CodeIgniter.php(904): App\Controllers\BaseController->initController(Object(CodeIgniter\HTTP\IncomingRequest), Object(CodeIgniter\HTTP\Response), Object(CodeIgniter\Log\Logger))
 2 SYSTEMPATH\CodeIgniter.php(498): CodeIgniter\CodeIgniter->createController()
 3 SYSTEMPATH\CodeIgniter.php(354): CodeIgniter\CodeIgniter->handleRequest(null, Object(Config\Cache), false)
 4 SYSTEMPATH\Boot.php(363): CodeIgniter\CodeIgniter->run()
 5 SYSTEMPATH\Boot.php(68): CodeIgniter\Boot::runCodeIgniter(Object(CodeIgniter\CodeIgniter))
 6 FCPATH\index.php(59): CodeIgniter\Boot::bootWeb(Object(Config\Paths))
 7 SYSTEMPATH\rewrite.php(44): require_once('C:\\xampp\\htdocs\\cicemilankayo\\public\\index.php')
WARNING - 2025-12-15 05:48:10 --> [DEPRECATED] Creation of dynamic property App\Controllers\Portofolio::$nama is deprecated in APPPATH\Controllers\BaseController.php on line 44.
 1 SYSTEMPATH\CodeIgniter.php(904): App\Controllers\BaseController->initController(Object(CodeIgniter\HTTP\IncomingRequest), Object(CodeIgniter\HTTP\Response), Object(CodeIgniter\Log\Logger))
 2 SYSTEMPATH\CodeIgniter.php(498): CodeIgniter\CodeIgniter->createController()
 3 SYSTEMPATH\CodeIgniter.php(354): CodeIgniter\CodeIgniter->handleRequest(null, Object(Config\Cache), false)
 4 SYSTEMPATH\Boot.php(363): CodeIgniter\CodeIgniter->run()
 5 SYSTEMPATH\Boot.php(68): CodeIgniter\Boot::runCodeIgniter(Object(CodeIgniter\CodeIgniter))
 6 FCPATH\index.php(59): CodeIgniter\Boot::bootWeb(Object(Config\Paths))
 7 SYSTEMPATH\rewrite.php(44): require_once('C:\\xampp\\htdocs\\cicemilankayo\\public\\index.php')
WARNING - 2025-12-15 05:50:06 --> [DEPRECATED] Creation of dynamic property App\Controllers\Portofolio::$nama is deprecated in APPPATH\Controllers\BaseController.php on line 44.
 1 SYSTEMPATH\CodeIgniter.php(904): App\Controllers\BaseController->initController(Object(CodeIgniter\HTTP\IncomingRequest), Object(CodeIgniter\HTTP\Response), Object(CodeIgniter\Log\Logger))
 2 SYSTEMPATH\CodeIgniter.php(498): CodeIgniter\CodeIgniter->createController()
 3 SYSTEMPATH\CodeIgniter.php(354): CodeIgniter\CodeIgniter->handleRequest(null, Object(Config\Cache), false)
 4 SYSTEMPATH\Boot.php(363): CodeIgniter\CodeIgniter->run()
 5 SYSTEMPATH\Boot.php(68): CodeIgniter\Boot::runCodeIgniter(Object(CodeIgniter\CodeIgniter))
 6 FCPATH\index.php(59): CodeIgniter\Boot::bootWeb(Object(Config\Paths))
 7 SYSTEMPATH\rewrite.php(44): require_once('C:\\xampp\\htdocs\\cicemilankayo\\public\\index.php')
WARNING - 2025-12-15 05:50:07 --> [DEPRECATED] Creation of dynamic property App\Controllers\Layanan::$nama is deprecated in APPPATH\Controllers\BaseController.php on line 44.
 1 SYSTEMPATH\CodeIgniter.php(904): App\Controllers\BaseController->initController(Object(CodeIgniter\HTTP\IncomingRequest), Object(CodeIgniter\HTTP\Response), Object(CodeIgniter\Log\Logger))
 2 SYSTEMPATH\CodeIgniter.php(498): CodeIgniter\CodeIgniter->createController()
 3 SYSTEMPATH\CodeIgniter.php(354): CodeIgniter\CodeIgniter->handleRequest(null, Object(Config\Cache), false)
 4 SYSTEMPATH\Boot.php(363): CodeIgniter\CodeIgniter->run()
 5 SYSTEMPATH\Boot.php(68): CodeIgniter\Boot::runCodeIgniter(Object(CodeIgniter\CodeIgniter))
 6 FCPATH\index.php(59): CodeIgniter\Boot::bootWeb(Object(Config\Paths))
 7 SYSTEMPATH\rewrite.php(44): require_once('C:\\xampp\\htdocs\\cicemilankayo\\public\\index.php')
WARNING - 2025-12-15 05:50:09 --> [DEPRECATED] Creation of dynamic property App\Controllers\Portofolio::$nama is deprecated in APPPATH\Controllers\BaseController.php on line 44.
 1 SYSTEMPATH\CodeIgniter.php(904): App\Controllers\BaseController->initController(Object(CodeIgniter\HTTP\IncomingRequest), Object(CodeIgniter\HTTP\Response), Object(CodeIgniter\Log\Logger))
 2 SYSTEMPATH\CodeIgniter.php(498): CodeIgniter\CodeIgniter->createController()
 3 SYSTEMPATH\CodeIgniter.php(354): CodeIgniter\CodeIgniter->handleRequest(null, Object(Config\Cache), false)
 4 SYSTEMPATH\Boot.php(363): CodeIgniter\CodeIgniter->run()
 5 SYSTEMPATH\Boot.php(68): CodeIgniter\Boot::runCodeIgniter(Object(CodeIgniter\CodeIgniter))
 6 FCPATH\index.php(59): CodeIgniter\Boot::bootWeb(Object(Config\Paths))
 7 SYSTEMPATH\rewrite.php(44): require_once('C:\\xampp\\htdocs\\cicemilankayo\\public\\index.php')
WARNING - 2025-12-15 05:50:41 --> [DEPRECATED] Creation of dynamic property App\Controllers\Portofolio::$nama is deprecated in APPPATH\Controllers\BaseController.php on line 44.
 1 SYSTEMPATH\CodeIgniter.php(904): App\Controllers\BaseController->initController(Object(CodeIgniter\HTTP\IncomingRequest), Object(CodeIgniter\HTTP\Response), Object(CodeIgniter\Log\Logger))
 2 SYSTEMPATH\CodeIgniter.php(498): CodeIgniter\CodeIgniter->createController()
 3 SYSTEMPATH\CodeIgniter.php(354): CodeIgniter\CodeIgniter->handleRequest(null, Object(Config\Cache), false)
 4 SYSTEMPATH\Boot.php(363): CodeIgniter\CodeIgniter->run()
 5 SYSTEMPATH\Boot.php(68): CodeIgniter\Boot::runCodeIgniter(Object(CodeIgniter\CodeIgniter))
 6 FCPATH\index.php(59): CodeIgniter\Boot::bootWeb(Object(Config\Paths))
 7 SYSTEMPATH\rewrite.php(44): require_once('C:\\xampp\\htdocs\\cicemilankayo\\public\\index.php')
WARNING - 2025-12-15 05:50:50 --> [DEPRECATED] Creation of dynamic property App\Controllers\Portofolio::$nama is deprecated in APPPATH\Controllers\BaseController.php on line 44.
 1 SYSTEMPATH\CodeIgniter.php(904): App\Controllers\BaseController->initController(Object(CodeIgniter\HTTP\IncomingRequest), Object(CodeIgniter\HTTP\Response), Object(CodeIgniter\Log\Logger))
 2 SYSTEMPATH\CodeIgniter.php(498): CodeIgniter\CodeIgniter->createController()
 3 SYSTEMPATH\CodeIgniter.php(354): CodeIgniter\CodeIgniter->handleRequest(null, Object(Config\Cache), false)
 4 SYSTEMPATH\Boot.php(363): CodeIgniter\CodeIgniter->run()
 5 SYSTEMPATH\Boot.php(68): CodeIgniter\Boot::runCodeIgniter(Object(CodeIgniter\CodeIgniter))
 6 FCPATH\index.php(59): CodeIgniter\Boot::bootWeb(Object(Config\Paths))
 7 SYSTEMPATH\rewrite.php(44): require_once('C:\\xampp\\htdocs\\cicemilankayo\\public\\index.php')
WARNING - 2025-12-15 05:50:53 --> [DEPRECATED] Creation of dynamic property App\Controllers\Layanan::$nama is deprecated in APPPATH\Controllers\BaseController.php on line 44.
 1 SYSTEMPATH\CodeIgniter.php(904): App\Controllers\BaseController->initController(Object(CodeIgniter\HTTP\IncomingRequest), Object(CodeIgniter\HTTP\Response), Object(CodeIgniter\Log\Logger))
 2 SYSTEMPATH\CodeIgniter.php(498): CodeIgniter\CodeIgniter->createController()
 3 SYSTEMPATH\CodeIgniter.php(354): CodeIgniter\CodeIgniter->handleRequest(null, Object(Config\Cache), false)
 4 SYSTEMPATH\Boot.php(363): CodeIgniter\CodeIgniter->run()
 5 SYSTEMPATH\Boot.php(68): CodeIgniter\Boot::runCodeIgniter(Object(CodeIgniter\CodeIgniter))
 6 FCPATH\index.php(59): CodeIgniter\Boot::bootWeb(Object(Config\Paths))
 7 SYSTEMPATH\rewrite.php(44): require_once('C:\\xampp\\htdocs\\cicemilankayo\\public\\index.php')
WARNING - 2025-12-15 05:50:54 --> [DEPRECATED] Creation of dynamic property App\Controllers\Portofolio::$nama is deprecated in APPPATH\Controllers\BaseController.php on line 44.
 1 SYSTEMPATH\CodeIgniter.php(904): App\Controllers\BaseController->initController(Object(CodeIgniter\HTTP\IncomingRequest), Object(CodeIgniter\HTTP\Response), Object(CodeIgniter\Log\Logger))
 2 SYSTEMPATH\CodeIgniter.php(498): CodeIgniter\CodeIgniter->createController()
 3 SYSTEMPATH\CodeIgniter.php(354): CodeIgniter\CodeIgniter->handleRequest(null, Object(Config\Cache), false)
 4 SYSTEMPATH\Boot.php(363): CodeIgniter\CodeIgniter->run()
 5 SYSTEMPATH\Boot.php(68): CodeIgniter\Boot::runCodeIgniter(Object(CodeIgniter\CodeIgniter))
 6 FCPATH\index.php(59): CodeIgniter\Boot::bootWeb(Object(Config\Paths))
 7 SYSTEMPATH\rewrite.php(44): require_once('C:\\xampp\\htdocs\\cicemilankayo\\public\\index.php')
WARNING - 2025-12-15 05:50:59 --> [DEPRECATED] Creation of dynamic property App\Controllers\Portofolio::$nama is deprecated in APPPATH\Controllers\BaseController.php on line 44.
 1 SYSTEMPATH\CodeIgniter.php(904): App\Controllers\BaseController->initController(Object(CodeIgniter\HTTP\IncomingRequest), Object(CodeIgniter\HTTP\Response), Object(CodeIgniter\Log\Logger))
 2 SYSTEMPATH\CodeIgniter.php(498): CodeIgniter\CodeIgniter->createController()
 3 SYSTEMPATH\CodeIgniter.php(354): CodeIgniter\CodeIgniter->handleRequest(null, Object(Config\Cache), false)
 4 SYSTEMPATH\Boot.php(363): CodeIgniter\CodeIgniter->run()
 5 SYSTEMPATH\Boot.php(68): CodeIgniter\Boot::runCodeIgniter(Object(CodeIgniter\CodeIgniter))
 6 FCPATH\index.php(59): CodeIgniter\Boot::bootWeb(Object(Config\Paths))
 7 SYSTEMPATH\rewrite.php(44): require_once('C:\\xampp\\htdocs\\cicemilankayo\\public\\index.php')
WARNING - 2025-12-15 05:51:03 --> [DEPRECATED] Creation of dynamic property App\Controllers\Home::$nama is deprecated in APPPATH\Controllers\BaseController.php on line 44.
 1 SYSTEMPATH\CodeIgniter.php(904): App\Controllers\BaseController->initController(Object(CodeIgniter\HTTP\IncomingRequest), Object(CodeIgniter\HTTP\Response), Object(CodeIgniter\Log\Logger))
 2 SYSTEMPATH\CodeIgniter.php(498): CodeIgniter\CodeIgniter->createController()
 3 SYSTEMPATH\CodeIgniter.php(354): CodeIgniter\CodeIgniter->handleRequest(null, Object(Config\Cache), false)
 4 SYSTEMPATH\Boot.php(363): CodeIgniter\CodeIgniter->run()
 5 SYSTEMPATH\Boot.php(68): CodeIgniter\Boot::runCodeIgniter(Object(CodeIgniter\CodeIgniter))
 6 FCPATH\index.php(59): CodeIgniter\Boot::bootWeb(Object(Config\Paths))
 7 SYSTEMPATH\rewrite.php(44): require_once('C:\\xampp\\htdocs\\cicemilankayo\\public\\index.php')
WARNING - 2025-12-15 06:01:32 --> [DEPRECATED] Creation of dynamic property App\Controllers\Home::$nama is deprecated in APPPATH\Controllers\BaseController.php on line 44.
 1 SYSTEMPATH\CodeIgniter.php(904): App\Controllers\BaseController->initController(Object(CodeIgniter\HTTP\IncomingRequest), Object(CodeIgniter\HTTP\Response), Object(CodeIgniter\Log\Logger))
 2 SYSTEMPATH\CodeIgniter.php(498): CodeIgniter\CodeIgniter->createController()
 3 SYSTEMPATH\CodeIgniter.php(354): CodeIgniter\CodeIgniter->handleRequest(null, Object(Config\Cache), false)
 4 SYSTEMPATH\Boot.php(363): CodeIgniter\CodeIgniter->run()
 5 SYSTEMPATH\Boot.php(68): CodeIgniter\Boot::runCodeIgniter(Object(CodeIgniter\CodeIgniter))
 6 FCPATH\index.php(59): CodeIgniter\Boot::bootWeb(Object(Config\Paths))
 7 SYSTEMPATH\rewrite.php(44): require_once('C:\\xampp\\htdocs\\cicemilankayo\\public\\index.php')
WARNING - 2025-12-15 06:01:36 --> [DEPRECATED] Creation of dynamic property App\Controllers\Beranda::$nama is deprecated in APPPATH\Controllers\BaseController.php on line 44.
 1 SYSTEMPATH\CodeIgniter.php(904): App\Controllers\BaseController->initController(Object(CodeIgniter\HTTP\IncomingRequest), Object(CodeIgniter\HTTP\Response), Object(CodeIgniter\Log\Logger))
 2 SYSTEMPATH\CodeIgniter.php(498): CodeIgniter\CodeIgniter->createController()
 3 SYSTEMPATH\CodeIgniter.php(354): CodeIgniter\CodeIgniter->handleRequest(null, Object(Config\Cache), false)
 4 SYSTEMPATH\Boot.php(363): CodeIgniter\CodeIgniter->run()
 5 SYSTEMPATH\Boot.php(68): CodeIgniter\Boot::runCodeIgniter(Object(CodeIgniter\CodeIgniter))
 6 FCPATH\index.php(59): CodeIgniter\Boot::bootWeb(Object(Config\Paths))
 7 SYSTEMPATH\rewrite.php(44): require_once('C:\\xampp\\htdocs\\cicemilankayo\\public\\index.php')
WARNING - 2025-12-15 06:01:40 --> [DEPRECATED] Creation of dynamic property App\Controllers\Beranda::$nama is deprecated in APPPATH\Controllers\BaseController.php on line 44.
 1 SYSTEMPATH\CodeIgniter.php(904): App\Controllers\BaseController->initController(Object(CodeIgniter\HTTP\IncomingRequest), Object(CodeIgniter\HTTP\Response), Object(CodeIgniter\Log\Logger))
 2 SYSTEMPATH\CodeIgniter.php(498): CodeIgniter\CodeIgniter->createController()
 3 SYSTEMPATH\CodeIgniter.php(354): CodeIgniter\CodeIgniter->handleRequest(null, Object(Config\Cache), false)
 4 SYSTEMPATH\Boot.php(363): CodeIgniter\CodeIgniter->run()
 5 SYSTEMPATH\Boot.php(68): CodeIgniter\Boot::runCodeIgniter(Object(CodeIgniter\CodeIgniter))
 6 FCPATH\index.php(59): CodeIgniter\Boot::bootWeb(Object(Config\Paths))
 7 SYSTEMPATH\rewrite.php(44): require_once('C:\\xampp\\htdocs\\cicemilankayo\\public\\index.php')
WARNING - 2025-12-15 06:02:11 --> [DEPRECATED] Creation of dynamic property App\Controllers\Beranda::$nama is deprecated in APPPATH\Controllers\BaseController.php on line 44.
 1 SYSTEMPATH\CodeIgniter.php(904): App\Controllers\BaseController->initController(Object(CodeIgniter\HTTP\IncomingRequest), Object(CodeIgniter\HTTP\Response), Object(CodeIgniter\Log\Logger))
 2 SYSTEMPATH\CodeIgniter.php(498): CodeIgniter\CodeIgniter->createController()
 3 SYSTEMPATH\CodeIgniter.php(354): CodeIgniter\CodeIgniter->handleRequest(null, Object(Config\Cache), false)
 4 SYSTEMPATH\Boot.php(363): CodeIgniter\CodeIgniter->run()
 5 SYSTEMPATH\Boot.php(68): CodeIgniter\Boot::runCodeIgniter(Object(CodeIgniter\CodeIgniter))
 6 FCPATH\index.php(59): CodeIgniter\Boot::bootWeb(Object(Config\Paths))
 7 SYSTEMPATH\rewrite.php(44): require_once('C:\\xampp\\htdocs\\cicemilankayo\\public\\index.php')
WARNING - 2025-12-15 06:12:41 --> [DEPRECATED] Creation of dynamic property App\Controllers\Beranda::$nama is deprecated in APPPATH\Controllers\BaseController.php on line 44.
 1 SYSTEMPATH\CodeIgniter.php(904): App\Controllers\BaseController->initController(Object(CodeIgniter\HTTP\IncomingRequest), Object(CodeIgniter\HTTP\Response), Object(CodeIgniter\Log\Logger))
 2 SYSTEMPATH\CodeIgniter.php(498): CodeIgniter\CodeIgniter->createController()
 3 SYSTEMPATH\CodeIgniter.php(354): CodeIgniter\CodeIgniter->handleRequest(null, Object(Config\Cache), false)
 4 SYSTEMPATH\Boot.php(363): CodeIgniter\CodeIgniter->run()
 5 SYSTEMPATH\Boot.php(68): CodeIgniter\Boot::runCodeIgniter(Object(CodeIgniter\CodeIgniter))
 6 FCPATH\index.php(59): CodeIgniter\Boot::bootWeb(Object(Config\Paths))
 7 SYSTEMPATH\rewrite.php(44): require_once('C:\\xampp\\htdocs\\cicemilankayo\\public\\index.php')
WARNING - 2025-12-15 06:13:05 --> [DEPRECATED] Creation of dynamic property App\Controllers\Beranda::$nama is deprecated in APPPATH\Controllers\BaseController.php on line 44.
 1 SYSTEMPATH\CodeIgniter.php(904): App\Controllers\BaseController->initController(Object(CodeIgniter\HTTP\IncomingRequest), Object(CodeIgniter\HTTP\Response), Object(CodeIgniter\Log\Logger))
 2 SYSTEMPATH\CodeIgniter.php(498): CodeIgniter\CodeIgniter->createController()
 3 SYSTEMPATH\CodeIgniter.php(354): CodeIgniter\CodeIgniter->handleRequest(null, Object(Config\Cache), false)
 4 SYSTEMPATH\Boot.php(363): CodeIgniter\CodeIgniter->run()
 5 SYSTEMPATH\Boot.php(68): CodeIgniter\Boot::runCodeIgniter(Object(CodeIgniter\CodeIgniter))
 6 FCPATH\index.php(59): CodeIgniter\Boot::bootWeb(Object(Config\Paths))
 7 SYSTEMPATH\rewrite.php(44): require_once('C:\\xampp\\htdocs\\cicemilankayo\\public\\index.php')
WARNING - 2025-12-15 06:14:01 --> [DEPRECATED] Creation of dynamic property App\Controllers\Beranda::$nama is deprecated in APPPATH\Controllers\BaseController.php on line 44.
 1 SYSTEMPATH\CodeIgniter.php(904): App\Controllers\BaseController->initController(Object(CodeIgniter\HTTP\IncomingRequest), Object(CodeIgniter\HTTP\Response), Object(CodeIgniter\Log\Logger))
 2 SYSTEMPATH\CodeIgniter.php(498): CodeIgniter\CodeIgniter->createController()
 3 SYSTEMPATH\CodeIgniter.php(354): CodeIgniter\CodeIgniter->handleRequest(null, Object(Config\Cache), false)
 4 SYSTEMPATH\Boot.php(363): CodeIgniter\CodeIgniter->run()
 5 SYSTEMPATH\Boot.php(68): CodeIgniter\Boot::runCodeIgniter(Object(CodeIgniter\CodeIgniter))
 6 FCPATH\index.php(59): CodeIgniter\Boot::bootWeb(Object(Config\Paths))
 7 SYSTEMPATH\rewrite.php(44): require_once('C:\\xampp\\htdocs\\cicemilankayo\\public\\index.php')
WARNING - 2025-12-15 06:14:22 --> [DEPRECATED] Creation of dynamic property App\Controllers\Layanan::$nama is deprecated in APPPATH\Controllers\BaseController.php on line 44.
 1 SYSTEMPATH\CodeIgniter.php(904): App\Controllers\BaseController->initController(Object(CodeIgniter\HTTP\IncomingRequest), Object(CodeIgniter\HTTP\Response), Object(CodeIgniter\Log\Logger))
 2 SYSTEMPATH\CodeIgniter.php(498): CodeIgniter\CodeIgniter->createController()
 3 SYSTEMPATH\CodeIgniter.php(354): CodeIgniter\CodeIgniter->handleRequest(null, Object(Config\Cache), false)
 4 SYSTEMPATH\Boot.php(363): CodeIgniter\CodeIgniter->run()
 5 SYSTEMPATH\Boot.php(68): CodeIgniter\Boot::runCodeIgniter(Object(CodeIgniter\CodeIgniter))
 6 FCPATH\index.php(59): CodeIgniter\Boot::bootWeb(Object(Config\Paths))
 7 SYSTEMPATH\rewrite.php(44): require_once('C:\\xampp\\htdocs\\cicemilankayo\\public\\index.php')
WARNING - 2025-12-15 06:14:23 --> [DEPRECATED] Creation of dynamic property App\Controllers\Portofolio::$nama is deprecated in APPPATH\Controllers\BaseController.php on line 44.
 1 SYSTEMPATH\CodeIgniter.php(904): App\Controllers\BaseController->initController(Object(CodeIgniter\HTTP\IncomingRequest), Object(CodeIgniter\HTTP\Response), Object(CodeIgniter\Log\Logger))
 2 SYSTEMPATH\CodeIgniter.php(498): CodeIgniter\CodeIgniter->createController()
 3 SYSTEMPATH\CodeIgniter.php(354): CodeIgniter\CodeIgniter->handleRequest(null, Object(Config\Cache), false)
 4 SYSTEMPATH\Boot.php(363): CodeIgniter\CodeIgniter->run()
 5 SYSTEMPATH\Boot.php(68): CodeIgniter\Boot::runCodeIgniter(Object(CodeIgniter\CodeIgniter))
 6 FCPATH\index.php(59): CodeIgniter\Boot::bootWeb(Object(Config\Paths))
 7 SYSTEMPATH\rewrite.php(44): require_once('C:\\xampp\\htdocs\\cicemilankayo\\public\\index.php')
WARNING - 2025-12-15 06:14:24 --> [DEPRECATED] Creation of dynamic property App\Controllers\Layanan::$nama is deprecated in APPPATH\Controllers\BaseController.php on line 44.
 1 SYSTEMPATH\CodeIgniter.php(904): App\Controllers\BaseController->initController(Object(CodeIgniter\HTTP\IncomingRequest), Object(CodeIgniter\HTTP\Response), Object(CodeIgniter\Log\Logger))
 2 SYSTEMPATH\CodeIgniter.php(498): CodeIgniter\CodeIgniter->createController()
 3 SYSTEMPATH\CodeIgniter.php(354): CodeIgniter\CodeIgniter->handleRequest(null, Object(Config\Cache), false)
 4 SYSTEMPATH\Boot.php(363): CodeIgniter\CodeIgniter->run()
 5 SYSTEMPATH\Boot.php(68): CodeIgniter\Boot::runCodeIgniter(Object(CodeIgniter\CodeIgniter))
 6 FCPATH\index.php(59): CodeIgniter\Boot::bootWeb(Object(Config\Paths))
 7 SYSTEMPATH\rewrite.php(44): require_once('C:\\xampp\\htdocs\\cicemilankayo\\public\\index.php')
WARNING - 2025-12-15 06:14:33 --> [DEPRECATED] Creation of dynamic property App\Controllers\Layanan::$nama is deprecated in APPPATH\Controllers\BaseController.php on line 44.
 1 SYSTEMPATH\CodeIgniter.php(904): App\Controllers\BaseController->initController(Object(CodeIgniter\HTTP\IncomingRequest), Object(CodeIgniter\HTTP\Response), Object(CodeIgniter\Log\Logger))
 2 SYSTEMPATH\CodeIgniter.php(498): CodeIgniter\CodeIgniter->createController()
 3 SYSTEMPATH\CodeIgniter.php(354): CodeIgniter\CodeIgniter->handleRequest(null, Object(Config\Cache), false)
 4 SYSTEMPATH\Boot.php(363): CodeIgniter\CodeIgniter->run()
 5 SYSTEMPATH\Boot.php(68): CodeIgniter\Boot::runCodeIgniter(Object(CodeIgniter\CodeIgniter))
 6 FCPATH\index.php(59): CodeIgniter\Boot::bootWeb(Object(Config\Paths))
 7 SYSTEMPATH\rewrite.php(44): require_once('C:\\xampp\\htdocs\\cicemilankayo\\public\\index.php')
WARNING - 2025-12-15 06:14:40 --> [DEPRECATED] Creation of dynamic property App\Controllers\Layanan::$nama is deprecated in APPPATH\Controllers\BaseController.php on line 44.
 1 SYSTEMPATH\CodeIgniter.php(904): App\Controllers\BaseController->initController(Object(CodeIgniter\HTTP\IncomingRequest), Object(CodeIgniter\HTTP\Response), Object(CodeIgniter\Log\Logger))
 2 SYSTEMPATH\CodeIgniter.php(498): CodeIgniter\CodeIgniter->createController()
 3 SYSTEMPATH\CodeIgniter.php(354): CodeIgniter\CodeIgniter->handleRequest(null, Object(Config\Cache), false)
 4 SYSTEMPATH\Boot.php(363): CodeIgniter\CodeIgniter->run()
 5 SYSTEMPATH\Boot.php(68): CodeIgniter\Boot::runCodeIgniter(Object(CodeIgniter\CodeIgniter))
 6 FCPATH\index.php(59): CodeIgniter\Boot::bootWeb(Object(Config\Paths))
 7 SYSTEMPATH\rewrite.php(44): require_once('C:\\xampp\\htdocs\\cicemilankayo\\public\\index.php')
WARNING - 2025-12-15 06:14:42 --> [DEPRECATED] Creation of dynamic property App\Controllers\Layanan::$nama is deprecated in APPPATH\Controllers\BaseController.php on line 44.
 1 SYSTEMPATH\CodeIgniter.php(904): App\Controllers\BaseController->initController(Object(CodeIgniter\HTTP\IncomingRequest), Object(CodeIgniter\HTTP\Response), Object(CodeIgniter\Log\Logger))
 2 SYSTEMPATH\CodeIgniter.php(498): CodeIgniter\CodeIgniter->createController()
 3 SYSTEMPATH\CodeIgniter.php(354): CodeIgniter\CodeIgniter->handleRequest(null, Object(Config\Cache), false)
 4 SYSTEMPATH\Boot.php(363): CodeIgniter\CodeIgniter->run()
 5 SYSTEMPATH\Boot.php(68): CodeIgniter\Boot::runCodeIgniter(Object(CodeIgniter\CodeIgniter))
 6 FCPATH\index.php(59): CodeIgniter\Boot::bootWeb(Object(Config\Paths))
 7 SYSTEMPATH\rewrite.php(44): require_once('C:\\xampp\\htdocs\\cicemilankayo\\public\\index.php')
WARNING - 2025-12-15 06:14:44 --> [DEPRECATED] Creation of dynamic property App\Controllers\Home::$nama is deprecated in APPPATH\Controllers\BaseController.php on line 44.
 1 SYSTEMPATH\CodeIgniter.php(904): App\Controllers\BaseController->initController(Object(CodeIgniter\HTTP\IncomingRequest), Object(CodeIgniter\HTTP\Response), Object(CodeIgniter\Log\Logger))
 2 SYSTEMPATH\CodeIgniter.php(498): CodeIgniter\CodeIgniter->createController()
 3 SYSTEMPATH\CodeIgniter.php(354): CodeIgniter\CodeIgniter->handleRequest(null, Object(Config\Cache), false)
 4 SYSTEMPATH\Boot.php(363): CodeIgniter\CodeIgniter->run()
 5 SYSTEMPATH\Boot.php(68): CodeIgniter\Boot::runCodeIgniter(Object(CodeIgniter\CodeIgniter))
 6 FCPATH\index.php(59): CodeIgniter\Boot::bootWeb(Object(Config\Paths))
 7 SYSTEMPATH\rewrite.php(44): require_once('C:\\xampp\\htdocs\\cicemilankayo\\public\\index.php')
WARNING - 2025-12-15 06:14:48 --> [DEPRECATED] Creation of dynamic property App\Controllers\Beranda::$nama is deprecated in APPPATH\Controllers\BaseController.php on line 44.
 1 SYSTEMPATH\CodeIgniter.php(904): App\Controllers\BaseController->initController(Object(CodeIgniter\HTTP\IncomingRequest), Object(CodeIgniter\HTTP\Response), Object(CodeIgniter\Log\Logger))
 2 SYSTEMPATH\CodeIgniter.php(498): CodeIgniter\CodeIgniter->createController()
 3 SYSTEMPATH\CodeIgniter.php(354): CodeIgniter\CodeIgniter->handleRequest(null, Object(Config\Cache), false)
 4 SYSTEMPATH\Boot.php(363): CodeIgniter\CodeIgniter->run()
 5 SYSTEMPATH\Boot.php(68): CodeIgniter\Boot::runCodeIgniter(Object(CodeIgniter\CodeIgniter))
 6 FCPATH\index.php(59): CodeIgniter\Boot::bootWeb(Object(Config\Paths))
 7 SYSTEMPATH\rewrite.php(44): require_once('C:\\xampp\\htdocs\\cicemilankayo\\public\\index.php')
WARNING - 2025-12-15 06:14:51 --> [DEPRECATED] Creation of dynamic property App\Controllers\Beranda::$nama is deprecated in APPPATH\Controllers\BaseController.php on line 44.
 1 SYSTEMPATH\CodeIgniter.php(904): App\Controllers\BaseController->initController(Object(CodeIgniter\HTTP\IncomingRequest), Object(CodeIgniter\HTTP\Response), Object(CodeIgniter\Log\Logger))
 2 SYSTEMPATH\CodeIgniter.php(498): CodeIgniter\CodeIgniter->createController()
 3 SYSTEMPATH\CodeIgniter.php(354): CodeIgniter\CodeIgniter->handleRequest(null, Object(Config\Cache), false)
 4 SYSTEMPATH\Boot.php(363): CodeIgniter\CodeIgniter->run()
 5 SYSTEMPATH\Boot.php(68): CodeIgniter\Boot::runCodeIgniter(Object(CodeIgniter\CodeIgniter))
 6 FCPATH\index.php(59): CodeIgniter\Boot::bootWeb(Object(Config\Paths))
 7 SYSTEMPATH\rewrite.php(44): require_once('C:\\xampp\\htdocs\\cicemilankayo\\public\\index.php')
WARNING - 2025-12-15 06:14:55 --> [DEPRECATED] Creation of dynamic property App\Controllers\Home::$nama is deprecated in APPPATH\Controllers\BaseController.php on line 44.
 1 SYSTEMPATH\CodeIgniter.php(904): App\Controllers\BaseController->initController(Object(CodeIgniter\HTTP\IncomingRequest), Object(CodeIgniter\HTTP\Response), Object(CodeIgniter\Log\Logger))
 2 SYSTEMPATH\CodeIgniter.php(498): CodeIgniter\CodeIgniter->createController()
 3 SYSTEMPATH\CodeIgniter.php(354): CodeIgniter\CodeIgniter->handleRequest(null, Object(Config\Cache), false)
 4 SYSTEMPATH\Boot.php(363): CodeIgniter\CodeIgniter->run()
 5 SYSTEMPATH\Boot.php(68): CodeIgniter\Boot::runCodeIgniter(Object(CodeIgniter\CodeIgniter))
 6 FCPATH\index.php(59): CodeIgniter\Boot::bootWeb(Object(Config\Paths))
 7 SYSTEMPATH\rewrite.php(44): require_once('C:\\xampp\\htdocs\\cicemilankayo\\public\\index.php')
WARNING - 2025-12-15 06:15:04 --> [DEPRECATED] Creation of dynamic property App\Controllers\Beranda::$nama is deprecated in APPPATH\Controllers\BaseController.php on line 44.
 1 SYSTEMPATH\CodeIgniter.php(904): App\Controllers\BaseController->initController(Object(CodeIgniter\HTTP\IncomingRequest), Object(CodeIgniter\HTTP\Response), Object(CodeIgniter\Log\Logger))
 2 SYSTEMPATH\CodeIgniter.php(498): CodeIgniter\CodeIgniter->createController()
 3 SYSTEMPATH\CodeIgniter.php(354): CodeIgniter\CodeIgniter->handleRequest(null, Object(Config\Cache), false)
 4 SYSTEMPATH\Boot.php(363): CodeIgniter\CodeIgniter->run()
 5 SYSTEMPATH\Boot.php(68): CodeIgniter\Boot::runCodeIgniter(Object(CodeIgniter\CodeIgniter))
 6 FCPATH\index.php(59): CodeIgniter\Boot::bootWeb(Object(Config\Paths))
 7 SYSTEMPATH\rewrite.php(44): require_once('C:\\xampp\\htdocs\\cicemilankayo\\public\\index.php')
WARNING - 2025-12-15 06:42:39 --> [DEPRECATED] Creation of dynamic property App\Controllers\Beranda::$nama is deprecated in APPPATH\Controllers\BaseController.php on line 44.
 1 SYSTEMPATH\CodeIgniter.php(904): App\Controllers\BaseController->initController(Object(CodeIgniter\HTTP\IncomingRequest), Object(CodeIgniter\HTTP\Response), Object(CodeIgniter\Log\Logger))
 2 SYSTEMPATH\CodeIgniter.php(498): CodeIgniter\CodeIgniter->createController()
 3 SYSTEMPATH\CodeIgniter.php(354): CodeIgniter\CodeIgniter->handleRequest(null, Object(Config\Cache), false)
 4 SYSTEMPATH\Boot.php(363): CodeIgniter\CodeIgniter->run()
 5 SYSTEMPATH\Boot.php(68): CodeIgniter\Boot::runCodeIgniter(Object(CodeIgniter\CodeIgniter))
 6 FCPATH\index.php(59): CodeIgniter\Boot::bootWeb(Object(Config\Paths))
 7 SYSTEMPATH\rewrite.php(44): require_once('C:\\xampp\\htdocs\\cicemilankayo\\public\\index.php')
WARNING - 2025-12-15 06:43:21 --> [DEPRECATED] Creation of dynamic property App\Controllers\Layanan::$nama is deprecated in APPPATH\Controllers\BaseController.php on line 44.
 1 SYSTEMPATH\CodeIgniter.php(904): App\Controllers\BaseController->initController(Object(CodeIgniter\HTTP\IncomingRequest), Object(CodeIgniter\HTTP\Response), Object(CodeIgniter\Log\Logger))
 2 SYSTEMPATH\CodeIgniter.php(498): CodeIgniter\CodeIgniter->createController()
 3 SYSTEMPATH\CodeIgniter.php(354): CodeIgniter\CodeIgniter->handleRequest(null, Object(Config\Cache), false)
 4 SYSTEMPATH\Boot.php(363): CodeIgniter\CodeIgniter->run()
 5 SYSTEMPATH\Boot.php(68): CodeIgniter\Boot::runCodeIgniter(Object(CodeIgniter\CodeIgniter))
 6 FCPATH\index.php(59): CodeIgniter\Boot::bootWeb(Object(Config\Paths))
 7 SYSTEMPATH\rewrite.php(44): require_once('C:\\xampp\\htdocs\\cicemilankayo\\public\\index.php')
WARNING - 2025-12-15 06:43:22 --> [DEPRECATED] Creation of dynamic property App\Controllers\Portofolio::$nama is deprecated in APPPATH\Controllers\BaseController.php on line 44.
 1 SYSTEMPATH\CodeIgniter.php(904): App\Controllers\BaseController->initController(Object(CodeIgniter\HTTP\IncomingRequest), Object(CodeIgniter\HTTP\Response), Object(CodeIgniter\Log\Logger))
 2 SYSTEMPATH\CodeIgniter.php(498): CodeIgniter\CodeIgniter->createController()
 3 SYSTEMPATH\CodeIgniter.php(354): CodeIgniter\CodeIgniter->handleRequest(null, Object(Config\Cache), false)
 4 SYSTEMPATH\Boot.php(363): CodeIgniter\CodeIgniter->run()
 5 SYSTEMPATH\Boot.php(68): CodeIgniter\Boot::runCodeIgniter(Object(CodeIgniter\CodeIgniter))
 6 FCPATH\index.php(59): CodeIgniter\Boot::bootWeb(Object(Config\Paths))
 7 SYSTEMPATH\rewrite.php(44): require_once('C:\\xampp\\htdocs\\cicemilankayo\\public\\index.php')
WARNING - 2025-12-15 06:43:24 --> [DEPRECATED] Creation of dynamic property App\Controllers\Layanan::$nama is deprecated in APPPATH\Controllers\BaseController.php on line 44.
 1 SYSTEMPATH\CodeIgniter.php(904): App\Controllers\BaseController->initController(Object(CodeIgniter\HTTP\IncomingRequest), Object(CodeIgniter\HTTP\Response), Object(CodeIgniter\Log\Logger))
 2 SYSTEMPATH\CodeIgniter.php(498): CodeIgniter\CodeIgniter->createController()
 3 SYSTEMPATH\CodeIgniter.php(354): CodeIgniter\CodeIgniter->handleRequest(null, Object(Config\Cache), false)
 4 SYSTEMPATH\Boot.php(363): CodeIgniter\CodeIgniter->run()
 5 SYSTEMPATH\Boot.php(68): CodeIgniter\Boot::runCodeIgniter(Object(CodeIgniter\CodeIgniter))
 6 FCPATH\index.php(59): CodeIgniter\Boot::bootWeb(Object(Config\Paths))
 7 SYSTEMPATH\rewrite.php(44): require_once('C:\\xampp\\htdocs\\cicemilankayo\\public\\index.php')
WARNING - 2025-12-15 06:43:25 --> [DEPRECATED] Creation of dynamic property App\Controllers\Beranda::$nama is deprecated in APPPATH\Controllers\BaseController.php on line 44.
 1 SYSTEMPATH\CodeIgniter.php(904): App\Controllers\BaseController->initController(Object(CodeIgniter\HTTP\IncomingRequest), Object(CodeIgniter\HTTP\Response), Object(CodeIgniter\Log\Logger))
 2 SYSTEMPATH\CodeIgniter.php(498): CodeIgniter\CodeIgniter->createController()
 3 SYSTEMPATH\CodeIgniter.php(354): CodeIgniter\CodeIgniter->handleRequest(null, Object(Config\Cache), false)
 4 SYSTEMPATH\Boot.php(363): CodeIgniter\CodeIgniter->run()
 5 SYSTEMPATH\Boot.php(68): CodeIgniter\Boot::runCodeIgniter(Object(CodeIgniter\CodeIgniter))
 6 FCPATH\index.php(59): CodeIgniter\Boot::bootWeb(Object(Config\Paths))
 7 SYSTEMPATH\rewrite.php(44): require_once('C:\\xampp\\htdocs\\cicemilankayo\\public\\index.php')
WARNING - 2025-12-15 06:44:36 --> [DEPRECATED] Creation of dynamic property App\Controllers\Home::$nama is deprecated in APPPATH\Controllers\BaseController.php on line 44.
 1 SYSTEMPATH\CodeIgniter.php(904): App\Controllers\BaseController->initController(Object(CodeIgniter\HTTP\IncomingRequest), Object(CodeIgniter\HTTP\Response), Object(CodeIgniter\Log\Logger))
 2 SYSTEMPATH\CodeIgniter.php(498): CodeIgniter\CodeIgniter->createController()
 3 SYSTEMPATH\CodeIgniter.php(354): CodeIgniter\CodeIgniter->handleRequest(null, Object(Config\Cache), false)
 4 SYSTEMPATH\Boot.php(363): CodeIgniter\CodeIgniter->run()
 5 SYSTEMPATH\Boot.php(68): CodeIgniter\Boot::runCodeIgniter(Object(CodeIgniter\CodeIgniter))
 6 FCPATH\index.php(59): CodeIgniter\Boot::bootWeb(Object(Config\Paths))
 7 SYSTEMPATH\rewrite.php(44): require_once('C:\\xampp\\htdocs\\cicemilankayo\\public\\index.php')
WARNING - 2025-12-15 06:51:09 --> [DEPRECATED] Creation of dynamic property App\Controllers\Beranda::$nama is deprecated in APPPATH\Controllers\BaseController.php on line 44.
 1 SYSTEMPATH\CodeIgniter.php(904): App\Controllers\BaseController->initController(Object(CodeIgniter\HTTP\IncomingRequest), Object(CodeIgniter\HTTP\Response), Object(CodeIgniter\Log\Logger))
 2 SYSTEMPATH\CodeIgniter.php(498): CodeIgniter\CodeIgniter->createController()
 3 SYSTEMPATH\CodeIgniter.php(354): CodeIgniter\CodeIgniter->handleRequest(null, Object(Config\Cache), false)
 4 SYSTEMPATH\Boot.php(363): CodeIgniter\CodeIgniter->run()
 5 SYSTEMPATH\Boot.php(68): CodeIgniter\Boot::runCodeIgniter(Object(CodeIgniter\CodeIgniter))
 6 FCPATH\index.php(59): CodeIgniter\Boot::bootWeb(Object(Config\Paths))
 7 SYSTEMPATH\rewrite.php(44): require_once('C:\\xampp\\htdocs\\cicemilankayo\\public\\index.php')
WARNING - 2025-12-15 06:53:05 --> [DEPRECATED] Creation of dynamic property App\Controllers\Beranda::$nama is deprecated in APPPATH\Controllers\BaseController.php on line 44.
 1 SYSTEMPATH\CodeIgniter.php(904): App\Controllers\BaseController->initController(Object(CodeIgniter\HTTP\IncomingRequest), Object(CodeIgniter\HTTP\Response), Object(CodeIgniter\Log\Logger))
 2 SYSTEMPATH\CodeIgniter.php(498): CodeIgniter\CodeIgniter->createController()
 3 SYSTEMPATH\CodeIgniter.php(354): CodeIgniter\CodeIgniter->handleRequest(null, Object(Config\Cache), false)
 4 SYSTEMPATH\Boot.php(363): CodeIgniter\CodeIgniter->run()
 5 SYSTEMPATH\Boot.php(68): CodeIgniter\Boot::runCodeIgniter(Object(CodeIgniter\CodeIgniter))
 6 FCPATH\index.php(59): CodeIgniter\Boot::bootWeb(Object(Config\Paths))
 7 SYSTEMPATH\rewrite.php(44): require_once('C:\\xampp\\htdocs\\cicemilankayo\\public\\index.php')
WARNING - 2025-12-15 06:53:28 --> [DEPRECATED] Creation of dynamic property App\Controllers\Beranda::$nama is deprecated in APPPATH\Controllers\BaseController.php on line 44.
 1 SYSTEMPATH\CodeIgniter.php(904): App\Controllers\BaseController->initController(Object(CodeIgniter\HTTP\IncomingRequest), Object(CodeIgniter\HTTP\Response), Object(CodeIgniter\Log\Logger))
 2 SYSTEMPATH\CodeIgniter.php(498): CodeIgniter\CodeIgniter->createController()
 3 SYSTEMPATH\CodeIgniter.php(354): CodeIgniter\CodeIgniter->handleRequest(null, Object(Config\Cache), false)
 4 SYSTEMPATH\Boot.php(363): CodeIgniter\CodeIgniter->run()
 5 SYSTEMPATH\Boot.php(68): CodeIgniter\Boot::runCodeIgniter(Object(CodeIgniter\CodeIgniter))
 6 FCPATH\index.php(59): CodeIgniter\Boot::bootWeb(Object(Config\Paths))
 7 SYSTEMPATH\rewrite.php(44): require_once('C:\\xampp\\htdocs\\cicemilankayo\\public\\index.php')
WARNING - 2025-12-15 06:54:03 --> [DEPRECATED] Creation of dynamic property App\Controllers\Beranda::$nama is deprecated in APPPATH\Controllers\BaseController.php on line 44.
 1 SYSTEMPATH\CodeIgniter.php(904): App\Controllers\BaseController->initController(Object(CodeIgniter\HTTP\IncomingRequest), Object(CodeIgniter\HTTP\Response), Object(CodeIgniter\Log\Logger))
 2 SYSTEMPATH\CodeIgniter.php(498): CodeIgniter\CodeIgniter->createController()
 3 SYSTEMPATH\CodeIgniter.php(354): CodeIgniter\CodeIgniter->handleRequest(null, Object(Config\Cache), false)
 4 SYSTEMPATH\Boot.php(363): CodeIgniter\CodeIgniter->run()
 5 SYSTEMPATH\Boot.php(68): CodeIgniter\Boot::runCodeIgniter(Object(CodeIgniter\CodeIgniter))
 6 FCPATH\index.php(59): CodeIgniter\Boot::bootWeb(Object(Config\Paths))
 7 SYSTEMPATH\rewrite.php(44): require_once('C:\\xampp\\htdocs\\cicemilankayo\\public\\index.php')
WARNING - 2025-12-15 06:55:25 --> [DEPRECATED] Creation of dynamic property App\Controllers\Beranda::$nama is deprecated in APPPATH\Controllers\BaseController.php on line 44.
 1 SYSTEMPATH\CodeIgniter.php(904): App\Controllers\BaseController->initController(Object(CodeIgniter\HTTP\IncomingRequest), Object(CodeIgniter\HTTP\Response), Object(CodeIgniter\Log\Logger))
 2 SYSTEMPATH\CodeIgniter.php(498): CodeIgniter\CodeIgniter->createController()
 3 SYSTEMPATH\CodeIgniter.php(354): CodeIgniter\CodeIgniter->handleRequest(null, Object(Config\Cache), false)
 4 SYSTEMPATH\Boot.php(363): CodeIgniter\CodeIgniter->run()
 5 SYSTEMPATH\Boot.php(68): CodeIgniter\Boot::runCodeIgniter(Object(CodeIgniter\CodeIgniter))
 6 FCPATH\index.php(59): CodeIgniter\Boot::bootWeb(Object(Config\Paths))
 7 SYSTEMPATH\rewrite.php(44): require_once('C:\\xampp\\htdocs\\cicemilankayo\\public\\index.php')
WARNING - 2025-12-15 06:55:29 --> [DEPRECATED] Creation of dynamic property App\Controllers\Beranda::$nama is deprecated in APPPATH\Controllers\BaseController.php on line 44.
 1 SYSTEMPATH\CodeIgniter.php(904): App\Controllers\BaseController->initController(Object(CodeIgniter\HTTP\IncomingRequest), Object(CodeIgniter\HTTP\Response), Object(CodeIgniter\Log\Logger))
 2 SYSTEMPATH\CodeIgniter.php(498): CodeIgniter\CodeIgniter->createController()
 3 SYSTEMPATH\CodeIgniter.php(354): CodeIgniter\CodeIgniter->handleRequest(null, Object(Config\Cache), false)
 4 SYSTEMPATH\Boot.php(363): CodeIgniter\CodeIgniter->run()
 5 SYSTEMPATH\Boot.php(68): CodeIgniter\Boot::runCodeIgniter(Object(CodeIgniter\CodeIgniter))
 6 FCPATH\index.php(59): CodeIgniter\Boot::bootWeb(Object(Config\Paths))
 7 SYSTEMPATH\rewrite.php(44): require_once('C:\\xampp\\htdocs\\cicemilankayo\\public\\index.php')
WARNING - 2025-12-15 06:55:45 --> [DEPRECATED] Creation of dynamic property App\Controllers\Beranda::$nama is deprecated in APPPATH\Controllers\BaseController.php on line 44.
 1 SYSTEMPATH\CodeIgniter.php(904): App\Controllers\BaseController->initController(Object(CodeIgniter\HTTP\IncomingRequest), Object(CodeIgniter\HTTP\Response), Object(CodeIgniter\Log\Logger))
 2 SYSTEMPATH\CodeIgniter.php(498): CodeIgniter\CodeIgniter->createController()
 3 SYSTEMPATH\CodeIgniter.php(354): CodeIgniter\CodeIgniter->handleRequest(null, Object(Config\Cache), false)
 4 SYSTEMPATH\Boot.php(363): CodeIgniter\CodeIgniter->run()
 5 SYSTEMPATH\Boot.php(68): CodeIgniter\Boot::runCodeIgniter(Object(CodeIgniter\CodeIgniter))
 6 FCPATH\index.php(59): CodeIgniter\Boot::bootWeb(Object(Config\Paths))
 7 SYSTEMPATH\rewrite.php(44): require_once('C:\\xampp\\htdocs\\cicemilankayo\\public\\index.php')
WARNING - 2025-12-15 06:55:54 --> [DEPRECATED] Creation of dynamic property App\Controllers\Beranda::$nama is deprecated in APPPATH\Controllers\BaseController.php on line 44.
 1 SYSTEMPATH\CodeIgniter.php(904): App\Controllers\BaseController->initController(Object(CodeIgniter\HTTP\IncomingRequest), Object(CodeIgniter\HTTP\Response), Object(CodeIgniter\Log\Logger))
 2 SYSTEMPATH\CodeIgniter.php(498): CodeIgniter\CodeIgniter->createController()
 3 SYSTEMPATH\CodeIgniter.php(354): CodeIgniter\CodeIgniter->handleRequest(null, Object(Config\Cache), false)
 4 SYSTEMPATH\Boot.php(363): CodeIgniter\CodeIgniter->run()
 5 SYSTEMPATH\Boot.php(68): CodeIgniter\Boot::runCodeIgniter(Object(CodeIgniter\CodeIgniter))
 6 FCPATH\index.php(59): CodeIgniter\Boot::bootWeb(Object(Config\Paths))
 7 SYSTEMPATH\rewrite.php(44): require_once('C:\\xampp\\htdocs\\cicemilankayo\\public\\index.php')
WARNING - 2025-12-15 06:55:55 --> [DEPRECATED] Creation of dynamic property App\Controllers\Beranda::$nama is deprecated in APPPATH\Controllers\BaseController.php on line 44.
 1 SYSTEMPATH\CodeIgniter.php(904): App\Controllers\BaseController->initController(Object(CodeIgniter\HTTP\IncomingRequest), Object(CodeIgniter\HTTP\Response), Object(CodeIgniter\Log\Logger))
 2 SYSTEMPATH\CodeIgniter.php(498): CodeIgniter\CodeIgniter->createController()
 3 SYSTEMPATH\CodeIgniter.php(354): CodeIgniter\CodeIgniter->handleRequest(null, Object(Config\Cache), false)
 4 SYSTEMPATH\Boot.php(363): CodeIgniter\CodeIgniter->run()
 5 SYSTEMPATH\Boot.php(68): CodeIgniter\Boot::runCodeIgniter(Object(CodeIgniter\CodeIgniter))
 6 FCPATH\index.php(59): CodeIgniter\Boot::bootWeb(Object(Config\Paths))
 7 SYSTEMPATH\rewrite.php(44): require_once('C:\\xampp\\htdocs\\cicemilankayo\\public\\index.php')
WARNING - 2025-12-15 06:56:02 --> [DEPRECATED] Creation of dynamic property App\Controllers\Beranda::$nama is deprecated in APPPATH\Controllers\BaseController.php on line 44.
 1 SYSTEMPATH\CodeIgniter.php(904): App\Controllers\BaseController->initController(Object(CodeIgniter\HTTP\IncomingRequest), Object(CodeIgniter\HTTP\Response), Object(CodeIgniter\Log\Logger))
 2 SYSTEMPATH\CodeIgniter.php(498): CodeIgniter\CodeIgniter->createController()
 3 SYSTEMPATH\CodeIgniter.php(354): CodeIgniter\CodeIgniter->handleRequest(null, Object(Config\Cache), false)
 4 SYSTEMPATH\Boot.php(363): CodeIgniter\CodeIgniter->run()
 5 SYSTEMPATH\Boot.php(68): CodeIgniter\Boot::runCodeIgniter(Object(CodeIgniter\CodeIgniter))
 6 FCPATH\index.php(59): CodeIgniter\Boot::bootWeb(Object(Config\Paths))
 7 SYSTEMPATH\rewrite.php(44): require_once('C:\\xampp\\htdocs\\cicemilankayo\\public\\index.php')
WARNING - 2025-12-15 06:56:04 --> [DEPRECATED] Creation of dynamic property App\Controllers\Beranda::$nama is deprecated in APPPATH\Controllers\BaseController.php on line 44.
 1 SYSTEMPATH\CodeIgniter.php(904): App\Controllers\BaseController->initController(Object(CodeIgniter\HTTP\IncomingRequest), Object(CodeIgniter\HTTP\Response), Object(CodeIgniter\Log\Logger))
 2 SYSTEMPATH\CodeIgniter.php(498): CodeIgniter\CodeIgniter->createController()
 3 SYSTEMPATH\CodeIgniter.php(354): CodeIgniter\CodeIgniter->handleRequest(null, Object(Config\Cache), false)
 4 SYSTEMPATH\Boot.php(363): CodeIgniter\CodeIgniter->run()
 5 SYSTEMPATH\Boot.php(68): CodeIgniter\Boot::runCodeIgniter(Object(CodeIgniter\CodeIgniter))
 6 FCPATH\index.php(59): CodeIgniter\Boot::bootWeb(Object(Config\Paths))
 7 SYSTEMPATH\rewrite.php(44): require_once('C:\\xampp\\htdocs\\cicemilankayo\\public\\index.php')
WARNING - 2025-12-15 06:56:39 --> [DEPRECATED] Creation of dynamic property App\Controllers\Beranda::$nama is deprecated in APPPATH\Controllers\BaseController.php on line 44.
 1 SYSTEMPATH\CodeIgniter.php(904): App\Controllers\BaseController->initController(Object(CodeIgniter\HTTP\IncomingRequest), Object(CodeIgniter\HTTP\Response), Object(CodeIgniter\Log\Logger))
 2 SYSTEMPATH\CodeIgniter.php(498): CodeIgniter\CodeIgniter->createController()
 3 SYSTEMPATH\CodeIgniter.php(354): CodeIgniter\CodeIgniter->handleRequest(null, Object(Config\Cache), false)
 4 SYSTEMPATH\Boot.php(363): CodeIgniter\CodeIgniter->run()
 5 SYSTEMPATH\Boot.php(68): CodeIgniter\Boot::runCodeIgniter(Object(CodeIgniter\CodeIgniter))
 6 FCPATH\index.php(59): CodeIgniter\Boot::bootWeb(Object(Config\Paths))
 7 SYSTEMPATH\rewrite.php(44): require_once('C:\\xampp\\htdocs\\cicemilankayo\\public\\index.php')
WARNING - 2025-12-15 06:56:43 --> [DEPRECATED] Creation of dynamic property App\Controllers\Layanan::$nama is deprecated in APPPATH\Controllers\BaseController.php on line 44.
 1 SYSTEMPATH\CodeIgniter.php(904): App\Controllers\BaseController->initController(Object(CodeIgniter\HTTP\IncomingRequest), Object(CodeIgniter\HTTP\Response), Object(CodeIgniter\Log\Logger))
 2 SYSTEMPATH\CodeIgniter.php(498): CodeIgniter\CodeIgniter->createController()
 3 SYSTEMPATH\CodeIgniter.php(354): CodeIgniter\CodeIgniter->handleRequest(null, Object(Config\Cache), false)
 4 SYSTEMPATH\Boot.php(363): CodeIgniter\CodeIgniter->run()
 5 SYSTEMPATH\Boot.php(68): CodeIgniter\Boot::runCodeIgniter(Object(CodeIgniter\CodeIgniter))
 6 FCPATH\index.php(59): CodeIgniter\Boot::bootWeb(Object(Config\Paths))
 7 SYSTEMPATH\rewrite.php(44): require_once('C:\\xampp\\htdocs\\cicemilankayo\\public\\index.php')
WARNING - 2025-12-15 06:56:44 --> [DEPRECATED] Creation of dynamic property App\Controllers\Portofolio::$nama is deprecated in APPPATH\Controllers\BaseController.php on line 44.
 1 SYSTEMPATH\CodeIgniter.php(904): App\Controllers\BaseController->initController(Object(CodeIgniter\HTTP\IncomingRequest), Object(CodeIgniter\HTTP\Response), Object(CodeIgniter\Log\Logger))
 2 SYSTEMPATH\CodeIgniter.php(498): CodeIgniter\CodeIgniter->createController()
 3 SYSTEMPATH\CodeIgniter.php(354): CodeIgniter\CodeIgniter->handleRequest(null, Object(Config\Cache), false)
 4 SYSTEMPATH\Boot.php(363): CodeIgniter\CodeIgniter->run()
 5 SYSTEMPATH\Boot.php(68): CodeIgniter\Boot::runCodeIgniter(Object(CodeIgniter\CodeIgniter))
 6 FCPATH\index.php(59): CodeIgniter\Boot::bootWeb(Object(Config\Paths))
 7 SYSTEMPATH\rewrite.php(44): require_once('C:\\xampp\\htdocs\\cicemilankayo\\public\\index.php')
WARNING - 2025-12-15 06:56:47 --> [DEPRECATED] Creation of dynamic property App\Controllers\Portofolio::$nama is deprecated in APPPATH\Controllers\BaseController.php on line 44.
 1 SYSTEMPATH\CodeIgniter.php(904): App\Controllers\BaseController->initController(Object(CodeIgniter\HTTP\IncomingRequest), Object(CodeIgniter\HTTP\Response), Object(CodeIgniter\Log\Logger))
 2 SYSTEMPATH\CodeIgniter.php(498): CodeIgniter\CodeIgniter->createController()
 3 SYSTEMPATH\CodeIgniter.php(354): CodeIgniter\CodeIgniter->handleRequest(null, Object(Config\Cache), false)
 4 SYSTEMPATH\Boot.php(363): CodeIgniter\CodeIgniter->run()
 5 SYSTEMPATH\Boot.php(68): CodeIgniter\Boot::runCodeIgniter(Object(CodeIgniter\CodeIgniter))
 6 FCPATH\index.php(59): CodeIgniter\Boot::bootWeb(Object(Config\Paths))
 7 SYSTEMPATH\rewrite.php(44): require_once('C:\\xampp\\htdocs\\cicemilankayo\\public\\index.php')
WARNING - 2025-12-15 06:56:49 --> [DEPRECATED] Creation of dynamic property App\Controllers\Layanan::$nama is deprecated in APPPATH\Controllers\BaseController.php on line 44.
 1 SYSTEMPATH\CodeIgniter.php(904): App\Controllers\BaseController->initController(Object(CodeIgniter\HTTP\IncomingRequest), Object(CodeIgniter\HTTP\Response), Object(CodeIgniter\Log\Logger))
 2 SYSTEMPATH\CodeIgniter.php(498): CodeIgniter\CodeIgniter->createController()
 3 SYSTEMPATH\CodeIgniter.php(354): CodeIgniter\CodeIgniter->handleRequest(null, Object(Config\Cache), false)
 4 SYSTEMPATH\Boot.php(363): CodeIgniter\CodeIgniter->run()
 5 SYSTEMPATH\Boot.php(68): CodeIgniter\Boot::runCodeIgniter(Object(CodeIgniter\CodeIgniter))
 6 FCPATH\index.php(59): CodeIgniter\Boot::bootWeb(Object(Config\Paths))
 7 SYSTEMPATH\rewrite.php(44): require_once('C:\\xampp\\htdocs\\cicemilankayo\\public\\index.php')
WARNING - 2025-12-15 06:56:50 --> [DEPRECATED] Creation of dynamic property App\Controllers\Beranda::$nama is deprecated in APPPATH\Controllers\BaseController.php on line 44.
 1 SYSTEMPATH\CodeIgniter.php(904): App\Controllers\BaseController->initController(Object(CodeIgniter\HTTP\IncomingRequest), Object(CodeIgniter\HTTP\Response), Object(CodeIgniter\Log\Logger))
 2 SYSTEMPATH\CodeIgniter.php(498): CodeIgniter\CodeIgniter->createController()
 3 SYSTEMPATH\CodeIgniter.php(354): CodeIgniter\CodeIgniter->handleRequest(null, Object(Config\Cache), false)
 4 SYSTEMPATH\Boot.php(363): CodeIgniter\CodeIgniter->run()
 5 SYSTEMPATH\Boot.php(68): CodeIgniter\Boot::runCodeIgniter(Object(CodeIgniter\CodeIgniter))
 6 FCPATH\index.php(59): CodeIgniter\Boot::bootWeb(Object(Config\Paths))
 7 SYSTEMPATH\rewrite.php(44): require_once('C:\\xampp\\htdocs\\cicemilankayo\\public\\index.php')
WARNING - 2025-12-15 06:56:55 --> [DEPRECATED] Creation of dynamic property App\Controllers\Beranda::$nama is deprecated in APPPATH\Controllers\BaseController.php on line 44.
 1 SYSTEMPATH\CodeIgniter.php(904): App\Controllers\BaseController->initController(Object(CodeIgniter\HTTP\IncomingRequest), Object(CodeIgniter\HTTP\Response), Object(CodeIgniter\Log\Logger))
 2 SYSTEMPATH\CodeIgniter.php(498): CodeIgniter\CodeIgniter->createController()
 3 SYSTEMPATH\CodeIgniter.php(354): CodeIgniter\CodeIgniter->handleRequest(null, Object(Config\Cache), false)
 4 SYSTEMPATH\Boot.php(363): CodeIgniter\CodeIgniter->run()
 5 SYSTEMPATH\Boot.php(68): CodeIgniter\Boot::runCodeIgniter(Object(CodeIgniter\CodeIgniter))
 6 FCPATH\index.php(59): CodeIgniter\Boot::bootWeb(Object(Config\Paths))
 7 SYSTEMPATH\rewrite.php(44): require_once('C:\\xampp\\htdocs\\cicemilankayo\\public\\index.php')
WARNING - 2025-12-15 06:56:56 --> [DEPRECATED] Creation of dynamic property App\Controllers\Layanan::$nama is deprecated in APPPATH\Controllers\BaseController.php on line 44.
 1 SYSTEMPATH\CodeIgniter.php(904): App\Controllers\BaseController->initController(Object(CodeIgniter\HTTP\IncomingRequest), Object(CodeIgniter\HTTP\Response), Object(CodeIgniter\Log\Logger))
 2 SYSTEMPATH\CodeIgniter.php(498): CodeIgniter\CodeIgniter->createController()
 3 SYSTEMPATH\CodeIgniter.php(354): CodeIgniter\CodeIgniter->handleRequest(null, Object(Config\Cache), false)
 4 SYSTEMPATH\Boot.php(363): CodeIgniter\CodeIgniter->run()
 5 SYSTEMPATH\Boot.php(68): CodeIgniter\Boot::runCodeIgniter(Object(CodeIgniter\CodeIgniter))
 6 FCPATH\index.php(59): CodeIgniter\Boot::bootWeb(Object(Config\Paths))
 7 SYSTEMPATH\rewrite.php(44): require_once('C:\\xampp\\htdocs\\cicemilankayo\\public\\index.php')
WARNING - 2025-12-15 06:56:57 --> [DEPRECATED] Creation of dynamic property App\Controllers\Portofolio::$nama is deprecated in APPPATH\Controllers\BaseController.php on line 44.
 1 SYSTEMPATH\CodeIgniter.php(904): App\Controllers\BaseController->initController(Object(CodeIgniter\HTTP\IncomingRequest), Object(CodeIgniter\HTTP\Response), Object(CodeIgniter\Log\Logger))
 2 SYSTEMPATH\CodeIgniter.php(498): CodeIgniter\CodeIgniter->createController()
 3 SYSTEMPATH\CodeIgniter.php(354): CodeIgniter\CodeIgniter->handleRequest(null, Object(Config\Cache), false)
 4 SYSTEMPATH\Boot.php(363): CodeIgniter\CodeIgniter->run()
 5 SYSTEMPATH\Boot.php(68): CodeIgniter\Boot::runCodeIgniter(Object(CodeIgniter\CodeIgniter))
 6 FCPATH\index.php(59): CodeIgniter\Boot::bootWeb(Object(Config\Paths))
 7 SYSTEMPATH\rewrite.php(44): require_once('C:\\xampp\\htdocs\\cicemilankayo\\public\\index.php')
WARNING - 2025-12-15 06:57:01 --> [DEPRECATED] Creation of dynamic property App\Controllers\Beranda::$nama is deprecated in APPPATH\Controllers\BaseController.php on line 44.
 1 SYSTEMPATH\CodeIgniter.php(904): App\Controllers\BaseController->initController(Object(CodeIgniter\HTTP\IncomingRequest), Object(CodeIgniter\HTTP\Response), Object(CodeIgniter\Log\Logger))
 2 SYSTEMPATH\CodeIgniter.php(498): CodeIgniter\CodeIgniter->createController()
 3 SYSTEMPATH\CodeIgniter.php(354): CodeIgniter\CodeIgniter->handleRequest(null, Object(Config\Cache), false)
 4 SYSTEMPATH\Boot.php(363): CodeIgniter\CodeIgniter->run()
 5 SYSTEMPATH\Boot.php(68): CodeIgniter\Boot::runCodeIgniter(Object(CodeIgniter\CodeIgniter))
 6 FCPATH\index.php(59): CodeIgniter\Boot::bootWeb(Object(Config\Paths))
 7 SYSTEMPATH\rewrite.php(44): require_once('C:\\xampp\\htdocs\\cicemilankayo\\public\\index.php')
WARNING - 2025-12-15 06:57:03 --> [DEPRECATED] Creation of dynamic property App\Controllers\Beranda::$nama is deprecated in APPPATH\Controllers\BaseController.php on line 44.
 1 SYSTEMPATH\CodeIgniter.php(904): App\Controllers\BaseController->initController(Object(CodeIgniter\HTTP\IncomingRequest), Object(CodeIgniter\HTTP\Response), Object(CodeIgniter\Log\Logger))
 2 SYSTEMPATH\CodeIgniter.php(498): CodeIgniter\CodeIgniter->createController()
 3 SYSTEMPATH\CodeIgniter.php(354): CodeIgniter\CodeIgniter->handleRequest(null, Object(Config\Cache), false)
 4 SYSTEMPATH\Boot.php(363): CodeIgniter\CodeIgniter->run()
 5 SYSTEMPATH\Boot.php(68): CodeIgniter\Boot::runCodeIgniter(Object(CodeIgniter\CodeIgniter))
 6 FCPATH\index.php(59): CodeIgniter\Boot::bootWeb(Object(Config\Paths))
 7 SYSTEMPATH\rewrite.php(44): require_once('C:\\xampp\\htdocs\\cicemilankayo\\public\\index.php')
WARNING - 2025-12-15 06:59:14 --> [DEPRECATED] Creation of dynamic property App\Controllers\Layanan::$nama is deprecated in APPPATH\Controllers\BaseController.php on line 44.
 1 SYSTEMPATH\CodeIgniter.php(904): App\Controllers\BaseController->initController(Object(CodeIgniter\HTTP\IncomingRequest), Object(CodeIgniter\HTTP\Response), Object(CodeIgniter\Log\Logger))
 2 SYSTEMPATH\CodeIgniter.php(498): CodeIgniter\CodeIgniter->createController()
 3 SYSTEMPATH\CodeIgniter.php(354): CodeIgniter\CodeIgniter->handleRequest(null, Object(Config\Cache), false)
 4 SYSTEMPATH\Boot.php(363): CodeIgniter\CodeIgniter->run()
 5 SYSTEMPATH\Boot.php(68): CodeIgniter\Boot::runCodeIgniter(Object(CodeIgniter\CodeIgniter))
 6 FCPATH\index.php(59): CodeIgniter\Boot::bootWeb(Object(Config\Paths))
 7 SYSTEMPATH\rewrite.php(44): require_once('C:\\xampp\\htdocs\\cicemilankayo\\public\\index.php')
WARNING - 2025-12-15 06:59:18 --> [DEPRECATED] Creation of dynamic property App\Controllers\Home::$nama is deprecated in APPPATH\Controllers\BaseController.php on line 44.
 1 SYSTEMPATH\CodeIgniter.php(904): App\Controllers\BaseController->initController(Object(CodeIgniter\HTTP\IncomingRequest), Object(CodeIgniter\HTTP\Response), Object(CodeIgniter\Log\Logger))
 2 SYSTEMPATH\CodeIgniter.php(498): CodeIgniter\CodeIgniter->createController()
 3 SYSTEMPATH\CodeIgniter.php(354): CodeIgniter\CodeIgniter->handleRequest(null, Object(Config\Cache), false)
 4 SYSTEMPATH\Boot.php(363): CodeIgniter\CodeIgniter->run()
 5 SYSTEMPATH\Boot.php(68): CodeIgniter\Boot::runCodeIgniter(Object(CodeIgniter\CodeIgniter))
 6 FCPATH\index.php(59): CodeIgniter\Boot::bootWeb(Object(Config\Paths))
 7 SYSTEMPATH\rewrite.php(44): require_once('C:\\xampp\\htdocs\\cicemilankayo\\public\\index.php')
WARNING - 2025-12-15 06:59:54 --> [DEPRECATED] Creation of dynamic property App\Controllers\Beranda::$nama is deprecated in APPPATH\Controllers\BaseController.php on line 44.
 1 SYSTEMPATH\CodeIgniter.php(904): App\Controllers\BaseController->initController(Object(CodeIgniter\HTTP\IncomingRequest), Object(CodeIgniter\HTTP\Response), Object(CodeIgniter\Log\Logger))
 2 SYSTEMPATH\CodeIgniter.php(498): CodeIgniter\CodeIgniter->createController()
 3 SYSTEMPATH\CodeIgniter.php(354): CodeIgniter\CodeIgniter->handleRequest(null, Object(Config\Cache), false)
 4 SYSTEMPATH\Boot.php(363): CodeIgniter\CodeIgniter->run()
 5 SYSTEMPATH\Boot.php(68): CodeIgniter\Boot::runCodeIgniter(Object(CodeIgniter\CodeIgniter))
 6 FCPATH\index.php(59): CodeIgniter\Boot::bootWeb(Object(Config\Paths))
 7 SYSTEMPATH\rewrite.php(44): require_once('C:\\xampp\\htdocs\\cicemilankayo\\public\\index.php')
WARNING - 2025-12-15 07:00:11 --> [DEPRECATED] Creation of dynamic property App\Controllers\Beranda::$nama is deprecated in APPPATH\Controllers\BaseController.php on line 44.
 1 SYSTEMPATH\CodeIgniter.php(904): App\Controllers\BaseController->initController(Object(CodeIgniter\HTTP\IncomingRequest), Object(CodeIgniter\HTTP\Response), Object(CodeIgniter\Log\Logger))
 2 SYSTEMPATH\CodeIgniter.php(498): CodeIgniter\CodeIgniter->createController()
 3 SYSTEMPATH\CodeIgniter.php(354): CodeIgniter\CodeIgniter->handleRequest(null, Object(Config\Cache), false)
 4 SYSTEMPATH\Boot.php(363): CodeIgniter\CodeIgniter->run()
 5 SYSTEMPATH\Boot.php(68): CodeIgniter\Boot::runCodeIgniter(Object(CodeIgniter\CodeIgniter))
 6 FCPATH\index.php(59): CodeIgniter\Boot::bootWeb(Object(Config\Paths))
 7 SYSTEMPATH\rewrite.php(44): require_once('C:\\xampp\\htdocs\\cicemilankayo\\public\\index.php')
WARNING - 2025-12-15 07:02:17 --> [DEPRECATED] Creation of dynamic property App\Controllers\Home::$nama is deprecated in APPPATH\Controllers\BaseController.php on line 44.
 1 SYSTEMPATH\CodeIgniter.php(904): App\Controllers\BaseController->initController(Object(CodeIgniter\HTTP\IncomingRequest), Object(CodeIgniter\HTTP\Response), Object(CodeIgniter\Log\Logger))
 2 SYSTEMPATH\CodeIgniter.php(498): CodeIgniter\CodeIgniter->createController()
 3 SYSTEMPATH\CodeIgniter.php(354): CodeIgniter\CodeIgniter->handleRequest(null, Object(Config\Cache), false)
 4 SYSTEMPATH\Boot.php(363): CodeIgniter\CodeIgniter->run()
 5 SYSTEMPATH\Boot.php(68): CodeIgniter\Boot::runCodeIgniter(Object(CodeIgniter\CodeIgniter))
 6 FCPATH\index.php(59): CodeIgniter\Boot::bootWeb(Object(Config\Paths))
 7 SYSTEMPATH\rewrite.php(44): require_once('C:\\xampp\\htdocs\\cicemilankayo\\public\\index.php')
WARNING - 2025-12-15 07:02:23 --> [DEPRECATED] Creation of dynamic property App\Controllers\Beranda::$nama is deprecated in APPPATH\Controllers\BaseController.php on line 44.
 1 SYSTEMPATH\CodeIgniter.php(904): App\Controllers\BaseController->initController(Object(CodeIgniter\HTTP\IncomingRequest), Object(CodeIgniter\HTTP\Response), Object(CodeIgniter\Log\Logger))
 2 SYSTEMPATH\CodeIgniter.php(498): CodeIgniter\CodeIgniter->createController()
 3 SYSTEMPATH\CodeIgniter.php(354): CodeIgniter\CodeIgniter->handleRequest(null, Object(Config\Cache), false)
 4 SYSTEMPATH\Boot.php(363): CodeIgniter\CodeIgniter->run()
 5 SYSTEMPATH\Boot.php(68): CodeIgniter\Boot::runCodeIgniter(Object(CodeIgniter\CodeIgniter))
 6 FCPATH\index.php(59): CodeIgniter\Boot::bootWeb(Object(Config\Paths))
 7 SYSTEMPATH\rewrite.php(44): require_once('C:\\xampp\\htdocs\\cicemilankayo\\public\\index.php')
WARNING - 2025-12-15 07:03:19 --> [DEPRECATED] Creation of dynamic property App\Controllers\Beranda::$nama is deprecated in APPPATH\Controllers\BaseController.php on line 44.
 1 SYSTEMPATH\CodeIgniter.php(904): App\Controllers\BaseController->initController(Object(CodeIgniter\HTTP\IncomingRequest), Object(CodeIgniter\HTTP\Response), Object(CodeIgniter\Log\Logger))
 2 SYSTEMPATH\CodeIgniter.php(498): CodeIgniter\CodeIgniter->createController()
 3 SYSTEMPATH\CodeIgniter.php(354): CodeIgniter\CodeIgniter->handleRequest(null, Object(Config\Cache), false)
 4 SYSTEMPATH\Boot.php(363): CodeIgniter\CodeIgniter->run()
 5 SYSTEMPATH\Boot.php(68): CodeIgniter\Boot::runCodeIgniter(Object(CodeIgniter\CodeIgniter))
 6 FCPATH\index.php(59): CodeIgniter\Boot::bootWeb(Object(Config\Paths))
 7 SYSTEMPATH\rewrite.php(44): require_once('C:\\xampp\\htdocs\\cicemilankayo\\public\\index.php')
WARNING - 2025-12-15 07:04:20 --> [DEPRECATED] Creation of dynamic property App\Controllers\Beranda::$nama is deprecated in APPPATH\Controllers\BaseController.php on line 44.
 1 SYSTEMPATH\CodeIgniter.php(904): App\Controllers\BaseController->initController(Object(CodeIgniter\HTTP\IncomingRequest), Object(CodeIgniter\HTTP\Response), Object(CodeIgniter\Log\Logger))
 2 SYSTEMPATH\CodeIgniter.php(498): CodeIgniter\CodeIgniter->createController()
 3 SYSTEMPATH\CodeIgniter.php(354): CodeIgniter\CodeIgniter->handleRequest(null, Object(Config\Cache), false)
 4 SYSTEMPATH\Boot.php(363): CodeIgniter\CodeIgniter->run()
 5 SYSTEMPATH\Boot.php(68): CodeIgniter\Boot::runCodeIgniter(Object(CodeIgniter\CodeIgniter))
 6 FCPATH\index.php(59): CodeIgniter\Boot::bootWeb(Object(Config\Paths))
 7 SYSTEMPATH\rewrite.php(44): require_once('C:\\xampp\\htdocs\\cicemilankayo\\public\\index.php')
WARNING - 2025-12-15 07:04:37 --> [DEPRECATED] Creation of dynamic property App\Controllers\Beranda::$nama is deprecated in APPPATH\Controllers\BaseController.php on line 44.
 1 SYSTEMPATH\CodeIgniter.php(904): App\Controllers\BaseController->initController(Object(CodeIgniter\HTTP\IncomingRequest), Object(CodeIgniter\HTTP\Response), Object(CodeIgniter\Log\Logger))
 2 SYSTEMPATH\CodeIgniter.php(498): CodeIgniter\CodeIgniter->createController()
 3 SYSTEMPATH\CodeIgniter.php(354): CodeIgniter\CodeIgniter->handleRequest(null, Object(Config\Cache), false)
 4 SYSTEMPATH\Boot.php(363): CodeIgniter\CodeIgniter->run()
 5 SYSTEMPATH\Boot.php(68): CodeIgniter\Boot::runCodeIgniter(Object(CodeIgniter\CodeIgniter))
 6 FCPATH\index.php(59): CodeIgniter\Boot::bootWeb(Object(Config\Paths))
 7 SYSTEMPATH\rewrite.php(44): require_once('C:\\xampp\\htdocs\\cicemilankayo\\public\\index.php')
WARNING - 2025-12-15 07:04:54 --> [DEPRECATED] Creation of dynamic property App\Controllers\Layanan::$nama is deprecated in APPPATH\Controllers\BaseController.php on line 44.
 1 SYSTEMPATH\CodeIgniter.php(904): App\Controllers\BaseController->initController(Object(CodeIgniter\HTTP\IncomingRequest), Object(CodeIgniter\HTTP\Response), Object(CodeIgniter\Log\Logger))
 2 SYSTEMPATH\CodeIgniter.php(498): CodeIgniter\CodeIgniter->createController()
 3 SYSTEMPATH\CodeIgniter.php(354): CodeIgniter\CodeIgniter->handleRequest(null, Object(Config\Cache), false)
 4 SYSTEMPATH\Boot.php(363): CodeIgniter\CodeIgniter->run()
 5 SYSTEMPATH\Boot.php(68): CodeIgniter\Boot::runCodeIgniter(Object(CodeIgniter\CodeIgniter))
 6 FCPATH\index.php(59): CodeIgniter\Boot::bootWeb(Object(Config\Paths))
 7 SYSTEMPATH\rewrite.php(44): require_once('C:\\xampp\\htdocs\\cicemilankayo\\public\\index.php')
WARNING - 2025-12-15 07:04:55 --> [DEPRECATED] Creation of dynamic property App\Controllers\Beranda::$nama is deprecated in APPPATH\Controllers\BaseController.php on line 44.
 1 SYSTEMPATH\CodeIgniter.php(904): App\Controllers\BaseController->initController(Object(CodeIgniter\HTTP\IncomingRequest), Object(CodeIgniter\HTTP\Response), Object(CodeIgniter\Log\Logger))
 2 SYSTEMPATH\CodeIgniter.php(498): CodeIgniter\CodeIgniter->createController()
 3 SYSTEMPATH\CodeIgniter.php(354): CodeIgniter\CodeIgniter->handleRequest(null, Object(Config\Cache), false)
 4 SYSTEMPATH\Boot.php(363): CodeIgniter\CodeIgniter->run()
 5 SYSTEMPATH\Boot.php(68): CodeIgniter\Boot::runCodeIgniter(Object(CodeIgniter\CodeIgniter))
 6 FCPATH\index.php(59): CodeIgniter\Boot::bootWeb(Object(Config\Paths))
 7 SYSTEMPATH\rewrite.php(44): require_once('C:\\xampp\\htdocs\\cicemilankayo\\public\\index.php')
WARNING - 2025-12-15 07:04:57 --> [DEPRECATED] Creation of dynamic property App\Controllers\Portofolio::$nama is deprecated in APPPATH\Controllers\BaseController.php on line 44.
 1 SYSTEMPATH\CodeIgniter.php(904): App\Controllers\BaseController->initController(Object(CodeIgniter\HTTP\IncomingRequest), Object(CodeIgniter\HTTP\Response), Object(CodeIgniter\Log\Logger))
 2 SYSTEMPATH\CodeIgniter.php(498): CodeIgniter\CodeIgniter->createController()
 3 SYSTEMPATH\CodeIgniter.php(354): CodeIgniter\CodeIgniter->handleRequest(null, Object(Config\Cache), false)
 4 SYSTEMPATH\Boot.php(363): CodeIgniter\CodeIgniter->run()
 5 SYSTEMPATH\Boot.php(68): CodeIgniter\Boot::runCodeIgniter(Object(CodeIgniter\CodeIgniter))
 6 FCPATH\index.php(59): CodeIgniter\Boot::bootWeb(Object(Config\Paths))
 7 SYSTEMPATH\rewrite.php(44): require_once('C:\\xampp\\htdocs\\cicemilankayo\\public\\index.php')
WARNING - 2025-12-15 07:05:00 --> [DEPRECATED] Creation of dynamic property App\Controllers\Portofolio::$nama is deprecated in APPPATH\Controllers\BaseController.php on line 44.
 1 SYSTEMPATH\CodeIgniter.php(904): App\Controllers\BaseController->initController(Object(CodeIgniter\HTTP\IncomingRequest), Object(CodeIgniter\HTTP\Response), Object(CodeIgniter\Log\Logger))
 2 SYSTEMPATH\CodeIgniter.php(498): CodeIgniter\CodeIgniter->createController()
 3 SYSTEMPATH\CodeIgniter.php(354): CodeIgniter\CodeIgniter->handleRequest(null, Object(Config\Cache), false)
 4 SYSTEMPATH\Boot.php(363): CodeIgniter\CodeIgniter->run()
 5 SYSTEMPATH\Boot.php(68): CodeIgniter\Boot::runCodeIgniter(Object(CodeIgniter\CodeIgniter))
 6 FCPATH\index.php(59): CodeIgniter\Boot::bootWeb(Object(Config\Paths))
 7 SYSTEMPATH\rewrite.php(44): require_once('C:\\xampp\\htdocs\\cicemilankayo\\public\\index.php')
WARNING - 2025-12-15 07:05:02 --> [DEPRECATED] Creation of dynamic property App\Controllers\Beranda::$nama is deprecated in APPPATH\Controllers\BaseController.php on line 44.
 1 SYSTEMPATH\CodeIgniter.php(904): App\Controllers\BaseController->initController(Object(CodeIgniter\HTTP\IncomingRequest), Object(CodeIgniter\HTTP\Response), Object(CodeIgniter\Log\Logger))
 2 SYSTEMPATH\CodeIgniter.php(498): CodeIgniter\CodeIgniter->createController()
 3 SYSTEMPATH\CodeIgniter.php(354): CodeIgniter\CodeIgniter->handleRequest(null, Object(Config\Cache), false)
 4 SYSTEMPATH\Boot.php(363): CodeIgniter\CodeIgniter->run()
 5 SYSTEMPATH\Boot.php(68): CodeIgniter\Boot::runCodeIgniter(Object(CodeIgniter\CodeIgniter))
 6 FCPATH\index.php(59): CodeIgniter\Boot::bootWeb(Object(Config\Paths))
 7 SYSTEMPATH\rewrite.php(44): require_once('C:\\xampp\\htdocs\\cicemilankayo\\public\\index.php')
WARNING - 2025-12-15 07:05:37 --> [DEPRECATED] Creation of dynamic property App\Controllers\Beranda::$nama is deprecated in APPPATH\Controllers\BaseController.php on line 44.
 1 SYSTEMPATH\CodeIgniter.php(904): App\Controllers\BaseController->initController(Object(CodeIgniter\HTTP\IncomingRequest), Object(CodeIgniter\HTTP\Response), Object(CodeIgniter\Log\Logger))
 2 SYSTEMPATH\CodeIgniter.php(498): CodeIgniter\CodeIgniter->createController()
 3 SYSTEMPATH\CodeIgniter.php(354): CodeIgniter\CodeIgniter->handleRequest(null, Object(Config\Cache), false)
 4 SYSTEMPATH\Boot.php(363): CodeIgniter\CodeIgniter->run()
 5 SYSTEMPATH\Boot.php(68): CodeIgniter\Boot::runCodeIgniter(Object(CodeIgniter\CodeIgniter))
 6 FCPATH\index.php(59): CodeIgniter\Boot::bootWeb(Object(Config\Paths))
 7 SYSTEMPATH\rewrite.php(44): require_once('C:\\xampp\\htdocs\\cicemilankayo\\public\\index.php')
WARNING - 2025-12-15 07:06:38 --> [DEPRECATED] Creation of dynamic property App\Controllers\Beranda::$nama is deprecated in APPPATH\Controllers\BaseController.php on line 44.
 1 SYSTEMPATH\CodeIgniter.php(904): App\Controllers\BaseController->initController(Object(CodeIgniter\HTTP\IncomingRequest), Object(CodeIgniter\HTTP\Response), Object(CodeIgniter\Log\Logger))
 2 SYSTEMPATH\CodeIgniter.php(498): CodeIgniter\CodeIgniter->createController()
 3 SYSTEMPATH\CodeIgniter.php(354): CodeIgniter\CodeIgniter->handleRequest(null, Object(Config\Cache), false)
 4 SYSTEMPATH\Boot.php(363): CodeIgniter\CodeIgniter->run()
 5 SYSTEMPATH\Boot.php(68): CodeIgniter\Boot::runCodeIgniter(Object(CodeIgniter\CodeIgniter))
 6 FCPATH\index.php(59): CodeIgniter\Boot::bootWeb(Object(Config\Paths))
 7 SYSTEMPATH\rewrite.php(44): require_once('C:\\xampp\\htdocs\\cicemilankayo\\public\\index.php')
WARNING - 2025-12-15 07:07:29 --> [DEPRECATED] Creation of dynamic property App\Controllers\Beranda::$nama is deprecated in APPPATH\Controllers\BaseController.php on line 44.
 1 SYSTEMPATH\CodeIgniter.php(904): App\Controllers\BaseController->initController(Object(CodeIgniter\HTTP\IncomingRequest), Object(CodeIgniter\HTTP\Response), Object(CodeIgniter\Log\Logger))
 2 SYSTEMPATH\CodeIgniter.php(498): CodeIgniter\CodeIgniter->createController()
 3 SYSTEMPATH\CodeIgniter.php(354): CodeIgniter\CodeIgniter->handleRequest(null, Object(Config\Cache), false)
 4 SYSTEMPATH\Boot.php(363): CodeIgniter\CodeIgniter->run()
 5 SYSTEMPATH\Boot.php(68): CodeIgniter\Boot::runCodeIgniter(Object(CodeIgniter\CodeIgniter))
 6 FCPATH\index.php(59): CodeIgniter\Boot::bootWeb(Object(Config\Paths))
 7 SYSTEMPATH\rewrite.php(44): require_once('C:\\xampp\\htdocs\\cicemilankayo\\public\\index.php')
WARNING - 2025-12-15 07:11:26 --> [DEPRECATED] Creation of dynamic property App\Controllers\Beranda::$nama is deprecated in APPPATH\Controllers\BaseController.php on line 44.
 1 SYSTEMPATH\CodeIgniter.php(904): App\Controllers\BaseController->initController(Object(CodeIgniter\HTTP\IncomingRequest), Object(CodeIgniter\HTTP\Response), Object(CodeIgniter\Log\Logger))
 2 SYSTEMPATH\CodeIgniter.php(498): CodeIgniter\CodeIgniter->createController()
 3 SYSTEMPATH\CodeIgniter.php(354): CodeIgniter\CodeIgniter->handleRequest(null, Object(Config\Cache), false)
 4 SYSTEMPATH\Boot.php(363): CodeIgniter\CodeIgniter->run()
 5 SYSTEMPATH\Boot.php(68): CodeIgniter\Boot::runCodeIgniter(Object(CodeIgniter\CodeIgniter))
 6 FCPATH\index.php(59): CodeIgniter\Boot::bootWeb(Object(Config\Paths))
 7 SYSTEMPATH\rewrite.php(44): require_once('C:\\xampp\\htdocs\\cicemilankayo\\public\\index.php')
WARNING - 2025-12-15 07:11:28 --> [DEPRECATED] Creation of dynamic property App\Controllers\Beranda::$nama is deprecated in APPPATH\Controllers\BaseController.php on line 44.
 1 SYSTEMPATH\CodeIgniter.php(904): App\Controllers\BaseController->initController(Object(CodeIgniter\HTTP\IncomingRequest), Object(CodeIgniter\HTTP\Response), Object(CodeIgniter\Log\Logger))
 2 SYSTEMPATH\CodeIgniter.php(498): CodeIgniter\CodeIgniter->createController()
 3 SYSTEMPATH\CodeIgniter.php(354): CodeIgniter\CodeIgniter->handleRequest(null, Object(Config\Cache), false)
 4 SYSTEMPATH\Boot.php(363): CodeIgniter\CodeIgniter->run()
 5 SYSTEMPATH\Boot.php(68): CodeIgniter\Boot::runCodeIgniter(Object(CodeIgniter\CodeIgniter))
 6 FCPATH\index.php(59): CodeIgniter\Boot::bootWeb(Object(Config\Paths))
 7 SYSTEMPATH\rewrite.php(44): require_once('C:\\xampp\\htdocs\\cicemilankayo\\public\\index.php')
WARNING - 2025-12-15 07:12:05 --> [DEPRECATED] Creation of dynamic property App\Controllers\Beranda::$nama is deprecated in APPPATH\Controllers\BaseController.php on line 44.
 1 SYSTEMPATH\CodeIgniter.php(904): App\Controllers\BaseController->initController(Object(CodeIgniter\HTTP\IncomingRequest), Object(CodeIgniter\HTTP\Response), Object(CodeIgniter\Log\Logger))
 2 SYSTEMPATH\CodeIgniter.php(498): CodeIgniter\CodeIgniter->createController()
 3 SYSTEMPATH\CodeIgniter.php(354): CodeIgniter\CodeIgniter->handleRequest(null, Object(Config\Cache), false)
 4 SYSTEMPATH\Boot.php(363): CodeIgniter\CodeIgniter->run()
 5 SYSTEMPATH\Boot.php(68): CodeIgniter\Boot::runCodeIgniter(Object(CodeIgniter\CodeIgniter))
 6 FCPATH\index.php(59): CodeIgniter\Boot::bootWeb(Object(Config\Paths))
 7 SYSTEMPATH\rewrite.php(44): require_once('C:\\xampp\\htdocs\\cicemilankayo\\public\\index.php')
WARNING - 2025-12-15 07:12:09 --> [DEPRECATED] Creation of dynamic property App\Controllers\Beranda::$nama is deprecated in APPPATH\Controllers\BaseController.php on line 44.
 1 SYSTEMPATH\CodeIgniter.php(904): App\Controllers\BaseController->initController(Object(CodeIgniter\HTTP\IncomingRequest), Object(CodeIgniter\HTTP\Response), Object(CodeIgniter\Log\Logger))
 2 SYSTEMPATH\CodeIgniter.php(498): CodeIgniter\CodeIgniter->createController()
 3 SYSTEMPATH\CodeIgniter.php(354): CodeIgniter\CodeIgniter->handleRequest(null, Object(Config\Cache), false)
 4 SYSTEMPATH\Boot.php(363): CodeIgniter\CodeIgniter->run()
 5 SYSTEMPATH\Boot.php(68): CodeIgniter\Boot::runCodeIgniter(Object(CodeIgniter\CodeIgniter))
 6 FCPATH\index.php(59): CodeIgniter\Boot::bootWeb(Object(Config\Paths))
 7 SYSTEMPATH\rewrite.php(44): require_once('C:\\xampp\\htdocs\\cicemilankayo\\public\\index.php')
WARNING - 2025-12-15 07:12:30 --> [DEPRECATED] Creation of dynamic property App\Controllers\Beranda::$nama is deprecated in APPPATH\Controllers\BaseController.php on line 44.
 1 SYSTEMPATH\CodeIgniter.php(904): App\Controllers\BaseController->initController(Object(CodeIgniter\HTTP\IncomingRequest), Object(CodeIgniter\HTTP\Response), Object(CodeIgniter\Log\Logger))
 2 SYSTEMPATH\CodeIgniter.php(498): CodeIgniter\CodeIgniter->createController()
 3 SYSTEMPATH\CodeIgniter.php(354): CodeIgniter\CodeIgniter->handleRequest(null, Object(Config\Cache), false)
 4 SYSTEMPATH\Boot.php(363): CodeIgniter\CodeIgniter->run()
 5 SYSTEMPATH\Boot.php(68): CodeIgniter\Boot::runCodeIgniter(Object(CodeIgniter\CodeIgniter))
 6 FCPATH\index.php(59): CodeIgniter\Boot::bootWeb(Object(Config\Paths))
 7 SYSTEMPATH\rewrite.php(44): require_once('C:\\xampp\\htdocs\\cicemilankayo\\public\\index.php')
WARNING - 2025-12-15 07:13:05 --> [DEPRECATED] Creation of dynamic property App\Controllers\Beranda::$nama is deprecated in APPPATH\Controllers\BaseController.php on line 44.
 1 SYSTEMPATH\CodeIgniter.php(904): App\Controllers\BaseController->initController(Object(CodeIgniter\HTTP\IncomingRequest), Object(CodeIgniter\HTTP\Response), Object(CodeIgniter\Log\Logger))
 2 SYSTEMPATH\CodeIgniter.php(498): CodeIgniter\CodeIgniter->createController()
 3 SYSTEMPATH\CodeIgniter.php(354): CodeIgniter\CodeIgniter->handleRequest(null, Object(Config\Cache), false)
 4 SYSTEMPATH\Boot.php(363): CodeIgniter\CodeIgniter->run()
 5 SYSTEMPATH\Boot.php(68): CodeIgniter\Boot::runCodeIgniter(Object(CodeIgniter\CodeIgniter))
 6 FCPATH\index.php(59): CodeIgniter\Boot::bootWeb(Object(Config\Paths))
 7 SYSTEMPATH\rewrite.php(44): require_once('C:\\xampp\\htdocs\\cicemilankayo\\public\\index.php')
WARNING - 2025-12-15 07:13:33 --> [DEPRECATED] Creation of dynamic property App\Controllers\Layanan::$nama is deprecated in APPPATH\Controllers\BaseController.php on line 44.
 1 SYSTEMPATH\CodeIgniter.php(904): App\Controllers\BaseController->initController(Object(CodeIgniter\HTTP\IncomingRequest), Object(CodeIgniter\HTTP\Response), Object(CodeIgniter\Log\Logger))
 2 SYSTEMPATH\CodeIgniter.php(498): CodeIgniter\CodeIgniter->createController()
 3 SYSTEMPATH\CodeIgniter.php(354): CodeIgniter\CodeIgniter->handleRequest(null, Object(Config\Cache), false)
 4 SYSTEMPATH\Boot.php(363): CodeIgniter\CodeIgniter->run()
 5 SYSTEMPATH\Boot.php(68): CodeIgniter\Boot::runCodeIgniter(Object(CodeIgniter\CodeIgniter))
 6 FCPATH\index.php(59): CodeIgniter\Boot::bootWeb(Object(Config\Paths))
 7 SYSTEMPATH\rewrite.php(44): require_once('C:\\xampp\\htdocs\\cicemilankayo\\public\\index.php')
WARNING - 2025-12-15 07:14:06 --> [DEPRECATED] Creation of dynamic property App\Controllers\Layanan::$nama is deprecated in APPPATH\Controllers\BaseController.php on line 44.
 1 SYSTEMPATH\CodeIgniter.php(904): App\Controllers\BaseController->initController(Object(CodeIgniter\HTTP\IncomingRequest), Object(CodeIgniter\HTTP\Response), Object(CodeIgniter\Log\Logger))
 2 SYSTEMPATH\CodeIgniter.php(498): CodeIgniter\CodeIgniter->createController()
 3 SYSTEMPATH\CodeIgniter.php(354): CodeIgniter\CodeIgniter->handleRequest(null, Object(Config\Cache), false)
 4 SYSTEMPATH\Boot.php(363): CodeIgniter\CodeIgniter->run()
 5 SYSTEMPATH\Boot.php(68): CodeIgniter\Boot::runCodeIgniter(Object(CodeIgniter\CodeIgniter))
 6 FCPATH\index.php(59): CodeIgniter\Boot::bootWeb(Object(Config\Paths))
 7 SYSTEMPATH\rewrite.php(44): require_once('C:\\xampp\\htdocs\\cicemilankayo\\public\\index.php')
WARNING - 2025-12-15 07:14:07 --> [DEPRECATED] Creation of dynamic property App\Controllers\Beranda::$nama is deprecated in APPPATH\Controllers\BaseController.php on line 44.
 1 SYSTEMPATH\CodeIgniter.php(904): App\Controllers\BaseController->initController(Object(CodeIgniter\HTTP\IncomingRequest), Object(CodeIgniter\HTTP\Response), Object(CodeIgniter\Log\Logger))
 2 SYSTEMPATH\CodeIgniter.php(498): CodeIgniter\CodeIgniter->createController()
 3 SYSTEMPATH\CodeIgniter.php(354): CodeIgniter\CodeIgniter->handleRequest(null, Object(Config\Cache), false)
 4 SYSTEMPATH\Boot.php(363): CodeIgniter\CodeIgniter->run()
 5 SYSTEMPATH\Boot.php(68): CodeIgniter\Boot::runCodeIgniter(Object(CodeIgniter\CodeIgniter))
 6 FCPATH\index.php(59): CodeIgniter\Boot::bootWeb(Object(Config\Paths))
 7 SYSTEMPATH\rewrite.php(44): require_once('C:\\xampp\\htdocs\\cicemilankayo\\public\\index.php')
WARNING - 2025-12-15 07:14:08 --> [DEPRECATED] Creation of dynamic property App\Controllers\Layanan::$nama is deprecated in APPPATH\Controllers\BaseController.php on line 44.
 1 SYSTEMPATH\CodeIgniter.php(904): App\Controllers\BaseController->initController(Object(CodeIgniter\HTTP\IncomingRequest), Object(CodeIgniter\HTTP\Response), Object(CodeIgniter\Log\Logger))
 2 SYSTEMPATH\CodeIgniter.php(498): CodeIgniter\CodeIgniter->createController()
 3 SYSTEMPATH\CodeIgniter.php(354): CodeIgniter\CodeIgniter->handleRequest(null, Object(Config\Cache), false)
 4 SYSTEMPATH\Boot.php(363): CodeIgniter\CodeIgniter->run()
 5 SYSTEMPATH\Boot.php(68): CodeIgniter\Boot::runCodeIgniter(Object(CodeIgniter\CodeIgniter))
 6 FCPATH\index.php(59): CodeIgniter\Boot::bootWeb(Object(Config\Paths))
 7 SYSTEMPATH\rewrite.php(44): require_once('C:\\xampp\\htdocs\\cicemilankayo\\public\\index.php')
WARNING - 2025-12-15 07:14:11 --> [DEPRECATED] Creation of dynamic property App\Controllers\Layanan::$nama is deprecated in APPPATH\Controllers\BaseController.php on line 44.
 1 SYSTEMPATH\CodeIgniter.php(904): App\Controllers\BaseController->initController(Object(CodeIgniter\HTTP\IncomingRequest), Object(CodeIgniter\HTTP\Response), Object(CodeIgniter\Log\Logger))
 2 SYSTEMPATH\CodeIgniter.php(498): CodeIgniter\CodeIgniter->createController()
 3 SYSTEMPATH\CodeIgniter.php(354): CodeIgniter\CodeIgniter->handleRequest(null, Object(Config\Cache), false)
 4 SYSTEMPATH\Boot.php(363): CodeIgniter\CodeIgniter->run()
 5 SYSTEMPATH\Boot.php(68): CodeIgniter\Boot::runCodeIgniter(Object(CodeIgniter\CodeIgniter))
 6 FCPATH\index.php(59): CodeIgniter\Boot::bootWeb(Object(Config\Paths))
 7 SYSTEMPATH\rewrite.php(44): require_once('C:\\xampp\\htdocs\\cicemilankayo\\public\\index.php')
WARNING - 2025-12-15 07:14:12 --> [DEPRECATED] Creation of dynamic property App\Controllers\Beranda::$nama is deprecated in APPPATH\Controllers\BaseController.php on line 44.
 1 SYSTEMPATH\CodeIgniter.php(904): App\Controllers\BaseController->initController(Object(CodeIgniter\HTTP\IncomingRequest), Object(CodeIgniter\HTTP\Response), Object(CodeIgniter\Log\Logger))
 2 SYSTEMPATH\CodeIgniter.php(498): CodeIgniter\CodeIgniter->createController()
 3 SYSTEMPATH\CodeIgniter.php(354): CodeIgniter\CodeIgniter->handleRequest(null, Object(Config\Cache), false)
 4 SYSTEMPATH\Boot.php(363): CodeIgniter\CodeIgniter->run()
 5 SYSTEMPATH\Boot.php(68): CodeIgniter\Boot::runCodeIgniter(Object(CodeIgniter\CodeIgniter))
 6 FCPATH\index.php(59): CodeIgniter\Boot::bootWeb(Object(Config\Paths))
 7 SYSTEMPATH\rewrite.php(44): require_once('C:\\xampp\\htdocs\\cicemilankayo\\public\\index.php')
WARNING - 2025-12-15 07:14:14 --> [DEPRECATED] Creation of dynamic property App\Controllers\Layanan::$nama is deprecated in APPPATH\Controllers\BaseController.php on line 44.
 1 SYSTEMPATH\CodeIgniter.php(904): App\Controllers\BaseController->initController(Object(CodeIgniter\HTTP\IncomingRequest), Object(CodeIgniter\HTTP\Response), Object(CodeIgniter\Log\Logger))
 2 SYSTEMPATH\CodeIgniter.php(498): CodeIgniter\CodeIgniter->createController()
 3 SYSTEMPATH\CodeIgniter.php(354): CodeIgniter\CodeIgniter->handleRequest(null, Object(Config\Cache), false)
 4 SYSTEMPATH\Boot.php(363): CodeIgniter\CodeIgniter->run()
 5 SYSTEMPATH\Boot.php(68): CodeIgniter\Boot::runCodeIgniter(Object(CodeIgniter\CodeIgniter))
 6 FCPATH\index.php(59): CodeIgniter\Boot::bootWeb(Object(Config\Paths))
 7 SYSTEMPATH\rewrite.php(44): require_once('C:\\xampp\\htdocs\\cicemilankayo\\public\\index.php')
WARNING - 2025-12-15 07:14:15 --> [DEPRECATED] Creation of dynamic property App\Controllers\Portofolio::$nama is deprecated in APPPATH\Controllers\BaseController.php on line 44.
 1 SYSTEMPATH\CodeIgniter.php(904): App\Controllers\BaseController->initController(Object(CodeIgniter\HTTP\IncomingRequest), Object(CodeIgniter\HTTP\Response), Object(CodeIgniter\Log\Logger))
 2 SYSTEMPATH\CodeIgniter.php(498): CodeIgniter\CodeIgniter->createController()
 3 SYSTEMPATH\CodeIgniter.php(354): CodeIgniter\CodeIgniter->handleRequest(null, Object(Config\Cache), false)
 4 SYSTEMPATH\Boot.php(363): CodeIgniter\CodeIgniter->run()
 5 SYSTEMPATH\Boot.php(68): CodeIgniter\Boot::runCodeIgniter(Object(CodeIgniter\CodeIgniter))
 6 FCPATH\index.php(59): CodeIgniter\Boot::bootWeb(Object(Config\Paths))
 7 SYSTEMPATH\rewrite.php(44): require_once('C:\\xampp\\htdocs\\cicemilankayo\\public\\index.php')
WARNING - 2025-12-15 07:29:08 --> [DEPRECATED] Creation of dynamic property App\Controllers\Beranda::$nama is deprecated in APPPATH\Controllers\BaseController.php on line 44.
 1 SYSTEMPATH\CodeIgniter.php(904): App\Controllers\BaseController->initController(Object(CodeIgniter\HTTP\IncomingRequest), Object(CodeIgniter\HTTP\Response), Object(CodeIgniter\Log\Logger))
 2 SYSTEMPATH\CodeIgniter.php(498): CodeIgniter\CodeIgniter->createController()
 3 SYSTEMPATH\CodeIgniter.php(354): CodeIgniter\CodeIgniter->handleRequest(null, Object(Config\Cache), false)
 4 SYSTEMPATH\Boot.php(363): CodeIgniter\CodeIgniter->run()
 5 SYSTEMPATH\Boot.php(68): CodeIgniter\Boot::runCodeIgniter(Object(CodeIgniter\CodeIgniter))
 6 FCPATH\index.php(59): CodeIgniter\Boot::bootWeb(Object(Config\Paths))
 7 SYSTEMPATH\rewrite.php(44): require_once('C:\\xampp\\htdocs\\cicemilankayo\\public\\index.php')
WARNING - 2025-12-15 07:29:11 --> [DEPRECATED] Creation of dynamic property App\Controllers\Beranda::$nama is deprecated in APPPATH\Controllers\BaseController.php on line 44.
 1 SYSTEMPATH\CodeIgniter.php(904): App\Controllers\BaseController->initController(Object(CodeIgniter\HTTP\IncomingRequest), Object(CodeIgniter\HTTP\Response), Object(CodeIgniter\Log\Logger))
 2 SYSTEMPATH\CodeIgniter.php(498): CodeIgniter\CodeIgniter->createController()
 3 SYSTEMPATH\CodeIgniter.php(354): CodeIgniter\CodeIgniter->handleRequest(null, Object(Config\Cache), false)
 4 SYSTEMPATH\Boot.php(363): CodeIgniter\CodeIgniter->run()
 5 SYSTEMPATH\Boot.php(68): CodeIgniter\Boot::runCodeIgniter(Object(CodeIgniter\CodeIgniter))
 6 FCPATH\index.php(59): CodeIgniter\Boot::bootWeb(Object(Config\Paths))
 7 SYSTEMPATH\rewrite.php(44): require_once('C:\\xampp\\htdocs\\cicemilankayo\\public\\index.php')
WARNING - 2025-12-15 07:29:13 --> [DEPRECATED] Creation of dynamic property App\Controllers\Layanan::$nama is deprecated in APPPATH\Controllers\BaseController.php on line 44.
 1 SYSTEMPATH\CodeIgniter.php(904): App\Controllers\BaseController->initController(Object(CodeIgniter\HTTP\IncomingRequest), Object(CodeIgniter\HTTP\Response), Object(CodeIgniter\Log\Logger))
 2 SYSTEMPATH\CodeIgniter.php(498): CodeIgniter\CodeIgniter->createController()
 3 SYSTEMPATH\CodeIgniter.php(354): CodeIgniter\CodeIgniter->handleRequest(null, Object(Config\Cache), false)
 4 SYSTEMPATH\Boot.php(363): CodeIgniter\CodeIgniter->run()
 5 SYSTEMPATH\Boot.php(68): CodeIgniter\Boot::runCodeIgniter(Object(CodeIgniter\CodeIgniter))
 6 FCPATH\index.php(59): CodeIgniter\Boot::bootWeb(Object(Config\Paths))
 7 SYSTEMPATH\rewrite.php(44): require_once('C:\\xampp\\htdocs\\cicemilankayo\\public\\index.php')
WARNING - 2025-12-15 07:29:18 --> [DEPRECATED] Creation of dynamic property App\Controllers\Layanan::$nama is deprecated in APPPATH\Controllers\BaseController.php on line 44.
 1 SYSTEMPATH\CodeIgniter.php(904): App\Controllers\BaseController->initController(Object(CodeIgniter\HTTP\IncomingRequest), Object(CodeIgniter\HTTP\Response), Object(CodeIgniter\Log\Logger))
 2 SYSTEMPATH\CodeIgniter.php(498): CodeIgniter\CodeIgniter->createController()
 3 SYSTEMPATH\CodeIgniter.php(354): CodeIgniter\CodeIgniter->handleRequest(null, Object(Config\Cache), false)
 4 SYSTEMPATH\Boot.php(363): CodeIgniter\CodeIgniter->run()
 5 SYSTEMPATH\Boot.php(68): CodeIgniter\Boot::runCodeIgniter(Object(CodeIgniter\CodeIgniter))
 6 FCPATH\index.php(59): CodeIgniter\Boot::bootWeb(Object(Config\Paths))
 7 SYSTEMPATH\rewrite.php(44): require_once('C:\\xampp\\htdocs\\cicemilankayo\\public\\index.php')
WARNING - 2025-12-15 07:29:22 --> [DEPRECATED] Creation of dynamic property App\Controllers\Layanan::$nama is deprecated in APPPATH\Controllers\BaseController.php on line 44.
 1 SYSTEMPATH\CodeIgniter.php(904): App\Controllers\BaseController->initController(Object(CodeIgniter\HTTP\IncomingRequest), Object(CodeIgniter\HTTP\Response), Object(CodeIgniter\Log\Logger))
 2 SYSTEMPATH\CodeIgniter.php(498): CodeIgniter\CodeIgniter->createController()
 3 SYSTEMPATH\CodeIgniter.php(354): CodeIgniter\CodeIgniter->handleRequest(null, Object(Config\Cache), false)
 4 SYSTEMPATH\Boot.php(363): CodeIgniter\CodeIgniter->run()
 5 SYSTEMPATH\Boot.php(68): CodeIgniter\Boot::runCodeIgniter(Object(CodeIgniter\CodeIgniter))
 6 FCPATH\index.php(59): CodeIgniter\Boot::bootWeb(Object(Config\Paths))
 7 SYSTEMPATH\rewrite.php(44): require_once('C:\\xampp\\htdocs\\cicemilankayo\\public\\index.php')
WARNING - 2025-12-15 07:29:24 --> [DEPRECATED] Creation of dynamic property App\Controllers\Portofolio::$nama is deprecated in APPPATH\Controllers\BaseController.php on line 44.
 1 SYSTEMPATH\CodeIgniter.php(904): App\Controllers\BaseController->initController(Object(CodeIgniter\HTTP\IncomingRequest), Object(CodeIgniter\HTTP\Response), Object(CodeIgniter\Log\Logger))
 2 SYSTEMPATH\CodeIgniter.php(498): CodeIgniter\CodeIgniter->createController()
 3 SYSTEMPATH\CodeIgniter.php(354): CodeIgniter\CodeIgniter->handleRequest(null, Object(Config\Cache), false)
 4 SYSTEMPATH\Boot.php(363): CodeIgniter\CodeIgniter->run()
 5 SYSTEMPATH\Boot.php(68): CodeIgniter\Boot::runCodeIgniter(Object(CodeIgniter\CodeIgniter))
 6 FCPATH\index.php(59): CodeIgniter\Boot::bootWeb(Object(Config\Paths))
 7 SYSTEMPATH\rewrite.php(44): require_once('C:\\xampp\\htdocs\\cicemilankayo\\public\\index.php')
WARNING - 2025-12-15 07:29:25 --> [DEPRECATED] Creation of dynamic property App\Controllers\Layanan::$nama is deprecated in APPPATH\Controllers\BaseController.php on line 44.
 1 SYSTEMPATH\CodeIgniter.php(904): App\Controllers\BaseController->initController(Object(CodeIgniter\HTTP\IncomingRequest), Object(CodeIgniter\HTTP\Response), Object(CodeIgniter\Log\Logger))
 2 SYSTEMPATH\CodeIgniter.php(498): CodeIgniter\CodeIgniter->createController()
 3 SYSTEMPATH\CodeIgniter.php(354): CodeIgniter\CodeIgniter->handleRequest(null, Object(Config\Cache), false)
 4 SYSTEMPATH\Boot.php(363): CodeIgniter\CodeIgniter->run()
 5 SYSTEMPATH\Boot.php(68): CodeIgniter\Boot::runCodeIgniter(Object(CodeIgniter\CodeIgniter))
 6 FCPATH\index.php(59): CodeIgniter\Boot::bootWeb(Object(Config\Paths))
 7 SYSTEMPATH\rewrite.php(44): require_once('C:\\xampp\\htdocs\\cicemilankayo\\public\\index.php')
WARNING - 2025-12-15 07:29:26 --> [DEPRECATED] Creation of dynamic property App\Controllers\Beranda::$nama is deprecated in APPPATH\Controllers\BaseController.php on line 44.
 1 SYSTEMPATH\CodeIgniter.php(904): App\Controllers\BaseController->initController(Object(CodeIgniter\HTTP\IncomingRequest), Object(CodeIgniter\HTTP\Response), Object(CodeIgniter\Log\Logger))
 2 SYSTEMPATH\CodeIgniter.php(498): CodeIgniter\CodeIgniter->createController()
 3 SYSTEMPATH\CodeIgniter.php(354): CodeIgniter\CodeIgniter->handleRequest(null, Object(Config\Cache), false)
 4 SYSTEMPATH\Boot.php(363): CodeIgniter\CodeIgniter->run()
 5 SYSTEMPATH\Boot.php(68): CodeIgniter\Boot::runCodeIgniter(Object(CodeIgniter\CodeIgniter))
 6 FCPATH\index.php(59): CodeIgniter\Boot::bootWeb(Object(Config\Paths))
 7 SYSTEMPATH\rewrite.php(44): require_once('C:\\xampp\\htdocs\\cicemilankayo\\public\\index.php')
WARNING - 2025-12-15 07:29:44 --> [DEPRECATED] Creation of dynamic property App\Controllers\Beranda::$nama is deprecated in APPPATH\Controllers\BaseController.php on line 44.
 1 SYSTEMPATH\CodeIgniter.php(904): App\Controllers\BaseController->initController(Object(CodeIgniter\HTTP\IncomingRequest), Object(CodeIgniter\HTTP\Response), Object(CodeIgniter\Log\Logger))
 2 SYSTEMPATH\CodeIgniter.php(498): CodeIgniter\CodeIgniter->createController()
 3 SYSTEMPATH\CodeIgniter.php(354): CodeIgniter\CodeIgniter->handleRequest(null, Object(Config\Cache), false)
 4 SYSTEMPATH\Boot.php(363): CodeIgniter\CodeIgniter->run()
 5 SYSTEMPATH\Boot.php(68): CodeIgniter\Boot::runCodeIgniter(Object(CodeIgniter\CodeIgniter))
 6 FCPATH\index.php(59): CodeIgniter\Boot::bootWeb(Object(Config\Paths))
 7 SYSTEMPATH\rewrite.php(44): require_once('C:\\xampp\\htdocs\\cicemilankayo\\public\\index.php')
WARNING - 2025-12-15 07:29:56 --> [DEPRECATED] Creation of dynamic property App\Controllers\Beranda::$nama is deprecated in APPPATH\Controllers\BaseController.php on line 44.
 1 SYSTEMPATH\CodeIgniter.php(904): App\Controllers\BaseController->initController(Object(CodeIgniter\HTTP\IncomingRequest), Object(CodeIgniter\HTTP\Response), Object(CodeIgniter\Log\Logger))
 2 SYSTEMPATH\CodeIgniter.php(498): CodeIgniter\CodeIgniter->createController()
 3 SYSTEMPATH\CodeIgniter.php(354): CodeIgniter\CodeIgniter->handleRequest(null, Object(Config\Cache), false)
 4 SYSTEMPATH\Boot.php(363): CodeIgniter\CodeIgniter->run()
 5 SYSTEMPATH\Boot.php(68): CodeIgniter\Boot::runCodeIgniter(Object(CodeIgniter\CodeIgniter))
 6 FCPATH\index.php(59): CodeIgniter\Boot::bootWeb(Object(Config\Paths))
 7 SYSTEMPATH\rewrite.php(44): require_once('C:\\xampp\\htdocs\\cicemilankayo\\public\\index.php')
WARNING - 2025-12-15 07:29:59 --> [DEPRECATED] Creation of dynamic property App\Controllers\Home::$nama is deprecated in APPPATH\Controllers\BaseController.php on line 44.
 1 SYSTEMPATH\CodeIgniter.php(904): App\Controllers\BaseController->initController(Object(CodeIgniter\HTTP\IncomingRequest), Object(CodeIgniter\HTTP\Response), Object(CodeIgniter\Log\Logger))
 2 SYSTEMPATH\CodeIgniter.php(498): CodeIgniter\CodeIgniter->createController()
 3 SYSTEMPATH\CodeIgniter.php(354): CodeIgniter\CodeIgniter->handleRequest(null, Object(Config\Cache), false)
 4 SYSTEMPATH\Boot.php(363): CodeIgniter\CodeIgniter->run()
 5 SYSTEMPATH\Boot.php(68): CodeIgniter\Boot::runCodeIgniter(Object(CodeIgniter\CodeIgniter))
 6 FCPATH\index.php(59): CodeIgniter\Boot::bootWeb(Object(Config\Paths))
 7 SYSTEMPATH\rewrite.php(44): require_once('C:\\xampp\\htdocs\\cicemilankayo\\public\\index.php')
WARNING - 2025-12-15 07:30:01 --> [DEPRECATED] Creation of dynamic property App\Controllers\Beranda::$nama is deprecated in APPPATH\Controllers\BaseController.php on line 44.
 1 SYSTEMPATH\CodeIgniter.php(904): App\Controllers\BaseController->initController(Object(CodeIgniter\HTTP\IncomingRequest), Object(CodeIgniter\HTTP\Response), Object(CodeIgniter\Log\Logger))
 2 SYSTEMPATH\CodeIgniter.php(498): CodeIgniter\CodeIgniter->createController()
 3 SYSTEMPATH\CodeIgniter.php(354): CodeIgniter\CodeIgniter->handleRequest(null, Object(Config\Cache), false)
 4 SYSTEMPATH\Boot.php(363): CodeIgniter\CodeIgniter->run()
 5 SYSTEMPATH\Boot.php(68): CodeIgniter\Boot::runCodeIgniter(Object(CodeIgniter\CodeIgniter))
 6 FCPATH\index.php(59): CodeIgniter\Boot::bootWeb(Object(Config\Paths))
 7 SYSTEMPATH\rewrite.php(44): require_once('C:\\xampp\\htdocs\\cicemilankayo\\public\\index.php')
WARNING - 2025-12-15 07:30:01 --> [DEPRECATED] Creation of dynamic property App\Controllers\Layanan::$nama is deprecated in APPPATH\Controllers\BaseController.php on line 44.
 1 SYSTEMPATH\CodeIgniter.php(904): App\Controllers\BaseController->initController(Object(CodeIgniter\HTTP\IncomingRequest), Object(CodeIgniter\HTTP\Response), Object(CodeIgniter\Log\Logger))
 2 SYSTEMPATH\CodeIgniter.php(498): CodeIgniter\CodeIgniter->createController()
 3 SYSTEMPATH\CodeIgniter.php(354): CodeIgniter\CodeIgniter->handleRequest(null, Object(Config\Cache), false)
 4 SYSTEMPATH\Boot.php(363): CodeIgniter\CodeIgniter->run()
 5 SYSTEMPATH\Boot.php(68): CodeIgniter\Boot::runCodeIgniter(Object(CodeIgniter\CodeIgniter))
 6 FCPATH\index.php(59): CodeIgniter\Boot::bootWeb(Object(Config\Paths))
 7 SYSTEMPATH\rewrite.php(44): require_once('C:\\xampp\\htdocs\\cicemilankayo\\public\\index.php')
WARNING - 2025-12-15 07:30:02 --> [DEPRECATED] Creation of dynamic property App\Controllers\Portofolio::$nama is deprecated in APPPATH\Controllers\BaseController.php on line 44.
 1 SYSTEMPATH\CodeIgniter.php(904): App\Controllers\BaseController->initController(Object(CodeIgniter\HTTP\IncomingRequest), Object(CodeIgniter\HTTP\Response), Object(CodeIgniter\Log\Logger))
 2 SYSTEMPATH\CodeIgniter.php(498): CodeIgniter\CodeIgniter->createController()
 3 SYSTEMPATH\CodeIgniter.php(354): CodeIgniter\CodeIgniter->handleRequest(null, Object(Config\Cache), false)
 4 SYSTEMPATH\Boot.php(363): CodeIgniter\CodeIgniter->run()
 5 SYSTEMPATH\Boot.php(68): CodeIgniter\Boot::runCodeIgniter(Object(CodeIgniter\CodeIgniter))
 6 FCPATH\index.php(59): CodeIgniter\Boot::bootWeb(Object(Config\Paths))
 7 SYSTEMPATH\rewrite.php(44): require_once('C:\\xampp\\htdocs\\cicemilankayo\\public\\index.php')
WARNING - 2025-12-15 07:30:05 --> [DEPRECATED] Creation of dynamic property App\Controllers\Portofolio::$nama is deprecated in APPPATH\Controllers\BaseController.php on line 44.
 1 SYSTEMPATH\CodeIgniter.php(904): App\Controllers\BaseController->initController(Object(CodeIgniter\HTTP\IncomingRequest), Object(CodeIgniter\HTTP\Response), Object(CodeIgniter\Log\Logger))
 2 SYSTEMPATH\CodeIgniter.php(498): CodeIgniter\CodeIgniter->createController()
 3 SYSTEMPATH\CodeIgniter.php(354): CodeIgniter\CodeIgniter->handleRequest(null, Object(Config\Cache), false)
 4 SYSTEMPATH\Boot.php(363): CodeIgniter\CodeIgniter->run()
 5 SYSTEMPATH\Boot.php(68): CodeIgniter\Boot::runCodeIgniter(Object(CodeIgniter\CodeIgniter))
 6 FCPATH\index.php(59): CodeIgniter\Boot::bootWeb(Object(Config\Paths))
 7 SYSTEMPATH\rewrite.php(44): require_once('C:\\xampp\\htdocs\\cicemilankayo\\public\\index.php')
WARNING - 2025-12-15 07:30:06 --> [DEPRECATED] Creation of dynamic property App\Controllers\Portofolio::$nama is deprecated in APPPATH\Controllers\BaseController.php on line 44.
 1 SYSTEMPATH\CodeIgniter.php(904): App\Controllers\BaseController->initController(Object(CodeIgniter\HTTP\IncomingRequest), Object(CodeIgniter\HTTP\Response), Object(CodeIgniter\Log\Logger))
 2 SYSTEMPATH\CodeIgniter.php(498): CodeIgniter\CodeIgniter->createController()
 3 SYSTEMPATH\CodeIgniter.php(354): CodeIgniter\CodeIgniter->handleRequest(null, Object(Config\Cache), false)
 4 SYSTEMPATH\Boot.php(363): CodeIgniter\CodeIgniter->run()
 5 SYSTEMPATH\Boot.php(68): CodeIgniter\Boot::runCodeIgniter(Object(CodeIgniter\CodeIgniter))
 6 FCPATH\index.php(59): CodeIgniter\Boot::bootWeb(Object(Config\Paths))
 7 SYSTEMPATH\rewrite.php(44): require_once('C:\\xampp\\htdocs\\cicemilankayo\\public\\index.php')
WARNING - 2025-12-15 07:30:07 --> [DEPRECATED] Creation of dynamic property App\Controllers\Layanan::$nama is deprecated in APPPATH\Controllers\BaseController.php on line 44.
 1 SYSTEMPATH\CodeIgniter.php(904): App\Controllers\BaseController->initController(Object(CodeIgniter\HTTP\IncomingRequest), Object(CodeIgniter\HTTP\Response), Object(CodeIgniter\Log\Logger))
 2 SYSTEMPATH\CodeIgniter.php(498): CodeIgniter\CodeIgniter->createController()
 3 SYSTEMPATH\CodeIgniter.php(354): CodeIgniter\CodeIgniter->handleRequest(null, Object(Config\Cache), false)
 4 SYSTEMPATH\Boot.php(363): CodeIgniter\CodeIgniter->run()
 5 SYSTEMPATH\Boot.php(68): CodeIgniter\Boot::runCodeIgniter(Object(CodeIgniter\CodeIgniter))
 6 FCPATH\index.php(59): CodeIgniter\Boot::bootWeb(Object(Config\Paths))
 7 SYSTEMPATH\rewrite.php(44): require_once('C:\\xampp\\htdocs\\cicemilankayo\\public\\index.php')
WARNING - 2025-12-15 07:30:07 --> [DEPRECATED] Creation of dynamic property App\Controllers\Beranda::$nama is deprecated in APPPATH\Controllers\BaseController.php on line 44.
 1 SYSTEMPATH\CodeIgniter.php(904): App\Controllers\BaseController->initController(Object(CodeIgniter\HTTP\IncomingRequest), Object(CodeIgniter\HTTP\Response), Object(CodeIgniter\Log\Logger))
 2 SYSTEMPATH\CodeIgniter.php(498): CodeIgniter\CodeIgniter->createController()
 3 SYSTEMPATH\CodeIgniter.php(354): CodeIgniter\CodeIgniter->handleRequest(null, Object(Config\Cache), false)
 4 SYSTEMPATH\Boot.php(363): CodeIgniter\CodeIgniter->run()
 5 SYSTEMPATH\Boot.php(68): CodeIgniter\Boot::runCodeIgniter(Object(CodeIgniter\CodeIgniter))
 6 FCPATH\index.php(59): CodeIgniter\Boot::bootWeb(Object(Config\Paths))
 7 SYSTEMPATH\rewrite.php(44): require_once('C:\\xampp\\htdocs\\cicemilankayo\\public\\index.php')
WARNING - 2025-12-15 07:30:08 --> [DEPRECATED] Creation of dynamic property App\Controllers\Beranda::$nama is deprecated in APPPATH\Controllers\BaseController.php on line 44.
 1 SYSTEMPATH\CodeIgniter.php(904): App\Controllers\BaseController->initController(Object(CodeIgniter\HTTP\IncomingRequest), Object(CodeIgniter\HTTP\Response), Object(CodeIgniter\Log\Logger))
 2 SYSTEMPATH\CodeIgniter.php(498): CodeIgniter\CodeIgniter->createController()
 3 SYSTEMPATH\CodeIgniter.php(354): CodeIgniter\CodeIgniter->handleRequest(null, Object(Config\Cache), false)
 4 SYSTEMPATH\Boot.php(363): CodeIgniter\CodeIgniter->run()
 5 SYSTEMPATH\Boot.php(68): CodeIgniter\Boot::runCodeIgniter(Object(CodeIgniter\CodeIgniter))
 6 FCPATH\index.php(59): CodeIgniter\Boot::bootWeb(Object(Config\Paths))
 7 SYSTEMPATH\rewrite.php(44): require_once('C:\\xampp\\htdocs\\cicemilankayo\\public\\index.php')
WARNING - 2025-12-15 07:30:15 --> [DEPRECATED] Creation of dynamic property App\Controllers\Beranda::$nama is deprecated in APPPATH\Controllers\BaseController.php on line 44.
 1 SYSTEMPATH\CodeIgniter.php(904): App\Controllers\BaseController->initController(Object(CodeIgniter\HTTP\IncomingRequest), Object(CodeIgniter\HTTP\Response), Object(CodeIgniter\Log\Logger))
 2 SYSTEMPATH\CodeIgniter.php(498): CodeIgniter\CodeIgniter->createController()
 3 SYSTEMPATH\CodeIgniter.php(354): CodeIgniter\CodeIgniter->handleRequest(null, Object(Config\Cache), false)
 4 SYSTEMPATH\Boot.php(363): CodeIgniter\CodeIgniter->run()
 5 SYSTEMPATH\Boot.php(68): CodeIgniter\Boot::runCodeIgniter(Object(CodeIgniter\CodeIgniter))
 6 FCPATH\index.php(59): CodeIgniter\Boot::bootWeb(Object(Config\Paths))
 7 SYSTEMPATH\rewrite.php(44): require_once('C:\\xampp\\htdocs\\cicemilankayo\\public\\index.php')
WARNING - 2025-12-15 07:30:45 --> [DEPRECATED] Creation of dynamic property App\Controllers\Home::$nama is deprecated in APPPATH\Controllers\BaseController.php on line 44.
 1 SYSTEMPATH\CodeIgniter.php(904): App\Controllers\BaseController->initController(Object(CodeIgniter\HTTP\IncomingRequest), Object(CodeIgniter\HTTP\Response), Object(CodeIgniter\Log\Logger))
 2 SYSTEMPATH\CodeIgniter.php(498): CodeIgniter\CodeIgniter->createController()
 3 SYSTEMPATH\CodeIgniter.php(354): CodeIgniter\CodeIgniter->handleRequest(null, Object(Config\Cache), false)
 4 SYSTEMPATH\Boot.php(363): CodeIgniter\CodeIgniter->run()
 5 SYSTEMPATH\Boot.php(68): CodeIgniter\Boot::runCodeIgniter(Object(CodeIgniter\CodeIgniter))
 6 FCPATH\index.php(59): CodeIgniter\Boot::bootWeb(Object(Config\Paths))
 7 SYSTEMPATH\rewrite.php(44): require_once('C:\\xampp\\htdocs\\cicemilankayo\\public\\index.php')
WARNING - 2025-12-15 07:30:53 --> [DEPRECATED] Creation of dynamic property App\Controllers\Beranda::$nama is deprecated in APPPATH\Controllers\BaseController.php on line 44.
 1 SYSTEMPATH\CodeIgniter.php(904): App\Controllers\BaseController->initController(Object(CodeIgniter\HTTP\IncomingRequest), Object(CodeIgniter\HTTP\Response), Object(CodeIgniter\Log\Logger))
 2 SYSTEMPATH\CodeIgniter.php(498): CodeIgniter\CodeIgniter->createController()
 3 SYSTEMPATH\CodeIgniter.php(354): CodeIgniter\CodeIgniter->handleRequest(null, Object(Config\Cache), false)
 4 SYSTEMPATH\Boot.php(363): CodeIgniter\CodeIgniter->run()
 5 SYSTEMPATH\Boot.php(68): CodeIgniter\Boot::runCodeIgniter(Object(CodeIgniter\CodeIgniter))
 6 FCPATH\index.php(59): CodeIgniter\Boot::bootWeb(Object(Config\Paths))
 7 SYSTEMPATH\rewrite.php(44): require_once('C:\\xampp\\htdocs\\cicemilankayo\\public\\index.php')
WARNING - 2025-12-15 07:30:53 --> [DEPRECATED] Creation of dynamic property App\Controllers\Beranda::$nama is deprecated in APPPATH\Controllers\BaseController.php on line 44.
 1 SYSTEMPATH\CodeIgniter.php(904): App\Controllers\BaseController->initController(Object(CodeIgniter\HTTP\IncomingRequest), Object(CodeIgniter\HTTP\Response), Object(CodeIgniter\Log\Logger))
 2 SYSTEMPATH\CodeIgniter.php(498): CodeIgniter\CodeIgniter->createController()
 3 SYSTEMPATH\CodeIgniter.php(354): CodeIgniter\CodeIgniter->handleRequest(null, Object(Config\Cache), false)
 4 SYSTEMPATH\Boot.php(363): CodeIgniter\CodeIgniter->run()
 5 SYSTEMPATH\Boot.php(68): CodeIgniter\Boot::runCodeIgniter(Object(CodeIgniter\CodeIgniter))
 6 FCPATH\index.php(59): CodeIgniter\Boot::bootWeb(Object(Config\Paths))
 7 SYSTEMPATH\rewrite.php(44): require_once('C:\\xampp\\htdocs\\cicemilankayo\\public\\index.php')
WARNING - 2025-12-15 07:31:05 --> [DEPRECATED] Creation of dynamic property App\Controllers\Home::$nama is deprecated in APPPATH\Controllers\BaseController.php on line 44.
 1 SYSTEMPATH\CodeIgniter.php(904): App\Controllers\BaseController->initController(Object(CodeIgniter\HTTP\IncomingRequest), Object(CodeIgniter\HTTP\Response), Object(CodeIgniter\Log\Logger))
 2 SYSTEMPATH\CodeIgniter.php(498): CodeIgniter\CodeIgniter->createController()
 3 SYSTEMPATH\CodeIgniter.php(354): CodeIgniter\CodeIgniter->handleRequest(null, Object(Config\Cache), false)
 4 SYSTEMPATH\Boot.php(363): CodeIgniter\CodeIgniter->run()
 5 SYSTEMPATH\Boot.php(68): CodeIgniter\Boot::runCodeIgniter(Object(CodeIgniter\CodeIgniter))
 6 FCPATH\index.php(59): CodeIgniter\Boot::bootWeb(Object(Config\Paths))
 7 SYSTEMPATH\rewrite.php(44): require_once('C:\\xampp\\htdocs\\cicemilankayo\\public\\index.php')
WARNING - 2025-12-15 07:31:46 --> [DEPRECATED] Creation of dynamic property App\Controllers\Layanan::$nama is deprecated in APPPATH\Controllers\BaseController.php on line 44.
 1 SYSTEMPATH\CodeIgniter.php(904): App\Controllers\BaseController->initController(Object(CodeIgniter\HTTP\IncomingRequest), Object(CodeIgniter\HTTP\Response), Object(CodeIgniter\Log\Logger))
 2 SYSTEMPATH\CodeIgniter.php(498): CodeIgniter\CodeIgniter->createController()
 3 SYSTEMPATH\CodeIgniter.php(354): CodeIgniter\CodeIgniter->handleRequest(null, Object(Config\Cache), false)
 4 SYSTEMPATH\Boot.php(363): CodeIgniter\CodeIgniter->run()
 5 SYSTEMPATH\Boot.php(68): CodeIgniter\Boot::runCodeIgniter(Object(CodeIgniter\CodeIgniter))
 6 FCPATH\index.php(59): CodeIgniter\Boot::bootWeb(Object(Config\Paths))
 7 SYSTEMPATH\rewrite.php(44): require_once('C:\\xampp\\htdocs\\cicemilankayo\\public\\index.php')
WARNING - 2025-12-15 07:31:47 --> [DEPRECATED] Creation of dynamic property App\Controllers\Portofolio::$nama is deprecated in APPPATH\Controllers\BaseController.php on line 44.
 1 SYSTEMPATH\CodeIgniter.php(904): App\Controllers\BaseController->initController(Object(CodeIgniter\HTTP\IncomingRequest), Object(CodeIgniter\HTTP\Response), Object(CodeIgniter\Log\Logger))
 2 SYSTEMPATH\CodeIgniter.php(498): CodeIgniter\CodeIgniter->createController()
 3 SYSTEMPATH\CodeIgniter.php(354): CodeIgniter\CodeIgniter->handleRequest(null, Object(Config\Cache), false)
 4 SYSTEMPATH\Boot.php(363): CodeIgniter\CodeIgniter->run()
 5 SYSTEMPATH\Boot.php(68): CodeIgniter\Boot::runCodeIgniter(Object(CodeIgniter\CodeIgniter))
 6 FCPATH\index.php(59): CodeIgniter\Boot::bootWeb(Object(Config\Paths))
 7 SYSTEMPATH\rewrite.php(44): require_once('C:\\xampp\\htdocs\\cicemilankayo\\public\\index.php')
WARNING - 2025-12-15 07:31:51 --> [DEPRECATED] Creation of dynamic property App\Controllers\Portofolio::$nama is deprecated in APPPATH\Controllers\BaseController.php on line 44.
 1 SYSTEMPATH\CodeIgniter.php(904): App\Controllers\BaseController->initController(Object(CodeIgniter\HTTP\IncomingRequest), Object(CodeIgniter\HTTP\Response), Object(CodeIgniter\Log\Logger))
 2 SYSTEMPATH\CodeIgniter.php(498): CodeIgniter\CodeIgniter->createController()
 3 SYSTEMPATH\CodeIgniter.php(354): CodeIgniter\CodeIgniter->handleRequest(null, Object(Config\Cache), false)
 4 SYSTEMPATH\Boot.php(363): CodeIgniter\CodeIgniter->run()
 5 SYSTEMPATH\Boot.php(68): CodeIgniter\Boot::runCodeIgniter(Object(CodeIgniter\CodeIgniter))
 6 FCPATH\index.php(59): CodeIgniter\Boot::bootWeb(Object(Config\Paths))
 7 SYSTEMPATH\rewrite.php(44): require_once('C:\\xampp\\htdocs\\cicemilankayo\\public\\index.php')
WARNING - 2025-12-15 07:31:52 --> [DEPRECATED] Creation of dynamic property App\Controllers\Layanan::$nama is deprecated in APPPATH\Controllers\BaseController.php on line 44.
 1 SYSTEMPATH\CodeIgniter.php(904): App\Controllers\BaseController->initController(Object(CodeIgniter\HTTP\IncomingRequest), Object(CodeIgniter\HTTP\Response), Object(CodeIgniter\Log\Logger))
 2 SYSTEMPATH\CodeIgniter.php(498): CodeIgniter\CodeIgniter->createController()
 3 SYSTEMPATH\CodeIgniter.php(354): CodeIgniter\CodeIgniter->handleRequest(null, Object(Config\Cache), false)
 4 SYSTEMPATH\Boot.php(363): CodeIgniter\CodeIgniter->run()
 5 SYSTEMPATH\Boot.php(68): CodeIgniter\Boot::runCodeIgniter(Object(CodeIgniter\CodeIgniter))
 6 FCPATH\index.php(59): CodeIgniter\Boot::bootWeb(Object(Config\Paths))
 7 SYSTEMPATH\rewrite.php(44): require_once('C:\\xampp\\htdocs\\cicemilankayo\\public\\index.php')
WARNING - 2025-12-15 07:31:53 --> [DEPRECATED] Creation of dynamic property App\Controllers\Beranda::$nama is deprecated in APPPATH\Controllers\BaseController.php on line 44.
 1 SYSTEMPATH\CodeIgniter.php(904): App\Controllers\BaseController->initController(Object(CodeIgniter\HTTP\IncomingRequest), Object(CodeIgniter\HTTP\Response), Object(CodeIgniter\Log\Logger))
 2 SYSTEMPATH\CodeIgniter.php(498): CodeIgniter\CodeIgniter->createController()
 3 SYSTEMPATH\CodeIgniter.php(354): CodeIgniter\CodeIgniter->handleRequest(null, Object(Config\Cache), false)
 4 SYSTEMPATH\Boot.php(363): CodeIgniter\CodeIgniter->run()
 5 SYSTEMPATH\Boot.php(68): CodeIgniter\Boot::runCodeIgniter(Object(CodeIgniter\CodeIgniter))
 6 FCPATH\index.php(59): CodeIgniter\Boot::bootWeb(Object(Config\Paths))
 7 SYSTEMPATH\rewrite.php(44): require_once('C:\\xampp\\htdocs\\cicemilankayo\\public\\index.php')
WARNING - 2025-12-15 07:31:54 --> [DEPRECATED] Creation of dynamic property App\Controllers\Layanan::$nama is deprecated in APPPATH\Controllers\BaseController.php on line 44.
 1 SYSTEMPATH\CodeIgniter.php(904): App\Controllers\BaseController->initController(Object(CodeIgniter\HTTP\IncomingRequest), Object(CodeIgniter\HTTP\Response), Object(CodeIgniter\Log\Logger))
 2 SYSTEMPATH\CodeIgniter.php(498): CodeIgniter\CodeIgniter->createController()
 3 SYSTEMPATH\CodeIgniter.php(354): CodeIgniter\CodeIgniter->handleRequest(null, Object(Config\Cache), false)
 4 SYSTEMPATH\Boot.php(363): CodeIgniter\CodeIgniter->run()
 5 SYSTEMPATH\Boot.php(68): CodeIgniter\Boot::runCodeIgniter(Object(CodeIgniter\CodeIgniter))
 6 FCPATH\index.php(59): CodeIgniter\Boot::bootWeb(Object(Config\Paths))
 7 SYSTEMPATH\rewrite.php(44): require_once('C:\\xampp\\htdocs\\cicemilankayo\\public\\index.php')
WARNING - 2025-12-15 07:31:54 --> [DEPRECATED] Creation of dynamic property App\Controllers\Portofolio::$nama is deprecated in APPPATH\Controllers\BaseController.php on line 44.
 1 SYSTEMPATH\CodeIgniter.php(904): App\Controllers\BaseController->initController(Object(CodeIgniter\HTTP\IncomingRequest), Object(CodeIgniter\HTTP\Response), Object(CodeIgniter\Log\Logger))
 2 SYSTEMPATH\CodeIgniter.php(498): CodeIgniter\CodeIgniter->createController()
 3 SYSTEMPATH\CodeIgniter.php(354): CodeIgniter\CodeIgniter->handleRequest(null, Object(Config\Cache), false)
 4 SYSTEMPATH\Boot.php(363): CodeIgniter\CodeIgniter->run()
 5 SYSTEMPATH\Boot.php(68): CodeIgniter\Boot::runCodeIgniter(Object(CodeIgniter\CodeIgniter))
 6 FCPATH\index.php(59): CodeIgniter\Boot::bootWeb(Object(Config\Paths))
 7 SYSTEMPATH\rewrite.php(44): require_once('C:\\xampp\\htdocs\\cicemilankayo\\public\\index.php')
WARNING - 2025-12-15 07:31:55 --> [DEPRECATED] Creation of dynamic property App\Controllers\Portofolio::$nama is deprecated in APPPATH\Controllers\BaseController.php on line 44.
 1 SYSTEMPATH\CodeIgniter.php(904): App\Controllers\BaseController->initController(Object(CodeIgniter\HTTP\IncomingRequest), Object(CodeIgniter\HTTP\Response), Object(CodeIgniter\Log\Logger))
 2 SYSTEMPATH\CodeIgniter.php(498): CodeIgniter\CodeIgniter->createController()
 3 SYSTEMPATH\CodeIgniter.php(354): CodeIgniter\CodeIgniter->handleRequest(null, Object(Config\Cache), false)
 4 SYSTEMPATH\Boot.php(363): CodeIgniter\CodeIgniter->run()
 5 SYSTEMPATH\Boot.php(68): CodeIgniter\Boot::runCodeIgniter(Object(CodeIgniter\CodeIgniter))
 6 FCPATH\index.php(59): CodeIgniter\Boot::bootWeb(Object(Config\Paths))
 7 SYSTEMPATH\rewrite.php(44): require_once('C:\\xampp\\htdocs\\cicemilankayo\\public\\index.php')
WARNING - 2025-12-15 07:31:56 --> [DEPRECATED] Creation of dynamic property App\Controllers\Portofolio::$nama is deprecated in APPPATH\Controllers\BaseController.php on line 44.
 1 SYSTEMPATH\CodeIgniter.php(904): App\Controllers\BaseController->initController(Object(CodeIgniter\HTTP\IncomingRequest), Object(CodeIgniter\HTTP\Response), Object(CodeIgniter\Log\Logger))
 2 SYSTEMPATH\CodeIgniter.php(498): CodeIgniter\CodeIgniter->createController()
 3 SYSTEMPATH\CodeIgniter.php(354): CodeIgniter\CodeIgniter->handleRequest(null, Object(Config\Cache), false)
 4 SYSTEMPATH\Boot.php(363): CodeIgniter\CodeIgniter->run()
 5 SYSTEMPATH\Boot.php(68): CodeIgniter\Boot::runCodeIgniter(Object(CodeIgniter\CodeIgniter))
 6 FCPATH\index.php(59): CodeIgniter\Boot::bootWeb(Object(Config\Paths))
 7 SYSTEMPATH\rewrite.php(44): require_once('C:\\xampp\\htdocs\\cicemilankayo\\public\\index.php')
WARNING - 2025-12-15 07:31:56 --> [DEPRECATED] Creation of dynamic property App\Controllers\Layanan::$nama is deprecated in APPPATH\Controllers\BaseController.php on line 44.
 1 SYSTEMPATH\CodeIgniter.php(904): App\Controllers\BaseController->initController(Object(CodeIgniter\HTTP\IncomingRequest), Object(CodeIgniter\HTTP\Response), Object(CodeIgniter\Log\Logger))
 2 SYSTEMPATH\CodeIgniter.php(498): CodeIgniter\CodeIgniter->createController()
 3 SYSTEMPATH\CodeIgniter.php(354): CodeIgniter\CodeIgniter->handleRequest(null, Object(Config\Cache), false)
 4 SYSTEMPATH\Boot.php(363): CodeIgniter\CodeIgniter->run()
 5 SYSTEMPATH\Boot.php(68): CodeIgniter\Boot::runCodeIgniter(Object(CodeIgniter\CodeIgniter))
 6 FCPATH\index.php(59): CodeIgniter\Boot::bootWeb(Object(Config\Paths))
 7 SYSTEMPATH\rewrite.php(44): require_once('C:\\xampp\\htdocs\\cicemilankayo\\public\\index.php')
WARNING - 2025-12-15 07:31:56 --> [DEPRECATED] Creation of dynamic property App\Controllers\Beranda::$nama is deprecated in APPPATH\Controllers\BaseController.php on line 44.
 1 SYSTEMPATH\CodeIgniter.php(904): App\Controllers\BaseController->initController(Object(CodeIgniter\HTTP\IncomingRequest), Object(CodeIgniter\HTTP\Response), Object(CodeIgniter\Log\Logger))
 2 SYSTEMPATH\CodeIgniter.php(498): CodeIgniter\CodeIgniter->createController()
 3 SYSTEMPATH\CodeIgniter.php(354): CodeIgniter\CodeIgniter->handleRequest(null, Object(Config\Cache), false)
 4 SYSTEMPATH\Boot.php(363): CodeIgniter\CodeIgniter->run()
 5 SYSTEMPATH\Boot.php(68): CodeIgniter\Boot::runCodeIgniter(Object(CodeIgniter\CodeIgniter))
 6 FCPATH\index.php(59): CodeIgniter\Boot::bootWeb(Object(Config\Paths))
 7 SYSTEMPATH\rewrite.php(44): require_once('C:\\xampp\\htdocs\\cicemilankayo\\public\\index.php')
WARNING - 2025-12-15 07:32:00 --> [DEPRECATED] Creation of dynamic property App\Controllers\Home::$nama is deprecated in APPPATH\Controllers\BaseController.php on line 44.
 1 SYSTEMPATH\CodeIgniter.php(904): App\Controllers\BaseController->initController(Object(CodeIgniter\HTTP\IncomingRequest), Object(CodeIgniter\HTTP\Response), Object(CodeIgniter\Log\Logger))
 2 SYSTEMPATH\CodeIgniter.php(498): CodeIgniter\CodeIgniter->createController()
 3 SYSTEMPATH\CodeIgniter.php(354): CodeIgniter\CodeIgniter->handleRequest(null, Object(Config\Cache), false)
 4 SYSTEMPATH\Boot.php(363): CodeIgniter\CodeIgniter->run()
 5 SYSTEMPATH\Boot.php(68): CodeIgniter\Boot::runCodeIgniter(Object(CodeIgniter\CodeIgniter))
 6 FCPATH\index.php(59): CodeIgniter\Boot::bootWeb(Object(Config\Paths))
 7 SYSTEMPATH\rewrite.php(44): require_once('C:\\xampp\\htdocs\\cicemilankayo\\public\\index.php')
WARNING - 2025-12-15 07:43:17 --> [DEPRECATED] Creation of dynamic property App\Controllers\Beranda::$nama is deprecated in APPPATH\Controllers\BaseController.php on line 44.
 1 SYSTEMPATH\CodeIgniter.php(904): App\Controllers\BaseController->initController(Object(CodeIgniter\HTTP\IncomingRequest), Object(CodeIgniter\HTTP\Response), Object(CodeIgniter\Log\Logger))
 2 SYSTEMPATH\CodeIgniter.php(498): CodeIgniter\CodeIgniter->createController()
 3 SYSTEMPATH\CodeIgniter.php(354): CodeIgniter\CodeIgniter->handleRequest(null, Object(Config\Cache), false)
 4 SYSTEMPATH\Boot.php(363): CodeIgniter\CodeIgniter->run()
 5 SYSTEMPATH\Boot.php(68): CodeIgniter\Boot::runCodeIgniter(Object(CodeIgniter\CodeIgniter))
 6 FCPATH\index.php(59): CodeIgniter\Boot::bootWeb(Object(Config\Paths))
 7 SYSTEMPATH\rewrite.php(44): require_once('C:\\xampp\\htdocs\\cicemilankayo\\public\\index.php')
WARNING - 2025-12-15 07:43:18 --> [DEPRECATED] Creation of dynamic property App\Controllers\Layanan::$nama is deprecated in APPPATH\Controllers\BaseController.php on line 44.
 1 SYSTEMPATH\CodeIgniter.php(904): App\Controllers\BaseController->initController(Object(CodeIgniter\HTTP\IncomingRequest), Object(CodeIgniter\HTTP\Response), Object(CodeIgniter\Log\Logger))
 2 SYSTEMPATH\CodeIgniter.php(498): CodeIgniter\CodeIgniter->createController()
 3 SYSTEMPATH\CodeIgniter.php(354): CodeIgniter\CodeIgniter->handleRequest(null, Object(Config\Cache), false)
 4 SYSTEMPATH\Boot.php(363): CodeIgniter\CodeIgniter->run()
 5 SYSTEMPATH\Boot.php(68): CodeIgniter\Boot::runCodeIgniter(Object(CodeIgniter\CodeIgniter))
 6 FCPATH\index.php(59): CodeIgniter\Boot::bootWeb(Object(Config\Paths))
 7 SYSTEMPATH\rewrite.php(44): require_once('C:\\xampp\\htdocs\\cicemilankayo\\public\\index.php')
WARNING - 2025-12-15 07:43:19 --> [DEPRECATED] Creation of dynamic property App\Controllers\Portofolio::$nama is deprecated in APPPATH\Controllers\BaseController.php on line 44.
 1 SYSTEMPATH\CodeIgniter.php(904): App\Controllers\BaseController->initController(Object(CodeIgniter\HTTP\IncomingRequest), Object(CodeIgniter\HTTP\Response), Object(CodeIgniter\Log\Logger))
 2 SYSTEMPATH\CodeIgniter.php(498): CodeIgniter\CodeIgniter->createController()
 3 SYSTEMPATH\CodeIgniter.php(354): CodeIgniter\CodeIgniter->handleRequest(null, Object(Config\Cache), false)
 4 SYSTEMPATH\Boot.php(363): CodeIgniter\CodeIgniter->run()
 5 SYSTEMPATH\Boot.php(68): CodeIgniter\Boot::runCodeIgniter(Object(CodeIgniter\CodeIgniter))
 6 FCPATH\index.php(59): CodeIgniter\Boot::bootWeb(Object(Config\Paths))
 7 SYSTEMPATH\rewrite.php(44): require_once('C:\\xampp\\htdocs\\cicemilankayo\\public\\index.php')
WARNING - 2025-12-15 07:43:23 --> [DEPRECATED] Creation of dynamic property App\Controllers\Portofolio::$nama is deprecated in APPPATH\Controllers\BaseController.php on line 44.
 1 SYSTEMPATH\CodeIgniter.php(904): App\Controllers\BaseController->initController(Object(CodeIgniter\HTTP\IncomingRequest), Object(CodeIgniter\HTTP\Response), Object(CodeIgniter\Log\Logger))
 2 SYSTEMPATH\CodeIgniter.php(498): CodeIgniter\CodeIgniter->createController()
 3 SYSTEMPATH\CodeIgniter.php(354): CodeIgniter\CodeIgniter->handleRequest(null, Object(Config\Cache), false)
 4 SYSTEMPATH\Boot.php(363): CodeIgniter\CodeIgniter->run()
 5 SYSTEMPATH\Boot.php(68): CodeIgniter\Boot::runCodeIgniter(Object(CodeIgniter\CodeIgniter))
 6 FCPATH\index.php(59): CodeIgniter\Boot::bootWeb(Object(Config\Paths))
 7 SYSTEMPATH\rewrite.php(44): require_once('C:\\xampp\\htdocs\\cicemilankayo\\public\\index.php')
WARNING - 2025-12-15 07:43:26 --> [DEPRECATED] Creation of dynamic property App\Controllers\Beranda::$nama is deprecated in APPPATH\Controllers\BaseController.php on line 44.
 1 SYSTEMPATH\CodeIgniter.php(904): App\Controllers\BaseController->initController(Object(CodeIgniter\HTTP\IncomingRequest), Object(CodeIgniter\HTTP\Response), Object(CodeIgniter\Log\Logger))
 2 SYSTEMPATH\CodeIgniter.php(498): CodeIgniter\CodeIgniter->createController()
 3 SYSTEMPATH\CodeIgniter.php(354): CodeIgniter\CodeIgniter->handleRequest(null, Object(Config\Cache), false)
 4 SYSTEMPATH\Boot.php(363): CodeIgniter\CodeIgniter->run()
 5 SYSTEMPATH\Boot.php(68): CodeIgniter\Boot::runCodeIgniter(Object(CodeIgniter\CodeIgniter))
 6 FCPATH\index.php(59): CodeIgniter\Boot::bootWeb(Object(Config\Paths))
 7 SYSTEMPATH\rewrite.php(44): require_once('C:\\xampp\\htdocs\\cicemilankayo\\public\\index.php')
WARNING - 2025-12-15 07:43:29 --> [DEPRECATED] Creation of dynamic property App\Controllers\Beranda::$nama is deprecated in APPPATH\Controllers\BaseController.php on line 44.
 1 SYSTEMPATH\CodeIgniter.php(904): App\Controllers\BaseController->initController(Object(CodeIgniter\HTTP\IncomingRequest), Object(CodeIgniter\HTTP\Response), Object(CodeIgniter\Log\Logger))
 2 SYSTEMPATH\CodeIgniter.php(498): CodeIgniter\CodeIgniter->createController()
 3 SYSTEMPATH\CodeIgniter.php(354): CodeIgniter\CodeIgniter->handleRequest(null, Object(Config\Cache), false)
 4 SYSTEMPATH\Boot.php(363): CodeIgniter\CodeIgniter->run()
 5 SYSTEMPATH\Boot.php(68): CodeIgniter\Boot::runCodeIgniter(Object(CodeIgniter\CodeIgniter))
 6 FCPATH\index.php(59): CodeIgniter\Boot::bootWeb(Object(Config\Paths))
 7 SYSTEMPATH\rewrite.php(44): require_once('C:\\xampp\\htdocs\\cicemilankayo\\public\\index.php')
WARNING - 2025-12-15 07:43:30 --> [DEPRECATED] Creation of dynamic property App\Controllers\Layanan::$nama is deprecated in APPPATH\Controllers\BaseController.php on line 44.
 1 SYSTEMPATH\CodeIgniter.php(904): App\Controllers\BaseController->initController(Object(CodeIgniter\HTTP\IncomingRequest), Object(CodeIgniter\HTTP\Response), Object(CodeIgniter\Log\Logger))
 2 SYSTEMPATH\CodeIgniter.php(498): CodeIgniter\CodeIgniter->createController()
 3 SYSTEMPATH\CodeIgniter.php(354): CodeIgniter\CodeIgniter->handleRequest(null, Object(Config\Cache), false)
 4 SYSTEMPATH\Boot.php(363): CodeIgniter\CodeIgniter->run()
 5 SYSTEMPATH\Boot.php(68): CodeIgniter\Boot::runCodeIgniter(Object(CodeIgniter\CodeIgniter))
 6 FCPATH\index.php(59): CodeIgniter\Boot::bootWeb(Object(Config\Paths))
 7 SYSTEMPATH\rewrite.php(44): require_once('C:\\xampp\\htdocs\\cicemilankayo\\public\\index.php')
WARNING - 2025-12-15 07:43:31 --> [DEPRECATED] Creation of dynamic property App\Controllers\Portofolio::$nama is deprecated in APPPATH\Controllers\BaseController.php on line 44.
 1 SYSTEMPATH\CodeIgniter.php(904): App\Controllers\BaseController->initController(Object(CodeIgniter\HTTP\IncomingRequest), Object(CodeIgniter\HTTP\Response), Object(CodeIgniter\Log\Logger))
 2 SYSTEMPATH\CodeIgniter.php(498): CodeIgniter\CodeIgniter->createController()
 3 SYSTEMPATH\CodeIgniter.php(354): CodeIgniter\CodeIgniter->handleRequest(null, Object(Config\Cache), false)
 4 SYSTEMPATH\Boot.php(363): CodeIgniter\CodeIgniter->run()
 5 SYSTEMPATH\Boot.php(68): CodeIgniter\Boot::runCodeIgniter(Object(CodeIgniter\CodeIgniter))
 6 FCPATH\index.php(59): CodeIgniter\Boot::bootWeb(Object(Config\Paths))
 7 SYSTEMPATH\rewrite.php(44): require_once('C:\\xampp\\htdocs\\cicemilankayo\\public\\index.php')
WARNING - 2025-12-15 07:43:34 --> [DEPRECATED] Creation of dynamic property App\Controllers\Portofolio::$nama is deprecated in APPPATH\Controllers\BaseController.php on line 44.
 1 SYSTEMPATH\CodeIgniter.php(904): App\Controllers\BaseController->initController(Object(CodeIgniter\HTTP\IncomingRequest), Object(CodeIgniter\HTTP\Response), Object(CodeIgniter\Log\Logger))
 2 SYSTEMPATH\CodeIgniter.php(498): CodeIgniter\CodeIgniter->createController()
 3 SYSTEMPATH\CodeIgniter.php(354): CodeIgniter\CodeIgniter->handleRequest(null, Object(Config\Cache), false)
 4 SYSTEMPATH\Boot.php(363): CodeIgniter\CodeIgniter->run()
 5 SYSTEMPATH\Boot.php(68): CodeIgniter\Boot::runCodeIgniter(Object(CodeIgniter\CodeIgniter))
 6 FCPATH\index.php(59): CodeIgniter\Boot::bootWeb(Object(Config\Paths))
 7 SYSTEMPATH\rewrite.php(44): require_once('C:\\xampp\\htdocs\\cicemilankayo\\public\\index.php')
WARNING - 2025-12-15 07:44:38 --> [DEPRECATED] Creation of dynamic property App\Controllers\Beranda::$nama is deprecated in APPPATH\Controllers\BaseController.php on line 44.
 1 SYSTEMPATH\CodeIgniter.php(904): App\Controllers\BaseController->initController(Object(CodeIgniter\HTTP\IncomingRequest), Object(CodeIgniter\HTTP\Response), Object(CodeIgniter\Log\Logger))
 2 SYSTEMPATH\CodeIgniter.php(498): CodeIgniter\CodeIgniter->createController()
 3 SYSTEMPATH\CodeIgniter.php(354): CodeIgniter\CodeIgniter->handleRequest(null, Object(Config\Cache), false)
 4 SYSTEMPATH\Boot.php(363): CodeIgniter\CodeIgniter->run()
 5 SYSTEMPATH\Boot.php(68): CodeIgniter\Boot::runCodeIgniter(Object(CodeIgniter\CodeIgniter))
 6 FCPATH\index.php(59): CodeIgniter\Boot::bootWeb(Object(Config\Paths))
 7 SYSTEMPATH\rewrite.php(44): require_once('C:\\xampp\\htdocs\\cicemilankayo\\public\\index.php')
WARNING - 2025-12-15 07:44:42 --> [DEPRECATED] Creation of dynamic property App\Controllers\Layanan::$nama is deprecated in APPPATH\Controllers\BaseController.php on line 44.
 1 SYSTEMPATH\CodeIgniter.php(904): App\Controllers\BaseController->initController(Object(CodeIgniter\HTTP\IncomingRequest), Object(CodeIgniter\HTTP\Response), Object(CodeIgniter\Log\Logger))
 2 SYSTEMPATH\CodeIgniter.php(498): CodeIgniter\CodeIgniter->createController()
 3 SYSTEMPATH\CodeIgniter.php(354): CodeIgniter\CodeIgniter->handleRequest(null, Object(Config\Cache), false)
 4 SYSTEMPATH\Boot.php(363): CodeIgniter\CodeIgniter->run()
 5 SYSTEMPATH\Boot.php(68): CodeIgniter\Boot::runCodeIgniter(Object(CodeIgniter\CodeIgniter))
 6 FCPATH\index.php(59): CodeIgniter\Boot::bootWeb(Object(Config\Paths))
 7 SYSTEMPATH\rewrite.php(44): require_once('C:\\xampp\\htdocs\\cicemilankayo\\public\\index.php')
WARNING - 2025-12-15 07:44:43 --> [DEPRECATED] Creation of dynamic property App\Controllers\Beranda::$nama is deprecated in APPPATH\Controllers\BaseController.php on line 44.
 1 SYSTEMPATH\CodeIgniter.php(904): App\Controllers\BaseController->initController(Object(CodeIgniter\HTTP\IncomingRequest), Object(CodeIgniter\HTTP\Response), Object(CodeIgniter\Log\Logger))
 2 SYSTEMPATH\CodeIgniter.php(498): CodeIgniter\CodeIgniter->createController()
 3 SYSTEMPATH\CodeIgniter.php(354): CodeIgniter\CodeIgniter->handleRequest(null, Object(Config\Cache), false)
 4 SYSTEMPATH\Boot.php(363): CodeIgniter\CodeIgniter->run()
 5 SYSTEMPATH\Boot.php(68): CodeIgniter\Boot::runCodeIgniter(Object(CodeIgniter\CodeIgniter))
 6 FCPATH\index.php(59): CodeIgniter\Boot::bootWeb(Object(Config\Paths))
 7 SYSTEMPATH\rewrite.php(44): require_once('C:\\xampp\\htdocs\\cicemilankayo\\public\\index.php')
WARNING - 2025-12-15 07:44:44 --> [DEPRECATED] Creation of dynamic property App\Controllers\Beranda::$nama is deprecated in APPPATH\Controllers\BaseController.php on line 44.
 1 SYSTEMPATH\CodeIgniter.php(904): App\Controllers\BaseController->initController(Object(CodeIgniter\HTTP\IncomingRequest), Object(CodeIgniter\HTTP\Response), Object(CodeIgniter\Log\Logger))
 2 SYSTEMPATH\CodeIgniter.php(498): CodeIgniter\CodeIgniter->createController()
 3 SYSTEMPATH\CodeIgniter.php(354): CodeIgniter\CodeIgniter->handleRequest(null, Object(Config\Cache), false)
 4 SYSTEMPATH\Boot.php(363): CodeIgniter\CodeIgniter->run()
 5 SYSTEMPATH\Boot.php(68): CodeIgniter\Boot::runCodeIgniter(Object(CodeIgniter\CodeIgniter))
 6 FCPATH\index.php(59): CodeIgniter\Boot::bootWeb(Object(Config\Paths))
 7 SYSTEMPATH\rewrite.php(44): require_once('C:\\xampp\\htdocs\\cicemilankayo\\public\\index.php')
WARNING - 2025-12-15 07:44:49 --> [DEPRECATED] Creation of dynamic property App\Controllers\Layanan::$nama is deprecated in APPPATH\Controllers\BaseController.php on line 44.
 1 SYSTEMPATH\CodeIgniter.php(904): App\Controllers\BaseController->initController(Object(CodeIgniter\HTTP\IncomingRequest), Object(CodeIgniter\HTTP\Response), Object(CodeIgniter\Log\Logger))
 2 SYSTEMPATH\CodeIgniter.php(498): CodeIgniter\CodeIgniter->createController()
 3 SYSTEMPATH\CodeIgniter.php(354): CodeIgniter\CodeIgniter->handleRequest(null, Object(Config\Cache), false)
 4 SYSTEMPATH\Boot.php(363): CodeIgniter\CodeIgniter->run()
 5 SYSTEMPATH\Boot.php(68): CodeIgniter\Boot::runCodeIgniter(Object(CodeIgniter\CodeIgniter))
 6 FCPATH\index.php(59): CodeIgniter\Boot::bootWeb(Object(Config\Paths))
 7 SYSTEMPATH\rewrite.php(44): require_once('C:\\xampp\\htdocs\\cicemilankayo\\public\\index.php')
WARNING - 2025-12-15 07:44:49 --> [DEPRECATED] Creation of dynamic property App\Controllers\Beranda::$nama is deprecated in APPPATH\Controllers\BaseController.php on line 44.
 1 SYSTEMPATH\CodeIgniter.php(904): App\Controllers\BaseController->initController(Object(CodeIgniter\HTTP\IncomingRequest), Object(CodeIgniter\HTTP\Response), Object(CodeIgniter\Log\Logger))
 2 SYSTEMPATH\CodeIgniter.php(498): CodeIgniter\CodeIgniter->createController()
 3 SYSTEMPATH\CodeIgniter.php(354): CodeIgniter\CodeIgniter->handleRequest(null, Object(Config\Cache), false)
 4 SYSTEMPATH\Boot.php(363): CodeIgniter\CodeIgniter->run()
 5 SYSTEMPATH\Boot.php(68): CodeIgniter\Boot::runCodeIgniter(Object(CodeIgniter\CodeIgniter))
 6 FCPATH\index.php(59): CodeIgniter\Boot::bootWeb(Object(Config\Paths))
 7 SYSTEMPATH\rewrite.php(44): require_once('C:\\xampp\\htdocs\\cicemilankayo\\public\\index.php')
WARNING - 2025-12-15 07:44:50 --> [DEPRECATED] Creation of dynamic property App\Controllers\Layanan::$nama is deprecated in APPPATH\Controllers\BaseController.php on line 44.
 1 SYSTEMPATH\CodeIgniter.php(904): App\Controllers\BaseController->initController(Object(CodeIgniter\HTTP\IncomingRequest), Object(CodeIgniter\HTTP\Response), Object(CodeIgniter\Log\Logger))
 2 SYSTEMPATH\CodeIgniter.php(498): CodeIgniter\CodeIgniter->createController()
 3 SYSTEMPATH\CodeIgniter.php(354): CodeIgniter\CodeIgniter->handleRequest(null, Object(Config\Cache), false)
 4 SYSTEMPATH\Boot.php(363): CodeIgniter\CodeIgniter->run()
 5 SYSTEMPATH\Boot.php(68): CodeIgniter\Boot::runCodeIgniter(Object(CodeIgniter\CodeIgniter))
 6 FCPATH\index.php(59): CodeIgniter\Boot::bootWeb(Object(Config\Paths))
 7 SYSTEMPATH\rewrite.php(44): require_once('C:\\xampp\\htdocs\\cicemilankayo\\public\\index.php')
WARNING - 2025-12-15 07:44:50 --> [DEPRECATED] Creation of dynamic property App\Controllers\Portofolio::$nama is deprecated in APPPATH\Controllers\BaseController.php on line 44.
 1 SYSTEMPATH\CodeIgniter.php(904): App\Controllers\BaseController->initController(Object(CodeIgniter\HTTP\IncomingRequest), Object(CodeIgniter\HTTP\Response), Object(CodeIgniter\Log\Logger))
 2 SYSTEMPATH\CodeIgniter.php(498): CodeIgniter\CodeIgniter->createController()
 3 SYSTEMPATH\CodeIgniter.php(354): CodeIgniter\CodeIgniter->handleRequest(null, Object(Config\Cache), false)
 4 SYSTEMPATH\Boot.php(363): CodeIgniter\CodeIgniter->run()
 5 SYSTEMPATH\Boot.php(68): CodeIgniter\Boot::runCodeIgniter(Object(CodeIgniter\CodeIgniter))
 6 FCPATH\index.php(59): CodeIgniter\Boot::bootWeb(Object(Config\Paths))
 7 SYSTEMPATH\rewrite.php(44): require_once('C:\\xampp\\htdocs\\cicemilankayo\\public\\index.php')
WARNING - 2025-12-15 07:44:53 --> [DEPRECATED] Creation of dynamic property App\Controllers\Portofolio::$nama is deprecated in APPPATH\Controllers\BaseController.php on line 44.
 1 SYSTEMPATH\CodeIgniter.php(904): App\Controllers\BaseController->initController(Object(CodeIgniter\HTTP\IncomingRequest), Object(CodeIgniter\HTTP\Response), Object(CodeIgniter\Log\Logger))
 2 SYSTEMPATH\CodeIgniter.php(498): CodeIgniter\CodeIgniter->createController()
 3 SYSTEMPATH\CodeIgniter.php(354): CodeIgniter\CodeIgniter->handleRequest(null, Object(Config\Cache), false)
 4 SYSTEMPATH\Boot.php(363): CodeIgniter\CodeIgniter->run()
 5 SYSTEMPATH\Boot.php(68): CodeIgniter\Boot::runCodeIgniter(Object(CodeIgniter\CodeIgniter))
 6 FCPATH\index.php(59): CodeIgniter\Boot::bootWeb(Object(Config\Paths))
 7 SYSTEMPATH\rewrite.php(44): require_once('C:\\xampp\\htdocs\\cicemilankayo\\public\\index.php')
WARNING - 2025-12-15 07:44:54 --> [DEPRECATED] Creation of dynamic property App\Controllers\Beranda::$nama is deprecated in APPPATH\Controllers\BaseController.php on line 44.
 1 SYSTEMPATH\CodeIgniter.php(904): App\Controllers\BaseController->initController(Object(CodeIgniter\HTTP\IncomingRequest), Object(CodeIgniter\HTTP\Response), Object(CodeIgniter\Log\Logger))
 2 SYSTEMPATH\CodeIgniter.php(498): CodeIgniter\CodeIgniter->createController()
 3 SYSTEMPATH\CodeIgniter.php(354): CodeIgniter\CodeIgniter->handleRequest(null, Object(Config\Cache), false)
 4 SYSTEMPATH\Boot.php(363): CodeIgniter\CodeIgniter->run()
 5 SYSTEMPATH\Boot.php(68): CodeIgniter\Boot::runCodeIgniter(Object(CodeIgniter\CodeIgniter))
 6 FCPATH\index.php(59): CodeIgniter\Boot::bootWeb(Object(Config\Paths))
 7 SYSTEMPATH\rewrite.php(44): require_once('C:\\xampp\\htdocs\\cicemilankayo\\public\\index.php')
WARNING - 2025-12-15 07:59:54 --> [DEPRECATED] Creation of dynamic property App\Controllers\Beranda::$nama is deprecated in APPPATH\Controllers\BaseController.php on line 44.
 1 SYSTEMPATH\CodeIgniter.php(904): App\Controllers\BaseController->initController(Object(CodeIgniter\HTTP\IncomingRequest), Object(CodeIgniter\HTTP\Response), Object(CodeIgniter\Log\Logger))
 2 SYSTEMPATH\CodeIgniter.php(498): CodeIgniter\CodeIgniter->createController()
 3 SYSTEMPATH\CodeIgniter.php(354): CodeIgniter\CodeIgniter->handleRequest(null, Object(Config\Cache), false)
 4 SYSTEMPATH\Boot.php(363): CodeIgniter\CodeIgniter->run()
 5 SYSTEMPATH\Boot.php(68): CodeIgniter\Boot::runCodeIgniter(Object(CodeIgniter\CodeIgniter))
 6 FCPATH\index.php(59): CodeIgniter\Boot::bootWeb(Object(Config\Paths))
 7 SYSTEMPATH\rewrite.php(44): require_once('C:\\xampp\\htdocs\\cicemilankayo\\public\\index.php')
WARNING - 2025-12-15 08:01:22 --> [DEPRECATED] Creation of dynamic property App\Controllers\Beranda::$nama is deprecated in APPPATH\Controllers\BaseController.php on line 44.
 1 SYSTEMPATH\CodeIgniter.php(904): App\Controllers\BaseController->initController(Object(CodeIgniter\HTTP\IncomingRequest), Object(CodeIgniter\HTTP\Response), Object(CodeIgniter\Log\Logger))
 2 SYSTEMPATH\CodeIgniter.php(498): CodeIgniter\CodeIgniter->createController()
 3 SYSTEMPATH\CodeIgniter.php(354): CodeIgniter\CodeIgniter->handleRequest(null, Object(Config\Cache), false)
 4 SYSTEMPATH\Boot.php(363): CodeIgniter\CodeIgniter->run()
 5 SYSTEMPATH\Boot.php(68): CodeIgniter\Boot::runCodeIgniter(Object(CodeIgniter\CodeIgniter))
 6 FCPATH\index.php(59): CodeIgniter\Boot::bootWeb(Object(Config\Paths))
 7 SYSTEMPATH\rewrite.php(44): require_once('C:\\xampp\\htdocs\\cicemilankayo\\public\\index.php')
WARNING - 2025-12-15 08:12:39 --> [DEPRECATED] Creation of dynamic property App\Controllers\Beranda::$nama is deprecated in APPPATH\Controllers\BaseController.php on line 44.
 1 SYSTEMPATH\CodeIgniter.php(904): App\Controllers\BaseController->initController(Object(CodeIgniter\HTTP\IncomingRequest), Object(CodeIgniter\HTTP\Response), Object(CodeIgniter\Log\Logger))
 2 SYSTEMPATH\CodeIgniter.php(498): CodeIgniter\CodeIgniter->createController()
 3 SYSTEMPATH\CodeIgniter.php(354): CodeIgniter\CodeIgniter->handleRequest(null, Object(Config\Cache), false)
 4 SYSTEMPATH\Boot.php(363): CodeIgniter\CodeIgniter->run()
 5 SYSTEMPATH\Boot.php(68): CodeIgniter\Boot::runCodeIgniter(Object(CodeIgniter\CodeIgniter))
 6 FCPATH\index.php(59): CodeIgniter\Boot::bootWeb(Object(Config\Paths))
 7 SYSTEMPATH\rewrite.php(44): require_once('C:\\xampp\\htdocs\\cicemilankayo\\public\\index.php')
WARNING - 2025-12-15 08:15:03 --> [DEPRECATED] Creation of dynamic property App\Controllers\Beranda::$nama is deprecated in APPPATH\Controllers\BaseController.php on line 44.
 1 SYSTEMPATH\CodeIgniter.php(904): App\Controllers\BaseController->initController(Object(CodeIgniter\HTTP\IncomingRequest), Object(CodeIgniter\HTTP\Response), Object(CodeIgniter\Log\Logger))
 2 SYSTEMPATH\CodeIgniter.php(498): CodeIgniter\CodeIgniter->createController()
 3 SYSTEMPATH\CodeIgniter.php(354): CodeIgniter\CodeIgniter->handleRequest(null, Object(Config\Cache), false)
 4 SYSTEMPATH\Boot.php(363): CodeIgniter\CodeIgniter->run()
 5 SYSTEMPATH\Boot.php(68): CodeIgniter\Boot::runCodeIgniter(Object(CodeIgniter\CodeIgniter))
 6 FCPATH\index.php(59): CodeIgniter\Boot::bootWeb(Object(Config\Paths))
 7 SYSTEMPATH\rewrite.php(44): require_once('C:\\xampp\\htdocs\\cicemilankayo\\public\\index.php')
WARNING - 2025-12-15 08:15:05 --> [DEPRECATED] Creation of dynamic property App\Controllers\Beranda::$nama is deprecated in APPPATH\Controllers\BaseController.php on line 44.
 1 SYSTEMPATH\CodeIgniter.php(904): App\Controllers\BaseController->initController(Object(CodeIgniter\HTTP\IncomingRequest), Object(CodeIgniter\HTTP\Response), Object(CodeIgniter\Log\Logger))
 2 SYSTEMPATH\CodeIgniter.php(498): CodeIgniter\CodeIgniter->createController()
 3 SYSTEMPATH\CodeIgniter.php(354): CodeIgniter\CodeIgniter->handleRequest(null, Object(Config\Cache), false)
 4 SYSTEMPATH\Boot.php(363): CodeIgniter\CodeIgniter->run()
 5 SYSTEMPATH\Boot.php(68): CodeIgniter\Boot::runCodeIgniter(Object(CodeIgniter\CodeIgniter))
 6 FCPATH\index.php(59): CodeIgniter\Boot::bootWeb(Object(Config\Paths))
 7 SYSTEMPATH\rewrite.php(44): require_once('C:\\xampp\\htdocs\\cicemilankayo\\public\\index.php')
WARNING - 2025-12-15 08:15:06 --> [DEPRECATED] Creation of dynamic property App\Controllers\Layanan::$nama is deprecated in APPPATH\Controllers\BaseController.php on line 44.
 1 SYSTEMPATH\CodeIgniter.php(904): App\Controllers\BaseController->initController(Object(CodeIgniter\HTTP\IncomingRequest), Object(CodeIgniter\HTTP\Response), Object(CodeIgniter\Log\Logger))
 2 SYSTEMPATH\CodeIgniter.php(498): CodeIgniter\CodeIgniter->createController()
 3 SYSTEMPATH\CodeIgniter.php(354): CodeIgniter\CodeIgniter->handleRequest(null, Object(Config\Cache), false)
 4 SYSTEMPATH\Boot.php(363): CodeIgniter\CodeIgniter->run()
 5 SYSTEMPATH\Boot.php(68): CodeIgniter\Boot::runCodeIgniter(Object(CodeIgniter\CodeIgniter))
 6 FCPATH\index.php(59): CodeIgniter\Boot::bootWeb(Object(Config\Paths))
 7 SYSTEMPATH\rewrite.php(44): require_once('C:\\xampp\\htdocs\\cicemilankayo\\public\\index.php')
WARNING - 2025-12-15 08:15:08 --> [DEPRECATED] Creation of dynamic property App\Controllers\Beranda::$nama is deprecated in APPPATH\Controllers\BaseController.php on line 44.
 1 SYSTEMPATH\CodeIgniter.php(904): App\Controllers\BaseController->initController(Object(CodeIgniter\HTTP\IncomingRequest), Object(CodeIgniter\HTTP\Response), Object(CodeIgniter\Log\Logger))
 2 SYSTEMPATH\CodeIgniter.php(498): CodeIgniter\CodeIgniter->createController()
 3 SYSTEMPATH\CodeIgniter.php(354): CodeIgniter\CodeIgniter->handleRequest(null, Object(Config\Cache), false)
 4 SYSTEMPATH\Boot.php(363): CodeIgniter\CodeIgniter->run()
 5 SYSTEMPATH\Boot.php(68): CodeIgniter\Boot::runCodeIgniter(Object(CodeIgniter\CodeIgniter))
 6 FCPATH\index.php(59): CodeIgniter\Boot::bootWeb(Object(Config\Paths))
 7 SYSTEMPATH\rewrite.php(44): require_once('C:\\xampp\\htdocs\\cicemilankayo\\public\\index.php')
WARNING - 2025-12-15 08:15:13 --> [DEPRECATED] Creation of dynamic property App\Controllers\Layanan::$nama is deprecated in APPPATH\Controllers\BaseController.php on line 44.
 1 SYSTEMPATH\CodeIgniter.php(904): App\Controllers\BaseController->initController(Object(CodeIgniter\HTTP\IncomingRequest), Object(CodeIgniter\HTTP\Response), Object(CodeIgniter\Log\Logger))
 2 SYSTEMPATH\CodeIgniter.php(498): CodeIgniter\CodeIgniter->createController()
 3 SYSTEMPATH\CodeIgniter.php(354): CodeIgniter\CodeIgniter->handleRequest(null, Object(Config\Cache), false)
 4 SYSTEMPATH\Boot.php(363): CodeIgniter\CodeIgniter->run()
 5 SYSTEMPATH\Boot.php(68): CodeIgniter\Boot::runCodeIgniter(Object(CodeIgniter\CodeIgniter))
 6 FCPATH\index.php(59): CodeIgniter\Boot::bootWeb(Object(Config\Paths))
 7 SYSTEMPATH\rewrite.php(44): require_once('C:\\xampp\\htdocs\\cicemilankayo\\public\\index.php')
WARNING - 2025-12-15 08:15:14 --> [DEPRECATED] Creation of dynamic property App\Controllers\Beranda::$nama is deprecated in APPPATH\Controllers\BaseController.php on line 44.
 1 SYSTEMPATH\CodeIgniter.php(904): App\Controllers\BaseController->initController(Object(CodeIgniter\HTTP\IncomingRequest), Object(CodeIgniter\HTTP\Response), Object(CodeIgniter\Log\Logger))
 2 SYSTEMPATH\CodeIgniter.php(498): CodeIgniter\CodeIgniter->createController()
 3 SYSTEMPATH\CodeIgniter.php(354): CodeIgniter\CodeIgniter->handleRequest(null, Object(Config\Cache), false)
 4 SYSTEMPATH\Boot.php(363): CodeIgniter\CodeIgniter->run()
 5 SYSTEMPATH\Boot.php(68): CodeIgniter\Boot::runCodeIgniter(Object(CodeIgniter\CodeIgniter))
 6 FCPATH\index.php(59): CodeIgniter\Boot::bootWeb(Object(Config\Paths))
 7 SYSTEMPATH\rewrite.php(44): require_once('C:\\xampp\\htdocs\\cicemilankayo\\public\\index.php')
WARNING - 2025-12-15 08:15:15 --> [DEPRECATED] Creation of dynamic property App\Controllers\Beranda::$nama is deprecated in APPPATH\Controllers\BaseController.php on line 44.
 1 SYSTEMPATH\CodeIgniter.php(904): App\Controllers\BaseController->initController(Object(CodeIgniter\HTTP\IncomingRequest), Object(CodeIgniter\HTTP\Response), Object(CodeIgniter\Log\Logger))
 2 SYSTEMPATH\CodeIgniter.php(498): CodeIgniter\CodeIgniter->createController()
 3 SYSTEMPATH\CodeIgniter.php(354): CodeIgniter\CodeIgniter->handleRequest(null, Object(Config\Cache), false)
 4 SYSTEMPATH\Boot.php(363): CodeIgniter\CodeIgniter->run()
 5 SYSTEMPATH\Boot.php(68): CodeIgniter\Boot::runCodeIgniter(Object(CodeIgniter\CodeIgniter))
 6 FCPATH\index.php(59): CodeIgniter\Boot::bootWeb(Object(Config\Paths))
 7 SYSTEMPATH\rewrite.php(44): require_once('C:\\xampp\\htdocs\\cicemilankayo\\public\\index.php')
WARNING - 2025-12-15 08:18:36 --> [DEPRECATED] Creation of dynamic property App\Controllers\Layanan::$nama is deprecated in APPPATH\Controllers\BaseController.php on line 44.
 1 SYSTEMPATH\CodeIgniter.php(904): App\Controllers\BaseController->initController(Object(CodeIgniter\HTTP\IncomingRequest), Object(CodeIgniter\HTTP\Response), Object(CodeIgniter\Log\Logger))
 2 SYSTEMPATH\CodeIgniter.php(498): CodeIgniter\CodeIgniter->createController()
 3 SYSTEMPATH\CodeIgniter.php(354): CodeIgniter\CodeIgniter->handleRequest(null, Object(Config\Cache), false)
 4 SYSTEMPATH\Boot.php(363): CodeIgniter\CodeIgniter->run()
 5 SYSTEMPATH\Boot.php(68): CodeIgniter\Boot::runCodeIgniter(Object(CodeIgniter\CodeIgniter))
 6 FCPATH\index.php(59): CodeIgniter\Boot::bootWeb(Object(Config\Paths))
 7 SYSTEMPATH\rewrite.php(44): require_once('C:\\xampp\\htdocs\\cicemilankayo\\public\\index.php')
WARNING - 2025-12-15 08:18:38 --> [DEPRECATED] Creation of dynamic property App\Controllers\Beranda::$nama is deprecated in APPPATH\Controllers\BaseController.php on line 44.
 1 SYSTEMPATH\CodeIgniter.php(904): App\Controllers\BaseController->initController(Object(CodeIgniter\HTTP\IncomingRequest), Object(CodeIgniter\HTTP\Response), Object(CodeIgniter\Log\Logger))
 2 SYSTEMPATH\CodeIgniter.php(498): CodeIgniter\CodeIgniter->createController()
 3 SYSTEMPATH\CodeIgniter.php(354): CodeIgniter\CodeIgniter->handleRequest(null, Object(Config\Cache), false)
 4 SYSTEMPATH\Boot.php(363): CodeIgniter\CodeIgniter->run()
 5 SYSTEMPATH\Boot.php(68): CodeIgniter\Boot::runCodeIgniter(Object(CodeIgniter\CodeIgniter))
 6 FCPATH\index.php(59): CodeIgniter\Boot::bootWeb(Object(Config\Paths))
 7 SYSTEMPATH\rewrite.php(44): require_once('C:\\xampp\\htdocs\\cicemilankayo\\public\\index.php')
WARNING - 2025-12-15 08:18:39 --> [DEPRECATED] Creation of dynamic property App\Controllers\Layanan::$nama is deprecated in APPPATH\Controllers\BaseController.php on line 44.
 1 SYSTEMPATH\CodeIgniter.php(904): App\Controllers\BaseController->initController(Object(CodeIgniter\HTTP\IncomingRequest), Object(CodeIgniter\HTTP\Response), Object(CodeIgniter\Log\Logger))
 2 SYSTEMPATH\CodeIgniter.php(498): CodeIgniter\CodeIgniter->createController()
 3 SYSTEMPATH\CodeIgniter.php(354): CodeIgniter\CodeIgniter->handleRequest(null, Object(Config\Cache), false)
 4 SYSTEMPATH\Boot.php(363): CodeIgniter\CodeIgniter->run()
 5 SYSTEMPATH\Boot.php(68): CodeIgniter\Boot::runCodeIgniter(Object(CodeIgniter\CodeIgniter))
 6 FCPATH\index.php(59): CodeIgniter\Boot::bootWeb(Object(Config\Paths))
 7 SYSTEMPATH\rewrite.php(44): require_once('C:\\xampp\\htdocs\\cicemilankayo\\public\\index.php')
WARNING - 2025-12-15 08:18:40 --> [DEPRECATED] Creation of dynamic property App\Controllers\Portofolio::$nama is deprecated in APPPATH\Controllers\BaseController.php on line 44.
 1 SYSTEMPATH\CodeIgniter.php(904): App\Controllers\BaseController->initController(Object(CodeIgniter\HTTP\IncomingRequest), Object(CodeIgniter\HTTP\Response), Object(CodeIgniter\Log\Logger))
 2 SYSTEMPATH\CodeIgniter.php(498): CodeIgniter\CodeIgniter->createController()
 3 SYSTEMPATH\CodeIgniter.php(354): CodeIgniter\CodeIgniter->handleRequest(null, Object(Config\Cache), false)
 4 SYSTEMPATH\Boot.php(363): CodeIgniter\CodeIgniter->run()
 5 SYSTEMPATH\Boot.php(68): CodeIgniter\Boot::runCodeIgniter(Object(CodeIgniter\CodeIgniter))
 6 FCPATH\index.php(59): CodeIgniter\Boot::bootWeb(Object(Config\Paths))
 7 SYSTEMPATH\rewrite.php(44): require_once('C:\\xampp\\htdocs\\cicemilankayo\\public\\index.php')
WARNING - 2025-12-15 08:18:42 --> [DEPRECATED] Creation of dynamic property App\Controllers\Portofolio::$nama is deprecated in APPPATH\Controllers\BaseController.php on line 44.
 1 SYSTEMPATH\CodeIgniter.php(904): App\Controllers\BaseController->initController(Object(CodeIgniter\HTTP\IncomingRequest), Object(CodeIgniter\HTTP\Response), Object(CodeIgniter\Log\Logger))
 2 SYSTEMPATH\CodeIgniter.php(498): CodeIgniter\CodeIgniter->createController()
 3 SYSTEMPATH\CodeIgniter.php(354): CodeIgniter\CodeIgniter->handleRequest(null, Object(Config\Cache), false)
 4 SYSTEMPATH\Boot.php(363): CodeIgniter\CodeIgniter->run()
 5 SYSTEMPATH\Boot.php(68): CodeIgniter\Boot::runCodeIgniter(Object(CodeIgniter\CodeIgniter))
 6 FCPATH\index.php(59): CodeIgniter\Boot::bootWeb(Object(Config\Paths))
 7 SYSTEMPATH\rewrite.php(44): require_once('C:\\xampp\\htdocs\\cicemilankayo\\public\\index.php')
WARNING - 2025-12-15 08:18:42 --> [DEPRECATED] Creation of dynamic property App\Controllers\Beranda::$nama is deprecated in APPPATH\Controllers\BaseController.php on line 44.
 1 SYSTEMPATH\CodeIgniter.php(904): App\Controllers\BaseController->initController(Object(CodeIgniter\HTTP\IncomingRequest), Object(CodeIgniter\HTTP\Response), Object(CodeIgniter\Log\Logger))
 2 SYSTEMPATH\CodeIgniter.php(498): CodeIgniter\CodeIgniter->createController()
 3 SYSTEMPATH\CodeIgniter.php(354): CodeIgniter\CodeIgniter->handleRequest(null, Object(Config\Cache), false)
 4 SYSTEMPATH\Boot.php(363): CodeIgniter\CodeIgniter->run()
 5 SYSTEMPATH\Boot.php(68): CodeIgniter\Boot::runCodeIgniter(Object(CodeIgniter\CodeIgniter))
 6 FCPATH\index.php(59): CodeIgniter\Boot::bootWeb(Object(Config\Paths))
 7 SYSTEMPATH\rewrite.php(44): require_once('C:\\xampp\\htdocs\\cicemilankayo\\public\\index.php')
WARNING - 2025-12-15 08:19:08 --> [DEPRECATED] Creation of dynamic property App\Controllers\Layanan::$nama is deprecated in APPPATH\Controllers\BaseController.php on line 44.
 1 SYSTEMPATH\CodeIgniter.php(904): App\Controllers\BaseController->initController(Object(CodeIgniter\HTTP\IncomingRequest), Object(CodeIgniter\HTTP\Response), Object(CodeIgniter\Log\Logger))
 2 SYSTEMPATH\CodeIgniter.php(498): CodeIgniter\CodeIgniter->createController()
 3 SYSTEMPATH\CodeIgniter.php(354): CodeIgniter\CodeIgniter->handleRequest(null, Object(Config\Cache), false)
 4 SYSTEMPATH\Boot.php(363): CodeIgniter\CodeIgniter->run()
 5 SYSTEMPATH\Boot.php(68): CodeIgniter\Boot::runCodeIgniter(Object(CodeIgniter\CodeIgniter))
 6 FCPATH\index.php(59): CodeIgniter\Boot::bootWeb(Object(Config\Paths))
 7 SYSTEMPATH\rewrite.php(44): require_once('C:\\xampp\\htdocs\\cicemilankayo\\public\\index.php')
WARNING - 2025-12-15 08:19:09 --> [DEPRECATED] Creation of dynamic property App\Controllers\Beranda::$nama is deprecated in APPPATH\Controllers\BaseController.php on line 44.
 1 SYSTEMPATH\CodeIgniter.php(904): App\Controllers\BaseController->initController(Object(CodeIgniter\HTTP\IncomingRequest), Object(CodeIgniter\HTTP\Response), Object(CodeIgniter\Log\Logger))
 2 SYSTEMPATH\CodeIgniter.php(498): CodeIgniter\CodeIgniter->createController()
 3 SYSTEMPATH\CodeIgniter.php(354): CodeIgniter\CodeIgniter->handleRequest(null, Object(Config\Cache), false)
 4 SYSTEMPATH\Boot.php(363): CodeIgniter\CodeIgniter->run()
 5 SYSTEMPATH\Boot.php(68): CodeIgniter\Boot::runCodeIgniter(Object(CodeIgniter\CodeIgniter))
 6 FCPATH\index.php(59): CodeIgniter\Boot::bootWeb(Object(Config\Paths))
 7 SYSTEMPATH\rewrite.php(44): require_once('C:\\xampp\\htdocs\\cicemilankayo\\public\\index.php')
WARNING - 2025-12-15 08:19:13 --> [DEPRECATED] Creation of dynamic property App\Controllers\Beranda::$nama is deprecated in APPPATH\Controllers\BaseController.php on line 44.
 1 SYSTEMPATH\CodeIgniter.php(904): App\Controllers\BaseController->initController(Object(CodeIgniter\HTTP\IncomingRequest), Object(CodeIgniter\HTTP\Response), Object(CodeIgniter\Log\Logger))
 2 SYSTEMPATH\CodeIgniter.php(498): CodeIgniter\CodeIgniter->createController()
 3 SYSTEMPATH\CodeIgniter.php(354): CodeIgniter\CodeIgniter->handleRequest(null, Object(Config\Cache), false)
 4 SYSTEMPATH\Boot.php(363): CodeIgniter\CodeIgniter->run()
 5 SYSTEMPATH\Boot.php(68): CodeIgniter\Boot::runCodeIgniter(Object(CodeIgniter\CodeIgniter))
 6 FCPATH\index.php(59): CodeIgniter\Boot::bootWeb(Object(Config\Paths))
 7 SYSTEMPATH\rewrite.php(44): require_once('C:\\xampp\\htdocs\\cicemilankayo\\public\\index.php')
WARNING - 2025-12-15 08:19:14 --> [DEPRECATED] Creation of dynamic property App\Controllers\Beranda::$nama is deprecated in APPPATH\Controllers\BaseController.php on line 44.
 1 SYSTEMPATH\CodeIgniter.php(904): App\Controllers\BaseController->initController(Object(CodeIgniter\HTTP\IncomingRequest), Object(CodeIgniter\HTTP\Response), Object(CodeIgniter\Log\Logger))
 2 SYSTEMPATH\CodeIgniter.php(498): CodeIgniter\CodeIgniter->createController()
 3 SYSTEMPATH\CodeIgniter.php(354): CodeIgniter\CodeIgniter->handleRequest(null, Object(Config\Cache), false)
 4 SYSTEMPATH\Boot.php(363): CodeIgniter\CodeIgniter->run()
 5 SYSTEMPATH\Boot.php(68): CodeIgniter\Boot::runCodeIgniter(Object(CodeIgniter\CodeIgniter))
 6 FCPATH\index.php(59): CodeIgniter\Boot::bootWeb(Object(Config\Paths))
 7 SYSTEMPATH\rewrite.php(44): require_once('C:\\xampp\\htdocs\\cicemilankayo\\public\\index.php')
WARNING - 2025-12-15 08:19:16 --> [DEPRECATED] Creation of dynamic property App\Controllers\Beranda::$nama is deprecated in APPPATH\Controllers\BaseController.php on line 44.
 1 SYSTEMPATH\CodeIgniter.php(904): App\Controllers\BaseController->initController(Object(CodeIgniter\HTTP\IncomingRequest), Object(CodeIgniter\HTTP\Response), Object(CodeIgniter\Log\Logger))
 2 SYSTEMPATH\CodeIgniter.php(498): CodeIgniter\CodeIgniter->createController()
 3 SYSTEMPATH\CodeIgniter.php(354): CodeIgniter\CodeIgniter->handleRequest(null, Object(Config\Cache), false)
 4 SYSTEMPATH\Boot.php(363): CodeIgniter\CodeIgniter->run()
 5 SYSTEMPATH\Boot.php(68): CodeIgniter\Boot::runCodeIgniter(Object(CodeIgniter\CodeIgniter))
 6 FCPATH\index.php(59): CodeIgniter\Boot::bootWeb(Object(Config\Paths))
 7 SYSTEMPATH\rewrite.php(44): require_once('C:\\xampp\\htdocs\\cicemilankayo\\public\\index.php')
WARNING - 2025-12-15 08:19:16 --> [DEPRECATED] Creation of dynamic property App\Controllers\Beranda::$nama is deprecated in APPPATH\Controllers\BaseController.php on line 44.
 1 SYSTEMPATH\CodeIgniter.php(904): App\Controllers\BaseController->initController(Object(CodeIgniter\HTTP\IncomingRequest), Object(CodeIgniter\HTTP\Response), Object(CodeIgniter\Log\Logger))
 2 SYSTEMPATH\CodeIgniter.php(498): CodeIgniter\CodeIgniter->createController()
 3 SYSTEMPATH\CodeIgniter.php(354): CodeIgniter\CodeIgniter->handleRequest(null, Object(Config\Cache), false)
 4 SYSTEMPATH\Boot.php(363): CodeIgniter\CodeIgniter->run()
 5 SYSTEMPATH\Boot.php(68): CodeIgniter\Boot::runCodeIgniter(Object(CodeIgniter\CodeIgniter))
 6 FCPATH\index.php(59): CodeIgniter\Boot::bootWeb(Object(Config\Paths))
 7 SYSTEMPATH\rewrite.php(44): require_once('C:\\xampp\\htdocs\\cicemilankayo\\public\\index.php')
WARNING - 2025-12-15 08:19:17 --> [DEPRECATED] Creation of dynamic property App\Controllers\Portofolio::$nama is deprecated in APPPATH\Controllers\BaseController.php on line 44.
 1 SYSTEMPATH\CodeIgniter.php(904): App\Controllers\BaseController->initController(Object(CodeIgniter\HTTP\IncomingRequest), Object(CodeIgniter\HTTP\Response), Object(CodeIgniter\Log\Logger))
 2 SYSTEMPATH\CodeIgniter.php(498): CodeIgniter\CodeIgniter->createController()
 3 SYSTEMPATH\CodeIgniter.php(354): CodeIgniter\CodeIgniter->handleRequest(null, Object(Config\Cache), false)
 4 SYSTEMPATH\Boot.php(363): CodeIgniter\CodeIgniter->run()
 5 SYSTEMPATH\Boot.php(68): CodeIgniter\Boot::runCodeIgniter(Object(CodeIgniter\CodeIgniter))
 6 FCPATH\index.php(59): CodeIgniter\Boot::bootWeb(Object(Config\Paths))
 7 SYSTEMPATH\rewrite.php(44): require_once('C:\\xampp\\htdocs\\cicemilankayo\\public\\index.php')
WARNING - 2025-12-15 08:19:19 --> [DEPRECATED] Creation of dynamic property App\Controllers\Portofolio::$nama is deprecated in APPPATH\Controllers\BaseController.php on line 44.
 1 SYSTEMPATH\CodeIgniter.php(904): App\Controllers\BaseController->initController(Object(CodeIgniter\HTTP\IncomingRequest), Object(CodeIgniter\HTTP\Response), Object(CodeIgniter\Log\Logger))
 2 SYSTEMPATH\CodeIgniter.php(498): CodeIgniter\CodeIgniter->createController()
 3 SYSTEMPATH\CodeIgniter.php(354): CodeIgniter\CodeIgniter->handleRequest(null, Object(Config\Cache), false)
 4 SYSTEMPATH\Boot.php(363): CodeIgniter\CodeIgniter->run()
 5 SYSTEMPATH\Boot.php(68): CodeIgniter\Boot::runCodeIgniter(Object(CodeIgniter\CodeIgniter))
 6 FCPATH\index.php(59): CodeIgniter\Boot::bootWeb(Object(Config\Paths))
 7 SYSTEMPATH\rewrite.php(44): require_once('C:\\xampp\\htdocs\\cicemilankayo\\public\\index.php')
WARNING - 2025-12-15 08:19:27 --> [DEPRECATED] Creation of dynamic property App\Controllers\Beranda::$nama is deprecated in APPPATH\Controllers\BaseController.php on line 44.
 1 SYSTEMPATH\CodeIgniter.php(904): App\Controllers\BaseController->initController(Object(CodeIgniter\HTTP\IncomingRequest), Object(CodeIgniter\HTTP\Response), Object(CodeIgniter\Log\Logger))
 2 SYSTEMPATH\CodeIgniter.php(498): CodeIgniter\CodeIgniter->createController()
 3 SYSTEMPATH\CodeIgniter.php(354): CodeIgniter\CodeIgniter->handleRequest(null, Object(Config\Cache), false)
 4 SYSTEMPATH\Boot.php(363): CodeIgniter\CodeIgniter->run()
 5 SYSTEMPATH\Boot.php(68): CodeIgniter\Boot::runCodeIgniter(Object(CodeIgniter\CodeIgniter))
 6 FCPATH\index.php(59): CodeIgniter\Boot::bootWeb(Object(Config\Paths))
 7 SYSTEMPATH\rewrite.php(44): require_once('C:\\xampp\\htdocs\\cicemilankayo\\public\\index.php')
WARNING - 2025-12-15 08:19:52 --> [DEPRECATED] Creation of dynamic property App\Controllers\Home::$nama is deprecated in APPPATH\Controllers\BaseController.php on line 44.
 1 SYSTEMPATH\CodeIgniter.php(904): App\Controllers\BaseController->initController(Object(CodeIgniter\HTTP\IncomingRequest), Object(CodeIgniter\HTTP\Response), Object(CodeIgniter\Log\Logger))
 2 SYSTEMPATH\CodeIgniter.php(498): CodeIgniter\CodeIgniter->createController()
 3 SYSTEMPATH\CodeIgniter.php(354): CodeIgniter\CodeIgniter->handleRequest(null, Object(Config\Cache), false)
 4 SYSTEMPATH\Boot.php(363): CodeIgniter\CodeIgniter->run()
 5 SYSTEMPATH\Boot.php(68): CodeIgniter\Boot::runCodeIgniter(Object(CodeIgniter\CodeIgniter))
 6 FCPATH\index.php(59): CodeIgniter\Boot::bootWeb(Object(Config\Paths))
 7 SYSTEMPATH\rewrite.php(44): require_once('C:\\xampp\\htdocs\\cicemilankayo\\public\\index.php')
WARNING - 2025-12-15 08:20:09 --> [DEPRECATED] Creation of dynamic property App\Controllers\Beranda::$nama is deprecated in APPPATH\Controllers\BaseController.php on line 44.
 1 SYSTEMPATH\CodeIgniter.php(904): App\Controllers\BaseController->initController(Object(CodeIgniter\HTTP\IncomingRequest), Object(CodeIgniter\HTTP\Response), Object(CodeIgniter\Log\Logger))
 2 SYSTEMPATH\CodeIgniter.php(498): CodeIgniter\CodeIgniter->createController()
 3 SYSTEMPATH\CodeIgniter.php(354): CodeIgniter\CodeIgniter->handleRequest(null, Object(Config\Cache), false)
 4 SYSTEMPATH\Boot.php(363): CodeIgniter\CodeIgniter->run()
 5 SYSTEMPATH\Boot.php(68): CodeIgniter\Boot::runCodeIgniter(Object(CodeIgniter\CodeIgniter))
 6 FCPATH\index.php(59): CodeIgniter\Boot::bootWeb(Object(Config\Paths))
 7 SYSTEMPATH\rewrite.php(44): require_once('C:\\xampp\\htdocs\\cicemilankayo\\public\\index.php')
WARNING - 2025-12-15 08:21:10 --> [DEPRECATED] Creation of dynamic property App\Controllers\Beranda::$nama is deprecated in APPPATH\Controllers\BaseController.php on line 44.
 1 SYSTEMPATH\CodeIgniter.php(904): App\Controllers\BaseController->initController(Object(CodeIgniter\HTTP\IncomingRequest), Object(CodeIgniter\HTTP\Response), Object(CodeIgniter\Log\Logger))
 2 SYSTEMPATH\CodeIgniter.php(498): CodeIgniter\CodeIgniter->createController()
 3 SYSTEMPATH\CodeIgniter.php(354): CodeIgniter\CodeIgniter->handleRequest(null, Object(Config\Cache), false)
 4 SYSTEMPATH\Boot.php(363): CodeIgniter\CodeIgniter->run()
 5 SYSTEMPATH\Boot.php(68): CodeIgniter\Boot::runCodeIgniter(Object(CodeIgniter\CodeIgniter))
 6 FCPATH\index.php(59): CodeIgniter\Boot::bootWeb(Object(Config\Paths))
 7 SYSTEMPATH\rewrite.php(44): require_once('C:\\xampp\\htdocs\\cicemilankayo\\public\\index.php')
WARNING - 2025-12-15 08:32:00 --> [DEPRECATED] Creation of dynamic property App\Controllers\Beranda::$nama is deprecated in APPPATH\Controllers\BaseController.php on line 44.
 1 SYSTEMPATH\CodeIgniter.php(904): App\Controllers\BaseController->initController(Object(CodeIgniter\HTTP\IncomingRequest), Object(CodeIgniter\HTTP\Response), Object(CodeIgniter\Log\Logger))
 2 SYSTEMPATH\CodeIgniter.php(498): CodeIgniter\CodeIgniter->createController()
 3 SYSTEMPATH\CodeIgniter.php(354): CodeIgniter\CodeIgniter->handleRequest(null, Object(Config\Cache), false)
 4 SYSTEMPATH\Boot.php(363): CodeIgniter\CodeIgniter->run()
 5 SYSTEMPATH\Boot.php(68): CodeIgniter\Boot::runCodeIgniter(Object(CodeIgniter\CodeIgniter))
 6 FCPATH\index.php(59): CodeIgniter\Boot::bootWeb(Object(Config\Paths))
 7 SYSTEMPATH\rewrite.php(44): require_once('C:\\xampp\\htdocs\\cicemilankayo\\public\\index.php')
WARNING - 2025-12-15 08:33:23 --> [DEPRECATED] Creation of dynamic property App\Controllers\Beranda::$nama is deprecated in APPPATH\Controllers\BaseController.php on line 44.
 1 SYSTEMPATH\CodeIgniter.php(904): App\Controllers\BaseController->initController(Object(CodeIgniter\HTTP\IncomingRequest), Object(CodeIgniter\HTTP\Response), Object(CodeIgniter\Log\Logger))
 2 SYSTEMPATH\CodeIgniter.php(498): CodeIgniter\CodeIgniter->createController()
 3 SYSTEMPATH\CodeIgniter.php(354): CodeIgniter\CodeIgniter->handleRequest(null, Object(Config\Cache), false)
 4 SYSTEMPATH\Boot.php(363): CodeIgniter\CodeIgniter->run()
 5 SYSTEMPATH\Boot.php(68): CodeIgniter\Boot::runCodeIgniter(Object(CodeIgniter\CodeIgniter))
 6 FCPATH\index.php(59): CodeIgniter\Boot::bootWeb(Object(Config\Paths))
 7 SYSTEMPATH\rewrite.php(44): require_once('C:\\xampp\\htdocs\\cicemilankayo\\public\\index.php')
WARNING - 2025-12-15 08:33:26 --> [DEPRECATED] Creation of dynamic property App\Controllers\Beranda::$nama is deprecated in APPPATH\Controllers\BaseController.php on line 44.
 1 SYSTEMPATH\CodeIgniter.php(904): App\Controllers\BaseController->initController(Object(CodeIgniter\HTTP\IncomingRequest), Object(CodeIgniter\HTTP\Response), Object(CodeIgniter\Log\Logger))
 2 SYSTEMPATH\CodeIgniter.php(498): CodeIgniter\CodeIgniter->createController()
 3 SYSTEMPATH\CodeIgniter.php(354): CodeIgniter\CodeIgniter->handleRequest(null, Object(Config\Cache), false)
 4 SYSTEMPATH\Boot.php(363): CodeIgniter\CodeIgniter->run()
 5 SYSTEMPATH\Boot.php(68): CodeIgniter\Boot::runCodeIgniter(Object(CodeIgniter\CodeIgniter))
 6 FCPATH\index.php(59): CodeIgniter\Boot::bootWeb(Object(Config\Paths))
 7 SYSTEMPATH\rewrite.php(44): require_once('C:\\xampp\\htdocs\\cicemilankayo\\public\\index.php')
WARNING - 2025-12-15 08:35:51 --> [DEPRECATED] Creation of dynamic property App\Controllers\Beranda::$nama is deprecated in APPPATH\Controllers\BaseController.php on line 44.
 1 SYSTEMPATH\CodeIgniter.php(904): App\Controllers\BaseController->initController(Object(CodeIgniter\HTTP\IncomingRequest), Object(CodeIgniter\HTTP\Response), Object(CodeIgniter\Log\Logger))
 2 SYSTEMPATH\CodeIgniter.php(498): CodeIgniter\CodeIgniter->createController()
 3 SYSTEMPATH\CodeIgniter.php(354): CodeIgniter\CodeIgniter->handleRequest(null, Object(Config\Cache), false)
 4 SYSTEMPATH\Boot.php(363): CodeIgniter\CodeIgniter->run()
 5 SYSTEMPATH\Boot.php(68): CodeIgniter\Boot::runCodeIgniter(Object(CodeIgniter\CodeIgniter))
 6 FCPATH\index.php(59): CodeIgniter\Boot::bootWeb(Object(Config\Paths))
 7 SYSTEMPATH\rewrite.php(44): require_once('C:\\xampp\\htdocs\\cicemilankayo\\public\\index.php')
WARNING - 2025-12-15 08:36:03 --> [DEPRECATED] Creation of dynamic property App\Controllers\Beranda::$nama is deprecated in APPPATH\Controllers\BaseController.php on line 44.
 1 SYSTEMPATH\CodeIgniter.php(904): App\Controllers\BaseController->initController(Object(CodeIgniter\HTTP\IncomingRequest), Object(CodeIgniter\HTTP\Response), Object(CodeIgniter\Log\Logger))
 2 SYSTEMPATH\CodeIgniter.php(498): CodeIgniter\CodeIgniter->createController()
 3 SYSTEMPATH\CodeIgniter.php(354): CodeIgniter\CodeIgniter->handleRequest(null, Object(Config\Cache), false)
 4 SYSTEMPATH\Boot.php(363): CodeIgniter\CodeIgniter->run()
 5 SYSTEMPATH\Boot.php(68): CodeIgniter\Boot::runCodeIgniter(Object(CodeIgniter\CodeIgniter))
 6 FCPATH\index.php(59): CodeIgniter\Boot::bootWeb(Object(Config\Paths))
 7 SYSTEMPATH\rewrite.php(44): require_once('C:\\xampp\\htdocs\\cicemilankayo\\public\\index.php')
WARNING - 2025-12-15 08:36:08 --> [DEPRECATED] Creation of dynamic property App\Controllers\Beranda::$nama is deprecated in APPPATH\Controllers\BaseController.php on line 44.
 1 SYSTEMPATH\CodeIgniter.php(904): App\Controllers\BaseController->initController(Object(CodeIgniter\HTTP\IncomingRequest), Object(CodeIgniter\HTTP\Response), Object(CodeIgniter\Log\Logger))
 2 SYSTEMPATH\CodeIgniter.php(498): CodeIgniter\CodeIgniter->createController()
 3 SYSTEMPATH\CodeIgniter.php(354): CodeIgniter\CodeIgniter->handleRequest(null, Object(Config\Cache), false)
 4 SYSTEMPATH\Boot.php(363): CodeIgniter\CodeIgniter->run()
 5 SYSTEMPATH\Boot.php(68): CodeIgniter\Boot::runCodeIgniter(Object(CodeIgniter\CodeIgniter))
 6 FCPATH\index.php(59): CodeIgniter\Boot::bootWeb(Object(Config\Paths))
 7 SYSTEMPATH\rewrite.php(44): require_once('C:\\xampp\\htdocs\\cicemilankayo\\public\\index.php')
WARNING - 2025-12-15 08:36:10 --> [DEPRECATED] Creation of dynamic property App\Controllers\Beranda::$nama is deprecated in APPPATH\Controllers\BaseController.php on line 44.
 1 SYSTEMPATH\CodeIgniter.php(904): App\Controllers\BaseController->initController(Object(CodeIgniter\HTTP\IncomingRequest), Object(CodeIgniter\HTTP\Response), Object(CodeIgniter\Log\Logger))
 2 SYSTEMPATH\CodeIgniter.php(498): CodeIgniter\CodeIgniter->createController()
 3 SYSTEMPATH\CodeIgniter.php(354): CodeIgniter\CodeIgniter->handleRequest(null, Object(Config\Cache), false)
 4 SYSTEMPATH\Boot.php(363): CodeIgniter\CodeIgniter->run()
 5 SYSTEMPATH\Boot.php(68): CodeIgniter\Boot::runCodeIgniter(Object(CodeIgniter\CodeIgniter))
 6 FCPATH\index.php(59): CodeIgniter\Boot::bootWeb(Object(Config\Paths))
 7 SYSTEMPATH\rewrite.php(44): require_once('C:\\xampp\\htdocs\\cicemilankayo\\public\\index.php')
WARNING - 2025-12-15 08:36:15 --> [DEPRECATED] Creation of dynamic property App\Controllers\Beranda::$nama is deprecated in APPPATH\Controllers\BaseController.php on line 44.
 1 SYSTEMPATH\CodeIgniter.php(904): App\Controllers\BaseController->initController(Object(CodeIgniter\HTTP\IncomingRequest), Object(CodeIgniter\HTTP\Response), Object(CodeIgniter\Log\Logger))
 2 SYSTEMPATH\CodeIgniter.php(498): CodeIgniter\CodeIgniter->createController()
 3 SYSTEMPATH\CodeIgniter.php(354): CodeIgniter\CodeIgniter->handleRequest(null, Object(Config\Cache), false)
 4 SYSTEMPATH\Boot.php(363): CodeIgniter\CodeIgniter->run()
 5 SYSTEMPATH\Boot.php(68): CodeIgniter\Boot::runCodeIgniter(Object(CodeIgniter\CodeIgniter))
 6 FCPATH\index.php(59): CodeIgniter\Boot::bootWeb(Object(Config\Paths))
 7 SYSTEMPATH\rewrite.php(44): require_once('C:\\xampp\\htdocs\\cicemilankayo\\public\\index.php')
WARNING - 2025-12-15 08:36:19 --> [DEPRECATED] Creation of dynamic property App\Controllers\Beranda::$nama is deprecated in APPPATH\Controllers\BaseController.php on line 44.
 1 SYSTEMPATH\CodeIgniter.php(904): App\Controllers\BaseController->initController(Object(CodeIgniter\HTTP\IncomingRequest), Object(CodeIgniter\HTTP\Response), Object(CodeIgniter\Log\Logger))
 2 SYSTEMPATH\CodeIgniter.php(498): CodeIgniter\CodeIgniter->createController()
 3 SYSTEMPATH\CodeIgniter.php(354): CodeIgniter\CodeIgniter->handleRequest(null, Object(Config\Cache), false)
 4 SYSTEMPATH\Boot.php(363): CodeIgniter\CodeIgniter->run()
 5 SYSTEMPATH\Boot.php(68): CodeIgniter\Boot::runCodeIgniter(Object(CodeIgniter\CodeIgniter))
 6 FCPATH\index.php(59): CodeIgniter\Boot::bootWeb(Object(Config\Paths))
 7 SYSTEMPATH\rewrite.php(44): require_once('C:\\xampp\\htdocs\\cicemilankayo\\public\\index.php')
WARNING - 2025-12-15 08:38:02 --> [DEPRECATED] Creation of dynamic property App\Controllers\Beranda::$nama is deprecated in APPPATH\Controllers\BaseController.php on line 44.
 1 SYSTEMPATH\CodeIgniter.php(904): App\Controllers\BaseController->initController(Object(CodeIgniter\HTTP\IncomingRequest), Object(CodeIgniter\HTTP\Response), Object(CodeIgniter\Log\Logger))
 2 SYSTEMPATH\CodeIgniter.php(498): CodeIgniter\CodeIgniter->createController()
 3 SYSTEMPATH\CodeIgniter.php(354): CodeIgniter\CodeIgniter->handleRequest(null, Object(Config\Cache), false)
 4 SYSTEMPATH\Boot.php(363): CodeIgniter\CodeIgniter->run()
 5 SYSTEMPATH\Boot.php(68): CodeIgniter\Boot::runCodeIgniter(Object(CodeIgniter\CodeIgniter))
 6 FCPATH\index.php(59): CodeIgniter\Boot::bootWeb(Object(Config\Paths))
 7 SYSTEMPATH\rewrite.php(44): require_once('C:\\xampp\\htdocs\\cicemilankayo\\public\\index.php')
WARNING - 2025-12-15 08:38:05 --> [DEPRECATED] Creation of dynamic property App\Controllers\Beranda::$nama is deprecated in APPPATH\Controllers\BaseController.php on line 44.
 1 SYSTEMPATH\CodeIgniter.php(904): App\Controllers\BaseController->initController(Object(CodeIgniter\HTTP\IncomingRequest), Object(CodeIgniter\HTTP\Response), Object(CodeIgniter\Log\Logger))
 2 SYSTEMPATH\CodeIgniter.php(498): CodeIgniter\CodeIgniter->createController()
 3 SYSTEMPATH\CodeIgniter.php(354): CodeIgniter\CodeIgniter->handleRequest(null, Object(Config\Cache), false)
 4 SYSTEMPATH\Boot.php(363): CodeIgniter\CodeIgniter->run()
 5 SYSTEMPATH\Boot.php(68): CodeIgniter\Boot::runCodeIgniter(Object(CodeIgniter\CodeIgniter))
 6 FCPATH\index.php(59): CodeIgniter\Boot::bootWeb(Object(Config\Paths))
 7 SYSTEMPATH\rewrite.php(44): require_once('C:\\xampp\\htdocs\\cicemilankayo\\public\\index.php')
WARNING - 2025-12-15 08:38:06 --> [DEPRECATED] Creation of dynamic property App\Controllers\Layanan::$nama is deprecated in APPPATH\Controllers\BaseController.php on line 44.
 1 SYSTEMPATH\CodeIgniter.php(904): App\Controllers\BaseController->initController(Object(CodeIgniter\HTTP\IncomingRequest), Object(CodeIgniter\HTTP\Response), Object(CodeIgniter\Log\Logger))
 2 SYSTEMPATH\CodeIgniter.php(498): CodeIgniter\CodeIgniter->createController()
 3 SYSTEMPATH\CodeIgniter.php(354): CodeIgniter\CodeIgniter->handleRequest(null, Object(Config\Cache), false)
 4 SYSTEMPATH\Boot.php(363): CodeIgniter\CodeIgniter->run()
 5 SYSTEMPATH\Boot.php(68): CodeIgniter\Boot::runCodeIgniter(Object(CodeIgniter\CodeIgniter))
 6 FCPATH\index.php(59): CodeIgniter\Boot::bootWeb(Object(Config\Paths))
 7 SYSTEMPATH\rewrite.php(44): require_once('C:\\xampp\\htdocs\\cicemilankayo\\public\\index.php')
WARNING - 2025-12-15 08:38:06 --> [DEPRECATED] Creation of dynamic property App\Controllers\Portofolio::$nama is deprecated in APPPATH\Controllers\BaseController.php on line 44.
 1 SYSTEMPATH\CodeIgniter.php(904): App\Controllers\BaseController->initController(Object(CodeIgniter\HTTP\IncomingRequest), Object(CodeIgniter\HTTP\Response), Object(CodeIgniter\Log\Logger))
 2 SYSTEMPATH\CodeIgniter.php(498): CodeIgniter\CodeIgniter->createController()
 3 SYSTEMPATH\CodeIgniter.php(354): CodeIgniter\CodeIgniter->handleRequest(null, Object(Config\Cache), false)
 4 SYSTEMPATH\Boot.php(363): CodeIgniter\CodeIgniter->run()
 5 SYSTEMPATH\Boot.php(68): CodeIgniter\Boot::runCodeIgniter(Object(CodeIgniter\CodeIgniter))
 6 FCPATH\index.php(59): CodeIgniter\Boot::bootWeb(Object(Config\Paths))
 7 SYSTEMPATH\rewrite.php(44): require_once('C:\\xampp\\htdocs\\cicemilankayo\\public\\index.php')
WARNING - 2025-12-15 08:38:08 --> [DEPRECATED] Creation of dynamic property App\Controllers\Portofolio::$nama is deprecated in APPPATH\Controllers\BaseController.php on line 44.
 1 SYSTEMPATH\CodeIgniter.php(904): App\Controllers\BaseController->initController(Object(CodeIgniter\HTTP\IncomingRequest), Object(CodeIgniter\HTTP\Response), Object(CodeIgniter\Log\Logger))
 2 SYSTEMPATH\CodeIgniter.php(498): CodeIgniter\CodeIgniter->createController()
 3 SYSTEMPATH\CodeIgniter.php(354): CodeIgniter\CodeIgniter->handleRequest(null, Object(Config\Cache), false)
 4 SYSTEMPATH\Boot.php(363): CodeIgniter\CodeIgniter->run()
 5 SYSTEMPATH\Boot.php(68): CodeIgniter\Boot::runCodeIgniter(Object(CodeIgniter\CodeIgniter))
 6 FCPATH\index.php(59): CodeIgniter\Boot::bootWeb(Object(Config\Paths))
 7 SYSTEMPATH\rewrite.php(44): require_once('C:\\xampp\\htdocs\\cicemilankayo\\public\\index.php')
WARNING - 2025-12-15 08:38:09 --> [DEPRECATED] Creation of dynamic property App\Controllers\Layanan::$nama is deprecated in APPPATH\Controllers\BaseController.php on line 44.
 1 SYSTEMPATH\CodeIgniter.php(904): App\Controllers\BaseController->initController(Object(CodeIgniter\HTTP\IncomingRequest), Object(CodeIgniter\HTTP\Response), Object(CodeIgniter\Log\Logger))
 2 SYSTEMPATH\CodeIgniter.php(498): CodeIgniter\CodeIgniter->createController()
 3 SYSTEMPATH\CodeIgniter.php(354): CodeIgniter\CodeIgniter->handleRequest(null, Object(Config\Cache), false)
 4 SYSTEMPATH\Boot.php(363): CodeIgniter\CodeIgniter->run()
 5 SYSTEMPATH\Boot.php(68): CodeIgniter\Boot::runCodeIgniter(Object(CodeIgniter\CodeIgniter))
 6 FCPATH\index.php(59): CodeIgniter\Boot::bootWeb(Object(Config\Paths))
 7 SYSTEMPATH\rewrite.php(44): require_once('C:\\xampp\\htdocs\\cicemilankayo\\public\\index.php')
WARNING - 2025-12-15 08:38:09 --> [DEPRECATED] Creation of dynamic property App\Controllers\Beranda::$nama is deprecated in APPPATH\Controllers\BaseController.php on line 44.
 1 SYSTEMPATH\CodeIgniter.php(904): App\Controllers\BaseController->initController(Object(CodeIgniter\HTTP\IncomingRequest), Object(CodeIgniter\HTTP\Response), Object(CodeIgniter\Log\Logger))
 2 SYSTEMPATH\CodeIgniter.php(498): CodeIgniter\CodeIgniter->createController()
 3 SYSTEMPATH\CodeIgniter.php(354): CodeIgniter\CodeIgniter->handleRequest(null, Object(Config\Cache), false)
 4 SYSTEMPATH\Boot.php(363): CodeIgniter\CodeIgniter->run()
 5 SYSTEMPATH\Boot.php(68): CodeIgniter\Boot::runCodeIgniter(Object(CodeIgniter\CodeIgniter))
 6 FCPATH\index.php(59): CodeIgniter\Boot::bootWeb(Object(Config\Paths))
 7 SYSTEMPATH\rewrite.php(44): require_once('C:\\xampp\\htdocs\\cicemilankayo\\public\\index.php')
WARNING - 2025-12-15 09:01:18 --> [DEPRECATED] Creation of dynamic property App\Controllers\Home::$nama is deprecated in APPPATH\Controllers\BaseController.php on line 44.
 1 SYSTEMPATH\CodeIgniter.php(904): App\Controllers\BaseController->initController(Object(CodeIgniter\HTTP\IncomingRequest), Object(CodeIgniter\HTTP\Response), Object(CodeIgniter\Log\Logger))
 2 SYSTEMPATH\CodeIgniter.php(498): CodeIgniter\CodeIgniter->createController()
 3 SYSTEMPATH\CodeIgniter.php(354): CodeIgniter\CodeIgniter->handleRequest(null, Object(Config\Cache), false)
 4 SYSTEMPATH\Boot.php(363): CodeIgniter\CodeIgniter->run()
 5 SYSTEMPATH\Boot.php(68): CodeIgniter\Boot::runCodeIgniter(Object(CodeIgniter\CodeIgniter))
 6 FCPATH\index.php(59): CodeIgniter\Boot::bootWeb(Object(Config\Paths))
 7 SYSTEMPATH\rewrite.php(44): require_once('C:\\xampp\\htdocs\\cicemilankayo\\public\\index.php')
WARNING - 2025-12-15 09:01:20 --> [DEPRECATED] Creation of dynamic property App\Controllers\Home::$nama is deprecated in APPPATH\Controllers\BaseController.php on line 44.
 1 SYSTEMPATH\CodeIgniter.php(904): App\Controllers\BaseController->initController(Object(CodeIgniter\HTTP\IncomingRequest), Object(CodeIgniter\HTTP\Response), Object(CodeIgniter\Log\Logger))
 2 SYSTEMPATH\CodeIgniter.php(498): CodeIgniter\CodeIgniter->createController()
 3 SYSTEMPATH\CodeIgniter.php(354): CodeIgniter\CodeIgniter->handleRequest(null, Object(Config\Cache), false)
 4 SYSTEMPATH\Boot.php(363): CodeIgniter\CodeIgniter->run()
 5 SYSTEMPATH\Boot.php(68): CodeIgniter\Boot::runCodeIgniter(Object(CodeIgniter\CodeIgniter))
 6 FCPATH\index.php(59): CodeIgniter\Boot::bootWeb(Object(Config\Paths))
 7 SYSTEMPATH\rewrite.php(44): require_once('C:\\xampp\\htdocs\\cicemilankayo\\public\\index.php')
WARNING - 2025-12-15 09:01:21 --> [DEPRECATED] Creation of dynamic property App\Controllers\Beranda::$nama is deprecated in APPPATH\Controllers\BaseController.php on line 44.
 1 SYSTEMPATH\CodeIgniter.php(904): App\Controllers\BaseController->initController(Object(CodeIgniter\HTTP\IncomingRequest), Object(CodeIgniter\HTTP\Response), Object(CodeIgniter\Log\Logger))
 2 SYSTEMPATH\CodeIgniter.php(498): CodeIgniter\CodeIgniter->createController()
 3 SYSTEMPATH\CodeIgniter.php(354): CodeIgniter\CodeIgniter->handleRequest(null, Object(Config\Cache), false)
 4 SYSTEMPATH\Boot.php(363): CodeIgniter\CodeIgniter->run()
 5 SYSTEMPATH\Boot.php(68): CodeIgniter\Boot::runCodeIgniter(Object(CodeIgniter\CodeIgniter))
 6 FCPATH\index.php(59): CodeIgniter\Boot::bootWeb(Object(Config\Paths))
 7 SYSTEMPATH\rewrite.php(44): require_once('C:\\xampp\\htdocs\\cicemilankayo\\public\\index.php')
WARNING - 2025-12-15 09:01:23 --> [DEPRECATED] Creation of dynamic property App\Controllers\Layanan::$nama is deprecated in APPPATH\Controllers\BaseController.php on line 44.
 1 SYSTEMPATH\CodeIgniter.php(904): App\Controllers\BaseController->initController(Object(CodeIgniter\HTTP\IncomingRequest), Object(CodeIgniter\HTTP\Response), Object(CodeIgniter\Log\Logger))
 2 SYSTEMPATH\CodeIgniter.php(498): CodeIgniter\CodeIgniter->createController()
 3 SYSTEMPATH\CodeIgniter.php(354): CodeIgniter\CodeIgniter->handleRequest(null, Object(Config\Cache), false)
 4 SYSTEMPATH\Boot.php(363): CodeIgniter\CodeIgniter->run()
 5 SYSTEMPATH\Boot.php(68): CodeIgniter\Boot::runCodeIgniter(Object(CodeIgniter\CodeIgniter))
 6 FCPATH\index.php(59): CodeIgniter\Boot::bootWeb(Object(Config\Paths))
 7 SYSTEMPATH\rewrite.php(44): require_once('C:\\xampp\\htdocs\\cicemilankayo\\public\\index.php')
WARNING - 2025-12-15 09:01:24 --> [DEPRECATED] Creation of dynamic property App\Controllers\Portofolio::$nama is deprecated in APPPATH\Controllers\BaseController.php on line 44.
 1 SYSTEMPATH\CodeIgniter.php(904): App\Controllers\BaseController->initController(Object(CodeIgniter\HTTP\IncomingRequest), Object(CodeIgniter\HTTP\Response), Object(CodeIgniter\Log\Logger))
 2 SYSTEMPATH\CodeIgniter.php(498): CodeIgniter\CodeIgniter->createController()
 3 SYSTEMPATH\CodeIgniter.php(354): CodeIgniter\CodeIgniter->handleRequest(null, Object(Config\Cache), false)
 4 SYSTEMPATH\Boot.php(363): CodeIgniter\CodeIgniter->run()
 5 SYSTEMPATH\Boot.php(68): CodeIgniter\Boot::runCodeIgniter(Object(CodeIgniter\CodeIgniter))
 6 FCPATH\index.php(59): CodeIgniter\Boot::bootWeb(Object(Config\Paths))
 7 SYSTEMPATH\rewrite.php(44): require_once('C:\\xampp\\htdocs\\cicemilankayo\\public\\index.php')
WARNING - 2025-12-15 09:01:25 --> [DEPRECATED] Creation of dynamic property App\Controllers\Layanan::$nama is deprecated in APPPATH\Controllers\BaseController.php on line 44.
 1 SYSTEMPATH\CodeIgniter.php(904): App\Controllers\BaseController->initController(Object(CodeIgniter\HTTP\IncomingRequest), Object(CodeIgniter\HTTP\Response), Object(CodeIgniter\Log\Logger))
 2 SYSTEMPATH\CodeIgniter.php(498): CodeIgniter\CodeIgniter->createController()
 3 SYSTEMPATH\CodeIgniter.php(354): CodeIgniter\CodeIgniter->handleRequest(null, Object(Config\Cache), false)
 4 SYSTEMPATH\Boot.php(363): CodeIgniter\CodeIgniter->run()
 5 SYSTEMPATH\Boot.php(68): CodeIgniter\Boot::runCodeIgniter(Object(CodeIgniter\CodeIgniter))
 6 FCPATH\index.php(59): CodeIgniter\Boot::bootWeb(Object(Config\Paths))
 7 SYSTEMPATH\rewrite.php(44): require_once('C:\\xampp\\htdocs\\cicemilankayo\\public\\index.php')
WARNING - 2025-12-15 09:01:25 --> [DEPRECATED] Creation of dynamic property App\Controllers\Beranda::$nama is deprecated in APPPATH\Controllers\BaseController.php on line 44.
 1 SYSTEMPATH\CodeIgniter.php(904): App\Controllers\BaseController->initController(Object(CodeIgniter\HTTP\IncomingRequest), Object(CodeIgniter\HTTP\Response), Object(CodeIgniter\Log\Logger))
 2 SYSTEMPATH\CodeIgniter.php(498): CodeIgniter\CodeIgniter->createController()
 3 SYSTEMPATH\CodeIgniter.php(354): CodeIgniter\CodeIgniter->handleRequest(null, Object(Config\Cache), false)
 4 SYSTEMPATH\Boot.php(363): CodeIgniter\CodeIgniter->run()
 5 SYSTEMPATH\Boot.php(68): CodeIgniter\Boot::runCodeIgniter(Object(CodeIgniter\CodeIgniter))
 6 FCPATH\index.php(59): CodeIgniter\Boot::bootWeb(Object(Config\Paths))
 7 SYSTEMPATH\rewrite.php(44): require_once('C:\\xampp\\htdocs\\cicemilankayo\\public\\index.php')
WARNING - 2025-12-15 09:01:26 --> [DEPRECATED] Creation of dynamic property App\Controllers\Home::$nama is deprecated in APPPATH\Controllers\BaseController.php on line 44.
 1 SYSTEMPATH\CodeIgniter.php(904): App\Controllers\BaseController->initController(Object(CodeIgniter\HTTP\IncomingRequest), Object(CodeIgniter\HTTP\Response), Object(CodeIgniter\Log\Logger))
 2 SYSTEMPATH\CodeIgniter.php(498): CodeIgniter\CodeIgniter->createController()
 3 SYSTEMPATH\CodeIgniter.php(354): CodeIgniter\CodeIgniter->handleRequest(null, Object(Config\Cache), false)
 4 SYSTEMPATH\Boot.php(363): CodeIgniter\CodeIgniter->run()
 5 SYSTEMPATH\Boot.php(68): CodeIgniter\Boot::runCodeIgniter(Object(CodeIgniter\CodeIgniter))
 6 FCPATH\index.php(59): CodeIgniter\Boot::bootWeb(Object(Config\Paths))
 7 SYSTEMPATH\rewrite.php(44): require_once('C:\\xampp\\htdocs\\cicemilankayo\\public\\index.php')
WARNING - 2025-12-15 09:05:42 --> [DEPRECATED] Creation of dynamic property App\Controllers\Home::$nama is deprecated in APPPATH\Controllers\BaseController.php on line 44.
 1 SYSTEMPATH\CodeIgniter.php(904): App\Controllers\BaseController->initController(Object(CodeIgniter\HTTP\IncomingRequest), Object(CodeIgniter\HTTP\Response), Object(CodeIgniter\Log\Logger))
 2 SYSTEMPATH\CodeIgniter.php(498): CodeIgniter\CodeIgniter->createController()
 3 SYSTEMPATH\CodeIgniter.php(354): CodeIgniter\CodeIgniter->handleRequest(null, Object(Config\Cache), false)
 4 SYSTEMPATH\Boot.php(363): CodeIgniter\CodeIgniter->run()
 5 SYSTEMPATH\Boot.php(68): CodeIgniter\Boot::runCodeIgniter(Object(CodeIgniter\CodeIgniter))
 6 FCPATH\index.php(59): CodeIgniter\Boot::bootWeb(Object(Config\Paths))
 7 SYSTEMPATH\rewrite.php(44): require_once('C:\\xampp\\htdocs\\cicemilankayo\\public\\index.php')
WARNING - 2025-12-15 09:06:37 --> [DEPRECATED] Creation of dynamic property App\Controllers\Home::$nama is deprecated in APPPATH\Controllers\BaseController.php on line 44.
 1 SYSTEMPATH\CodeIgniter.php(904): App\Controllers\BaseController->initController(Object(CodeIgniter\HTTP\IncomingRequest), Object(CodeIgniter\HTTP\Response), Object(CodeIgniter\Log\Logger))
 2 SYSTEMPATH\CodeIgniter.php(498): CodeIgniter\CodeIgniter->createController()
 3 SYSTEMPATH\CodeIgniter.php(354): CodeIgniter\CodeIgniter->handleRequest(null, Object(Config\Cache), false)
 4 SYSTEMPATH\Boot.php(363): CodeIgniter\CodeIgniter->run()
 5 SYSTEMPATH\Boot.php(68): CodeIgniter\Boot::runCodeIgniter(Object(CodeIgniter\CodeIgniter))
 6 FCPATH\index.php(59): CodeIgniter\Boot::bootWeb(Object(Config\Paths))
 7 SYSTEMPATH\rewrite.php(44): require_once('C:\\xampp\\htdocs\\cicemilankayo\\public\\index.php')
WARNING - 2025-12-15 09:07:01 --> [DEPRECATED] Creation of dynamic property App\Controllers\Portofolio::$nama is deprecated in APPPATH\Controllers\BaseController.php on line 44.
 1 SYSTEMPATH\CodeIgniter.php(904): App\Controllers\BaseController->initController(Object(CodeIgniter\HTTP\IncomingRequest), Object(CodeIgniter\HTTP\Response), Object(CodeIgniter\Log\Logger))
 2 SYSTEMPATH\CodeIgniter.php(498): CodeIgniter\CodeIgniter->createController()
 3 SYSTEMPATH\CodeIgniter.php(354): CodeIgniter\CodeIgniter->handleRequest(null, Object(Config\Cache), false)
 4 SYSTEMPATH\Boot.php(363): CodeIgniter\CodeIgniter->run()
 5 SYSTEMPATH\Boot.php(68): CodeIgniter\Boot::runCodeIgniter(Object(CodeIgniter\CodeIgniter))
 6 FCPATH\index.php(59): CodeIgniter\Boot::bootWeb(Object(Config\Paths))
 7 SYSTEMPATH\rewrite.php(44): require_once('C:\\xampp\\htdocs\\cicemilankayo\\public\\index.php')
WARNING - 2025-12-15 09:07:03 --> [DEPRECATED] Creation of dynamic property App\Controllers\Layanan::$nama is deprecated in APPPATH\Controllers\BaseController.php on line 44.
 1 SYSTEMPATH\CodeIgniter.php(904): App\Controllers\BaseController->initController(Object(CodeIgniter\HTTP\IncomingRequest), Object(CodeIgniter\HTTP\Response), Object(CodeIgniter\Log\Logger))
 2 SYSTEMPATH\CodeIgniter.php(498): CodeIgniter\CodeIgniter->createController()
 3 SYSTEMPATH\CodeIgniter.php(354): CodeIgniter\CodeIgniter->handleRequest(null, Object(Config\Cache), false)
 4 SYSTEMPATH\Boot.php(363): CodeIgniter\CodeIgniter->run()
 5 SYSTEMPATH\Boot.php(68): CodeIgniter\Boot::runCodeIgniter(Object(CodeIgniter\CodeIgniter))
 6 FCPATH\index.php(59): CodeIgniter\Boot::bootWeb(Object(Config\Paths))
 7 SYSTEMPATH\rewrite.php(44): require_once('C:\\xampp\\htdocs\\cicemilankayo\\public\\index.php')
WARNING - 2025-12-15 09:07:04 --> [DEPRECATED] Creation of dynamic property App\Controllers\Beranda::$nama is deprecated in APPPATH\Controllers\BaseController.php on line 44.
 1 SYSTEMPATH\CodeIgniter.php(904): App\Controllers\BaseController->initController(Object(CodeIgniter\HTTP\IncomingRequest), Object(CodeIgniter\HTTP\Response), Object(CodeIgniter\Log\Logger))
 2 SYSTEMPATH\CodeIgniter.php(498): CodeIgniter\CodeIgniter->createController()
 3 SYSTEMPATH\CodeIgniter.php(354): CodeIgniter\CodeIgniter->handleRequest(null, Object(Config\Cache), false)
 4 SYSTEMPATH\Boot.php(363): CodeIgniter\CodeIgniter->run()
 5 SYSTEMPATH\Boot.php(68): CodeIgniter\Boot::runCodeIgniter(Object(CodeIgniter\CodeIgniter))
 6 FCPATH\index.php(59): CodeIgniter\Boot::bootWeb(Object(Config\Paths))
 7 SYSTEMPATH\rewrite.php(44): require_once('C:\\xampp\\htdocs\\cicemilankayo\\public\\index.php')
WARNING - 2025-12-15 09:07:47 --> [DEPRECATED] Creation of dynamic property App\Controllers\Beranda::$nama is deprecated in APPPATH\Controllers\BaseController.php on line 44.
 1 SYSTEMPATH\CodeIgniter.php(904): App\Controllers\BaseController->initController(Object(CodeIgniter\HTTP\IncomingRequest), Object(CodeIgniter\HTTP\Response), Object(CodeIgniter\Log\Logger))
 2 SYSTEMPATH\CodeIgniter.php(498): CodeIgniter\CodeIgniter->createController()
 3 SYSTEMPATH\CodeIgniter.php(354): CodeIgniter\CodeIgniter->handleRequest(null, Object(Config\Cache), false)
 4 SYSTEMPATH\Boot.php(363): CodeIgniter\CodeIgniter->run()
 5 SYSTEMPATH\Boot.php(68): CodeIgniter\Boot::runCodeIgniter(Object(CodeIgniter\CodeIgniter))
 6 FCPATH\index.php(59): CodeIgniter\Boot::bootWeb(Object(Config\Paths))
 7 SYSTEMPATH\rewrite.php(44): require_once('C:\\xampp\\htdocs\\cicemilankayo\\public\\index.php')
WARNING - 2025-12-15 09:07:49 --> [DEPRECATED] Creation of dynamic property App\Controllers\Beranda::$nama is deprecated in APPPATH\Controllers\BaseController.php on line 44.
 1 SYSTEMPATH\CodeIgniter.php(904): App\Controllers\BaseController->initController(Object(CodeIgniter\HTTP\IncomingRequest), Object(CodeIgniter\HTTP\Response), Object(CodeIgniter\Log\Logger))
 2 SYSTEMPATH\CodeIgniter.php(498): CodeIgniter\CodeIgniter->createController()
 3 SYSTEMPATH\CodeIgniter.php(354): CodeIgniter\CodeIgniter->handleRequest(null, Object(Config\Cache), false)
 4 SYSTEMPATH\Boot.php(363): CodeIgniter\CodeIgniter->run()
 5 SYSTEMPATH\Boot.php(68): CodeIgniter\Boot::runCodeIgniter(Object(CodeIgniter\CodeIgniter))
 6 FCPATH\index.php(59): CodeIgniter\Boot::bootWeb(Object(Config\Paths))
 7 SYSTEMPATH\rewrite.php(44): require_once('C:\\xampp\\htdocs\\cicemilankayo\\public\\index.php')
WARNING - 2025-12-15 09:07:50 --> [DEPRECATED] Creation of dynamic property App\Controllers\Home::$nama is deprecated in APPPATH\Controllers\BaseController.php on line 44.
 1 SYSTEMPATH\CodeIgniter.php(904): App\Controllers\BaseController->initController(Object(CodeIgniter\HTTP\IncomingRequest), Object(CodeIgniter\HTTP\Response), Object(CodeIgniter\Log\Logger))
 2 SYSTEMPATH\CodeIgniter.php(498): CodeIgniter\CodeIgniter->createController()
 3 SYSTEMPATH\CodeIgniter.php(354): CodeIgniter\CodeIgniter->handleRequest(null, Object(Config\Cache), false)
 4 SYSTEMPATH\Boot.php(363): CodeIgniter\CodeIgniter->run()
 5 SYSTEMPATH\Boot.php(68): CodeIgniter\Boot::runCodeIgniter(Object(CodeIgniter\CodeIgniter))
 6 FCPATH\index.php(59): CodeIgniter\Boot::bootWeb(Object(Config\Paths))
 7 SYSTEMPATH\rewrite.php(44): require_once('C:\\xampp\\htdocs\\cicemilankayo\\public\\index.php')
WARNING - 2025-12-15 09:07:51 --> [DEPRECATED] Creation of dynamic property App\Controllers\Layanan::$nama is deprecated in APPPATH\Controllers\BaseController.php on line 44.
 1 SYSTEMPATH\CodeIgniter.php(904): App\Controllers\BaseController->initController(Object(CodeIgniter\HTTP\IncomingRequest), Object(CodeIgniter\HTTP\Response), Object(CodeIgniter\Log\Logger))
 2 SYSTEMPATH\CodeIgniter.php(498): CodeIgniter\CodeIgniter->createController()
 3 SYSTEMPATH\CodeIgniter.php(354): CodeIgniter\CodeIgniter->handleRequest(null, Object(Config\Cache), false)
 4 SYSTEMPATH\Boot.php(363): CodeIgniter\CodeIgniter->run()
 5 SYSTEMPATH\Boot.php(68): CodeIgniter\Boot::runCodeIgniter(Object(CodeIgniter\CodeIgniter))
 6 FCPATH\index.php(59): CodeIgniter\Boot::bootWeb(Object(Config\Paths))
 7 SYSTEMPATH\rewrite.php(44): require_once('C:\\xampp\\htdocs\\cicemilankayo\\public\\index.php')
WARNING - 2025-12-15 09:07:52 --> [DEPRECATED] Creation of dynamic property App\Controllers\Beranda::$nama is deprecated in APPPATH\Controllers\BaseController.php on line 44.
 1 SYSTEMPATH\CodeIgniter.php(904): App\Controllers\BaseController->initController(Object(CodeIgniter\HTTP\IncomingRequest), Object(CodeIgniter\HTTP\Response), Object(CodeIgniter\Log\Logger))
 2 SYSTEMPATH\CodeIgniter.php(498): CodeIgniter\CodeIgniter->createController()
 3 SYSTEMPATH\CodeIgniter.php(354): CodeIgniter\CodeIgniter->handleRequest(null, Object(Config\Cache), false)
 4 SYSTEMPATH\Boot.php(363): CodeIgniter\CodeIgniter->run()
 5 SYSTEMPATH\Boot.php(68): CodeIgniter\Boot::runCodeIgniter(Object(CodeIgniter\CodeIgniter))
 6 FCPATH\index.php(59): CodeIgniter\Boot::bootWeb(Object(Config\Paths))
 7 SYSTEMPATH\rewrite.php(44): require_once('C:\\xampp\\htdocs\\cicemilankayo\\public\\index.php')
WARNING - 2025-12-15 09:08:28 --> [DEPRECATED] Creation of dynamic property App\Controllers\Beranda::$nama is deprecated in APPPATH\Controllers\BaseController.php on line 44.
 1 SYSTEMPATH\CodeIgniter.php(904): App\Controllers\BaseController->initController(Object(CodeIgniter\HTTP\IncomingRequest), Object(CodeIgniter\HTTP\Response), Object(CodeIgniter\Log\Logger))
 2 SYSTEMPATH\CodeIgniter.php(498): CodeIgniter\CodeIgniter->createController()
 3 SYSTEMPATH\CodeIgniter.php(354): CodeIgniter\CodeIgniter->handleRequest(null, Object(Config\Cache), false)
 4 SYSTEMPATH\Boot.php(363): CodeIgniter\CodeIgniter->run()
 5 SYSTEMPATH\Boot.php(68): CodeIgniter\Boot::runCodeIgniter(Object(CodeIgniter\CodeIgniter))
 6 FCPATH\index.php(59): CodeIgniter\Boot::bootWeb(Object(Config\Paths))
 7 SYSTEMPATH\rewrite.php(44): require_once('C:\\xampp\\htdocs\\cicemilankayo\\public\\index.php')
WARNING - 2025-12-15 09:08:29 --> [DEPRECATED] Creation of dynamic property App\Controllers\Home::$nama is deprecated in APPPATH\Controllers\BaseController.php on line 44.
 1 SYSTEMPATH\CodeIgniter.php(904): App\Controllers\BaseController->initController(Object(CodeIgniter\HTTP\IncomingRequest), Object(CodeIgniter\HTTP\Response), Object(CodeIgniter\Log\Logger))
 2 SYSTEMPATH\CodeIgniter.php(498): CodeIgniter\CodeIgniter->createController()
 3 SYSTEMPATH\CodeIgniter.php(354): CodeIgniter\CodeIgniter->handleRequest(null, Object(Config\Cache), false)
 4 SYSTEMPATH\Boot.php(363): CodeIgniter\CodeIgniter->run()
 5 SYSTEMPATH\Boot.php(68): CodeIgniter\Boot::runCodeIgniter(Object(CodeIgniter\CodeIgniter))
 6 FCPATH\index.php(59): CodeIgniter\Boot::bootWeb(Object(Config\Paths))
 7 SYSTEMPATH\rewrite.php(44): require_once('C:\\xampp\\htdocs\\cicemilankayo\\public\\index.php')
WARNING - 2025-12-15 09:08:36 --> [DEPRECATED] Creation of dynamic property App\Controllers\Beranda::$nama is deprecated in APPPATH\Controllers\BaseController.php on line 44.
 1 SYSTEMPATH\CodeIgniter.php(904): App\Controllers\BaseController->initController(Object(CodeIgniter\HTTP\IncomingRequest), Object(CodeIgniter\HTTP\Response), Object(CodeIgniter\Log\Logger))
 2 SYSTEMPATH\CodeIgniter.php(498): CodeIgniter\CodeIgniter->createController()
 3 SYSTEMPATH\CodeIgniter.php(354): CodeIgniter\CodeIgniter->handleRequest(null, Object(Config\Cache), false)
 4 SYSTEMPATH\Boot.php(363): CodeIgniter\CodeIgniter->run()
 5 SYSTEMPATH\Boot.php(68): CodeIgniter\Boot::runCodeIgniter(Object(CodeIgniter\CodeIgniter))
 6 FCPATH\index.php(59): CodeIgniter\Boot::bootWeb(Object(Config\Paths))
 7 SYSTEMPATH\rewrite.php(44): require_once('C:\\xampp\\htdocs\\cicemilankayo\\public\\index.php')
WARNING - 2025-12-15 09:13:17 --> [DEPRECATED] Creation of dynamic property App\Controllers\Beranda::$nama is deprecated in APPPATH\Controllers\BaseController.php on line 44.
 1 SYSTEMPATH\CodeIgniter.php(904): App\Controllers\BaseController->initController(Object(CodeIgniter\HTTP\IncomingRequest), Object(CodeIgniter\HTTP\Response), Object(CodeIgniter\Log\Logger))
 2 SYSTEMPATH\CodeIgniter.php(498): CodeIgniter\CodeIgniter->createController()
 3 SYSTEMPATH\CodeIgniter.php(354): CodeIgniter\CodeIgniter->handleRequest(null, Object(Config\Cache), false)
 4 SYSTEMPATH\Boot.php(363): CodeIgniter\CodeIgniter->run()
 5 SYSTEMPATH\Boot.php(68): CodeIgniter\Boot::runCodeIgniter(Object(CodeIgniter\CodeIgniter))
 6 FCPATH\index.php(59): CodeIgniter\Boot::bootWeb(Object(Config\Paths))
 7 SYSTEMPATH\rewrite.php(44): require_once('C:\\xampp\\htdocs\\cicemilankayo\\public\\index.php')
WARNING - 2025-12-15 09:14:15 --> [DEPRECATED] Creation of dynamic property App\Controllers\Beranda::$nama is deprecated in APPPATH\Controllers\BaseController.php on line 44.
 1 SYSTEMPATH\CodeIgniter.php(904): App\Controllers\BaseController->initController(Object(CodeIgniter\HTTP\IncomingRequest), Object(CodeIgniter\HTTP\Response), Object(CodeIgniter\Log\Logger))
 2 SYSTEMPATH\CodeIgniter.php(498): CodeIgniter\CodeIgniter->createController()
 3 SYSTEMPATH\CodeIgniter.php(354): CodeIgniter\CodeIgniter->handleRequest(null, Object(Config\Cache), false)
 4 SYSTEMPATH\Boot.php(363): CodeIgniter\CodeIgniter->run()
 5 SYSTEMPATH\Boot.php(68): CodeIgniter\Boot::runCodeIgniter(Object(CodeIgniter\CodeIgniter))
 6 FCPATH\index.php(59): CodeIgniter\Boot::bootWeb(Object(Config\Paths))
 7 SYSTEMPATH\rewrite.php(44): require_once('C:\\xampp\\htdocs\\cicemilankayo\\public\\index.php')
WARNING - 2025-12-15 09:14:58 --> [DEPRECATED] Creation of dynamic property App\Controllers\Beranda::$nama is deprecated in APPPATH\Controllers\BaseController.php on line 44.
 1 SYSTEMPATH\CodeIgniter.php(904): App\Controllers\BaseController->initController(Object(CodeIgniter\HTTP\IncomingRequest), Object(CodeIgniter\HTTP\Response), Object(CodeIgniter\Log\Logger))
 2 SYSTEMPATH\CodeIgniter.php(498): CodeIgniter\CodeIgniter->createController()
 3 SYSTEMPATH\CodeIgniter.php(354): CodeIgniter\CodeIgniter->handleRequest(null, Object(Config\Cache), false)
 4 SYSTEMPATH\Boot.php(363): CodeIgniter\CodeIgniter->run()
 5 SYSTEMPATH\Boot.php(68): CodeIgniter\Boot::runCodeIgniter(Object(CodeIgniter\CodeIgniter))
 6 FCPATH\index.php(59): CodeIgniter\Boot::bootWeb(Object(Config\Paths))
 7 SYSTEMPATH\rewrite.php(44): require_once('C:\\xampp\\htdocs\\cicemilankayo\\public\\index.php')
WARNING - 2025-12-15 09:31:20 --> [DEPRECATED] Creation of dynamic property App\Controllers\Beranda::$nama is deprecated in APPPATH\Controllers\BaseController.php on line 44.
 1 SYSTEMPATH\CodeIgniter.php(904): App\Controllers\BaseController->initController(Object(CodeIgniter\HTTP\IncomingRequest), Object(CodeIgniter\HTTP\Response), Object(CodeIgniter\Log\Logger))
 2 SYSTEMPATH\CodeIgniter.php(498): CodeIgniter\CodeIgniter->createController()
 3 SYSTEMPATH\CodeIgniter.php(354): CodeIgniter\CodeIgniter->handleRequest(null, Object(Config\Cache), false)
 4 SYSTEMPATH\Boot.php(363): CodeIgniter\CodeIgniter->run()
 5 SYSTEMPATH\Boot.php(68): CodeIgniter\Boot::runCodeIgniter(Object(CodeIgniter\CodeIgniter))
 6 FCPATH\index.php(59): CodeIgniter\Boot::bootWeb(Object(Config\Paths))
 7 SYSTEMPATH\rewrite.php(44): require_once('C:\\xampp\\htdocs\\cicemilankayo\\public\\index.php')
WARNING - 2025-12-15 09:31:23 --> [DEPRECATED] Creation of dynamic property App\Controllers\Layanan::$nama is deprecated in APPPATH\Controllers\BaseController.php on line 44.
 1 SYSTEMPATH\CodeIgniter.php(904): App\Controllers\BaseController->initController(Object(CodeIgniter\HTTP\IncomingRequest), Object(CodeIgniter\HTTP\Response), Object(CodeIgniter\Log\Logger))
 2 SYSTEMPATH\CodeIgniter.php(498): CodeIgniter\CodeIgniter->createController()
 3 SYSTEMPATH\CodeIgniter.php(354): CodeIgniter\CodeIgniter->handleRequest(null, Object(Config\Cache), false)
 4 SYSTEMPATH\Boot.php(363): CodeIgniter\CodeIgniter->run()
 5 SYSTEMPATH\Boot.php(68): CodeIgniter\Boot::runCodeIgniter(Object(CodeIgniter\CodeIgniter))
 6 FCPATH\index.php(59): CodeIgniter\Boot::bootWeb(Object(Config\Paths))
 7 SYSTEMPATH\rewrite.php(44): require_once('C:\\xampp\\htdocs\\cicemilankayo\\public\\index.php')
WARNING - 2025-12-15 09:31:24 --> [DEPRECATED] Creation of dynamic property App\Controllers\Portofolio::$nama is deprecated in APPPATH\Controllers\BaseController.php on line 44.
 1 SYSTEMPATH\CodeIgniter.php(904): App\Controllers\BaseController->initController(Object(CodeIgniter\HTTP\IncomingRequest), Object(CodeIgniter\HTTP\Response), Object(CodeIgniter\Log\Logger))
 2 SYSTEMPATH\CodeIgniter.php(498): CodeIgniter\CodeIgniter->createController()
 3 SYSTEMPATH\CodeIgniter.php(354): CodeIgniter\CodeIgniter->handleRequest(null, Object(Config\Cache), false)
 4 SYSTEMPATH\Boot.php(363): CodeIgniter\CodeIgniter->run()
 5 SYSTEMPATH\Boot.php(68): CodeIgniter\Boot::runCodeIgniter(Object(CodeIgniter\CodeIgniter))
 6 FCPATH\index.php(59): CodeIgniter\Boot::bootWeb(Object(Config\Paths))
 7 SYSTEMPATH\rewrite.php(44): require_once('C:\\xampp\\htdocs\\cicemilankayo\\public\\index.php')
WARNING - 2025-12-15 09:31:28 --> [DEPRECATED] Creation of dynamic property App\Controllers\Beranda::$nama is deprecated in APPPATH\Controllers\BaseController.php on line 44.
 1 SYSTEMPATH\CodeIgniter.php(904): App\Controllers\BaseController->initController(Object(CodeIgniter\HTTP\IncomingRequest), Object(CodeIgniter\HTTP\Response), Object(CodeIgniter\Log\Logger))
 2 SYSTEMPATH\CodeIgniter.php(498): CodeIgniter\CodeIgniter->createController()
 3 SYSTEMPATH\CodeIgniter.php(354): CodeIgniter\CodeIgniter->handleRequest(null, Object(Config\Cache), false)
 4 SYSTEMPATH\Boot.php(363): CodeIgniter\CodeIgniter->run()
 5 SYSTEMPATH\Boot.php(68): CodeIgniter\Boot::runCodeIgniter(Object(CodeIgniter\CodeIgniter))
 6 FCPATH\index.php(59): CodeIgniter\Boot::bootWeb(Object(Config\Paths))
 7 SYSTEMPATH\rewrite.php(44): require_once('C:\\xampp\\htdocs\\cicemilankayo\\public\\index.php')
WARNING - 2025-12-15 09:34:07 --> [DEPRECATED] Creation of dynamic property App\Controllers\Beranda::$nama is deprecated in APPPATH\Controllers\BaseController.php on line 44.
 1 SYSTEMPATH\CodeIgniter.php(904): App\Controllers\BaseController->initController(Object(CodeIgniter\HTTP\IncomingRequest), Object(CodeIgniter\HTTP\Response), Object(CodeIgniter\Log\Logger))
 2 SYSTEMPATH\CodeIgniter.php(498): CodeIgniter\CodeIgniter->createController()
 3 SYSTEMPATH\CodeIgniter.php(354): CodeIgniter\CodeIgniter->handleRequest(null, Object(Config\Cache), false)
 4 SYSTEMPATH\Boot.php(363): CodeIgniter\CodeIgniter->run()
 5 SYSTEMPATH\Boot.php(68): CodeIgniter\Boot::runCodeIgniter(Object(CodeIgniter\CodeIgniter))
 6 FCPATH\index.php(59): CodeIgniter\Boot::bootWeb(Object(Config\Paths))
 7 SYSTEMPATH\rewrite.php(44): require_once('C:\\xampp\\htdocs\\cicemilankayo\\public\\index.php')
WARNING - 2025-12-15 09:34:29 --> [DEPRECATED] Creation of dynamic property App\Controllers\Beranda::$nama is deprecated in APPPATH\Controllers\BaseController.php on line 44.
 1 SYSTEMPATH\CodeIgniter.php(904): App\Controllers\BaseController->initController(Object(CodeIgniter\HTTP\IncomingRequest), Object(CodeIgniter\HTTP\Response), Object(CodeIgniter\Log\Logger))
 2 SYSTEMPATH\CodeIgniter.php(498): CodeIgniter\CodeIgniter->createController()
 3 SYSTEMPATH\CodeIgniter.php(354): CodeIgniter\CodeIgniter->handleRequest(null, Object(Config\Cache), false)
 4 SYSTEMPATH\Boot.php(363): CodeIgniter\CodeIgniter->run()
 5 SYSTEMPATH\Boot.php(68): CodeIgniter\Boot::runCodeIgniter(Object(CodeIgniter\CodeIgniter))
 6 FCPATH\index.php(59): CodeIgniter\Boot::bootWeb(Object(Config\Paths))
 7 SYSTEMPATH\rewrite.php(44): require_once('C:\\xampp\\htdocs\\cicemilankayo\\public\\index.php')
WARNING - 2025-12-15 09:34:31 --> [DEPRECATED] Creation of dynamic property App\Controllers\Layanan::$nama is deprecated in APPPATH\Controllers\BaseController.php on line 44.
 1 SYSTEMPATH\CodeIgniter.php(904): App\Controllers\BaseController->initController(Object(CodeIgniter\HTTP\IncomingRequest), Object(CodeIgniter\HTTP\Response), Object(CodeIgniter\Log\Logger))
 2 SYSTEMPATH\CodeIgniter.php(498): CodeIgniter\CodeIgniter->createController()
 3 SYSTEMPATH\CodeIgniter.php(354): CodeIgniter\CodeIgniter->handleRequest(null, Object(Config\Cache), false)
 4 SYSTEMPATH\Boot.php(363): CodeIgniter\CodeIgniter->run()
 5 SYSTEMPATH\Boot.php(68): CodeIgniter\Boot::runCodeIgniter(Object(CodeIgniter\CodeIgniter))
 6 FCPATH\index.php(59): CodeIgniter\Boot::bootWeb(Object(Config\Paths))
 7 SYSTEMPATH\rewrite.php(44): require_once('C:\\xampp\\htdocs\\cicemilankayo\\public\\index.php')
WARNING - 2025-12-15 09:34:33 --> [DEPRECATED] Creation of dynamic property App\Controllers\Portofolio::$nama is deprecated in APPPATH\Controllers\BaseController.php on line 44.
 1 SYSTEMPATH\CodeIgniter.php(904): App\Controllers\BaseController->initController(Object(CodeIgniter\HTTP\IncomingRequest), Object(CodeIgniter\HTTP\Response), Object(CodeIgniter\Log\Logger))
 2 SYSTEMPATH\CodeIgniter.php(498): CodeIgniter\CodeIgniter->createController()
 3 SYSTEMPATH\CodeIgniter.php(354): CodeIgniter\CodeIgniter->handleRequest(null, Object(Config\Cache), false)
 4 SYSTEMPATH\Boot.php(363): CodeIgniter\CodeIgniter->run()
 5 SYSTEMPATH\Boot.php(68): CodeIgniter\Boot::runCodeIgniter(Object(CodeIgniter\CodeIgniter))
 6 FCPATH\index.php(59): CodeIgniter\Boot::bootWeb(Object(Config\Paths))
 7 SYSTEMPATH\rewrite.php(44): require_once('C:\\xampp\\htdocs\\cicemilankayo\\public\\index.php')
WARNING - 2025-12-15 09:34:35 --> [DEPRECATED] Creation of dynamic property App\Controllers\Beranda::$nama is deprecated in APPPATH\Controllers\BaseController.php on line 44.
 1 SYSTEMPATH\CodeIgniter.php(904): App\Controllers\BaseController->initController(Object(CodeIgniter\HTTP\IncomingRequest), Object(CodeIgniter\HTTP\Response), Object(CodeIgniter\Log\Logger))
 2 SYSTEMPATH\CodeIgniter.php(498): CodeIgniter\CodeIgniter->createController()
 3 SYSTEMPATH\CodeIgniter.php(354): CodeIgniter\CodeIgniter->handleRequest(null, Object(Config\Cache), false)
 4 SYSTEMPATH\Boot.php(363): CodeIgniter\CodeIgniter->run()
 5 SYSTEMPATH\Boot.php(68): CodeIgniter\Boot::runCodeIgniter(Object(CodeIgniter\CodeIgniter))
 6 FCPATH\index.php(59): CodeIgniter\Boot::bootWeb(Object(Config\Paths))
 7 SYSTEMPATH\rewrite.php(44): require_once('C:\\xampp\\htdocs\\cicemilankayo\\public\\index.php')
WARNING - 2025-12-15 09:34:36 --> [DEPRECATED] Creation of dynamic property App\Controllers\Home::$nama is deprecated in APPPATH\Controllers\BaseController.php on line 44.
 1 SYSTEMPATH\CodeIgniter.php(904): App\Controllers\BaseController->initController(Object(CodeIgniter\HTTP\IncomingRequest), Object(CodeIgniter\HTTP\Response), Object(CodeIgniter\Log\Logger))
 2 SYSTEMPATH\CodeIgniter.php(498): CodeIgniter\CodeIgniter->createController()
 3 SYSTEMPATH\CodeIgniter.php(354): CodeIgniter\CodeIgniter->handleRequest(null, Object(Config\Cache), false)
 4 SYSTEMPATH\Boot.php(363): CodeIgniter\CodeIgniter->run()
 5 SYSTEMPATH\Boot.php(68): CodeIgniter\Boot::runCodeIgniter(Object(CodeIgniter\CodeIgniter))
 6 FCPATH\index.php(59): CodeIgniter\Boot::bootWeb(Object(Config\Paths))
 7 SYSTEMPATH\rewrite.php(44): require_once('C:\\xampp\\htdocs\\cicemilankayo\\public\\index.php')
WARNING - 2025-12-15 09:35:26 --> [DEPRECATED] Creation of dynamic property App\Controllers\Layanan::$nama is deprecated in APPPATH\Controllers\BaseController.php on line 44.
 1 SYSTEMPATH\CodeIgniter.php(904): App\Controllers\BaseController->initController(Object(CodeIgniter\HTTP\IncomingRequest), Object(CodeIgniter\HTTP\Response), Object(CodeIgniter\Log\Logger))
 2 SYSTEMPATH\CodeIgniter.php(498): CodeIgniter\CodeIgniter->createController()
 3 SYSTEMPATH\CodeIgniter.php(354): CodeIgniter\CodeIgniter->handleRequest(null, Object(Config\Cache), false)
 4 SYSTEMPATH\Boot.php(363): CodeIgniter\CodeIgniter->run()
 5 SYSTEMPATH\Boot.php(68): CodeIgniter\Boot::runCodeIgniter(Object(CodeIgniter\CodeIgniter))
 6 FCPATH\index.php(59): CodeIgniter\Boot::bootWeb(Object(Config\Paths))
 7 SYSTEMPATH\rewrite.php(44): require_once('C:\\xampp\\htdocs\\cicemilankayo\\public\\index.php')
WARNING - 2025-12-15 09:35:28 --> [DEPRECATED] Creation of dynamic property App\Controllers\Home::$nama is deprecated in APPPATH\Controllers\BaseController.php on line 44.
 1 SYSTEMPATH\CodeIgniter.php(904): App\Controllers\BaseController->initController(Object(CodeIgniter\HTTP\IncomingRequest), Object(CodeIgniter\HTTP\Response), Object(CodeIgniter\Log\Logger))
 2 SYSTEMPATH\CodeIgniter.php(498): CodeIgniter\CodeIgniter->createController()
 3 SYSTEMPATH\CodeIgniter.php(354): CodeIgniter\CodeIgniter->handleRequest(null, Object(Config\Cache), false)
 4 SYSTEMPATH\Boot.php(363): CodeIgniter\CodeIgniter->run()
 5 SYSTEMPATH\Boot.php(68): CodeIgniter\Boot::runCodeIgniter(Object(CodeIgniter\CodeIgniter))
 6 FCPATH\index.php(59): CodeIgniter\Boot::bootWeb(Object(Config\Paths))
 7 SYSTEMPATH\rewrite.php(44): require_once('C:\\xampp\\htdocs\\cicemilankayo\\public\\index.php')
WARNING - 2025-12-15 09:35:30 --> [DEPRECATED] Creation of dynamic property App\Controllers\Beranda::$nama is deprecated in APPPATH\Controllers\BaseController.php on line 44.
 1 SYSTEMPATH\CodeIgniter.php(904): App\Controllers\BaseController->initController(Object(CodeIgniter\HTTP\IncomingRequest), Object(CodeIgniter\HTTP\Response), Object(CodeIgniter\Log\Logger))
 2 SYSTEMPATH\CodeIgniter.php(498): CodeIgniter\CodeIgniter->createController()
 3 SYSTEMPATH\CodeIgniter.php(354): CodeIgniter\CodeIgniter->handleRequest(null, Object(Config\Cache), false)
 4 SYSTEMPATH\Boot.php(363): CodeIgniter\CodeIgniter->run()
 5 SYSTEMPATH\Boot.php(68): CodeIgniter\Boot::runCodeIgniter(Object(CodeIgniter\CodeIgniter))
 6 FCPATH\index.php(59): CodeIgniter\Boot::bootWeb(Object(Config\Paths))
 7 SYSTEMPATH\rewrite.php(44): require_once('C:\\xampp\\htdocs\\cicemilankayo\\public\\index.php')
WARNING - 2025-12-15 09:36:09 --> [DEPRECATED] Creation of dynamic property App\Controllers\Beranda::$nama is deprecated in APPPATH\Controllers\BaseController.php on line 44.
 1 SYSTEMPATH\CodeIgniter.php(904): App\Controllers\BaseController->initController(Object(CodeIgniter\HTTP\IncomingRequest), Object(CodeIgniter\HTTP\Response), Object(CodeIgniter\Log\Logger))
 2 SYSTEMPATH\CodeIgniter.php(498): CodeIgniter\CodeIgniter->createController()
 3 SYSTEMPATH\CodeIgniter.php(354): CodeIgniter\CodeIgniter->handleRequest(null, Object(Config\Cache), false)
 4 SYSTEMPATH\Boot.php(363): CodeIgniter\CodeIgniter->run()
 5 SYSTEMPATH\Boot.php(68): CodeIgniter\Boot::runCodeIgniter(Object(CodeIgniter\CodeIgniter))
 6 FCPATH\index.php(59): CodeIgniter\Boot::bootWeb(Object(Config\Paths))
 7 SYSTEMPATH\rewrite.php(44): require_once('C:\\xampp\\htdocs\\cicemilankayo\\public\\index.php')
WARNING - 2025-12-15 09:36:11 --> [DEPRECATED] Creation of dynamic property App\Controllers\Layanan::$nama is deprecated in APPPATH\Controllers\BaseController.php on line 44.
 1 SYSTEMPATH\CodeIgniter.php(904): App\Controllers\BaseController->initController(Object(CodeIgniter\HTTP\IncomingRequest), Object(CodeIgniter\HTTP\Response), Object(CodeIgniter\Log\Logger))
 2 SYSTEMPATH\CodeIgniter.php(498): CodeIgniter\CodeIgniter->createController()
 3 SYSTEMPATH\CodeIgniter.php(354): CodeIgniter\CodeIgniter->handleRequest(null, Object(Config\Cache), false)
 4 SYSTEMPATH\Boot.php(363): CodeIgniter\CodeIgniter->run()
 5 SYSTEMPATH\Boot.php(68): CodeIgniter\Boot::runCodeIgniter(Object(CodeIgniter\CodeIgniter))
 6 FCPATH\index.php(59): CodeIgniter\Boot::bootWeb(Object(Config\Paths))
 7 SYSTEMPATH\rewrite.php(44): require_once('C:\\xampp\\htdocs\\cicemilankayo\\public\\index.php')
WARNING - 2025-12-15 09:36:13 --> [DEPRECATED] Creation of dynamic property App\Controllers\Portofolio::$nama is deprecated in APPPATH\Controllers\BaseController.php on line 44.
 1 SYSTEMPATH\CodeIgniter.php(904): App\Controllers\BaseController->initController(Object(CodeIgniter\HTTP\IncomingRequest), Object(CodeIgniter\HTTP\Response), Object(CodeIgniter\Log\Logger))
 2 SYSTEMPATH\CodeIgniter.php(498): CodeIgniter\CodeIgniter->createController()
 3 SYSTEMPATH\CodeIgniter.php(354): CodeIgniter\CodeIgniter->handleRequest(null, Object(Config\Cache), false)
 4 SYSTEMPATH\Boot.php(363): CodeIgniter\CodeIgniter->run()
 5 SYSTEMPATH\Boot.php(68): CodeIgniter\Boot::runCodeIgniter(Object(CodeIgniter\CodeIgniter))
 6 FCPATH\index.php(59): CodeIgniter\Boot::bootWeb(Object(Config\Paths))
 7 SYSTEMPATH\rewrite.php(44): require_once('C:\\xampp\\htdocs\\cicemilankayo\\public\\index.php')
WARNING - 2025-12-15 09:36:17 --> [DEPRECATED] Creation of dynamic property App\Controllers\Beranda::$nama is deprecated in APPPATH\Controllers\BaseController.php on line 44.
 1 SYSTEMPATH\CodeIgniter.php(904): App\Controllers\BaseController->initController(Object(CodeIgniter\HTTP\IncomingRequest), Object(CodeIgniter\HTTP\Response), Object(CodeIgniter\Log\Logger))
 2 SYSTEMPATH\CodeIgniter.php(498): CodeIgniter\CodeIgniter->createController()
 3 SYSTEMPATH\CodeIgniter.php(354): CodeIgniter\CodeIgniter->handleRequest(null, Object(Config\Cache), false)
 4 SYSTEMPATH\Boot.php(363): CodeIgniter\CodeIgniter->run()
 5 SYSTEMPATH\Boot.php(68): CodeIgniter\Boot::runCodeIgniter(Object(CodeIgniter\CodeIgniter))
 6 FCPATH\index.php(59): CodeIgniter\Boot::bootWeb(Object(Config\Paths))
 7 SYSTEMPATH\rewrite.php(44): require_once('C:\\xampp\\htdocs\\cicemilankayo\\public\\index.php')
WARNING - 2025-12-15 09:39:32 --> [DEPRECATED] Creation of dynamic property App\Controllers\Beranda::$nama is deprecated in APPPATH\Controllers\BaseController.php on line 44.
 1 SYSTEMPATH\CodeIgniter.php(904): App\Controllers\BaseController->initController(Object(CodeIgniter\HTTP\IncomingRequest), Object(CodeIgniter\HTTP\Response), Object(CodeIgniter\Log\Logger))
 2 SYSTEMPATH\CodeIgniter.php(498): CodeIgniter\CodeIgniter->createController()
 3 SYSTEMPATH\CodeIgniter.php(354): CodeIgniter\CodeIgniter->handleRequest(null, Object(Config\Cache), false)
 4 SYSTEMPATH\Boot.php(363): CodeIgniter\CodeIgniter->run()
 5 SYSTEMPATH\Boot.php(68): CodeIgniter\Boot::runCodeIgniter(Object(CodeIgniter\CodeIgniter))
 6 FCPATH\index.php(59): CodeIgniter\Boot::bootWeb(Object(Config\Paths))
 7 SYSTEMPATH\rewrite.php(44): require_once('C:\\xampp\\htdocs\\cicemilankayo\\public\\index.php')
WARNING - 2025-12-15 09:40:04 --> [DEPRECATED] Creation of dynamic property App\Controllers\Beranda::$nama is deprecated in APPPATH\Controllers\BaseController.php on line 44.
 1 SYSTEMPATH\CodeIgniter.php(904): App\Controllers\BaseController->initController(Object(CodeIgniter\HTTP\IncomingRequest), Object(CodeIgniter\HTTP\Response), Object(CodeIgniter\Log\Logger))
 2 SYSTEMPATH\CodeIgniter.php(498): CodeIgniter\CodeIgniter->createController()
 3 SYSTEMPATH\CodeIgniter.php(354): CodeIgniter\CodeIgniter->handleRequest(null, Object(Config\Cache), false)
 4 SYSTEMPATH\Boot.php(363): CodeIgniter\CodeIgniter->run()
 5 SYSTEMPATH\Boot.php(68): CodeIgniter\Boot::runCodeIgniter(Object(CodeIgniter\CodeIgniter))
 6 FCPATH\index.php(59): CodeIgniter\Boot::bootWeb(Object(Config\Paths))
 7 SYSTEMPATH\rewrite.php(44): require_once('C:\\xampp\\htdocs\\cicemilankayo\\public\\index.php')
WARNING - 2025-12-15 09:40:34 --> [DEPRECATED] Creation of dynamic property App\Controllers\Beranda::$nama is deprecated in APPPATH\Controllers\BaseController.php on line 44.
 1 SYSTEMPATH\CodeIgniter.php(904): App\Controllers\BaseController->initController(Object(CodeIgniter\HTTP\IncomingRequest), Object(CodeIgniter\HTTP\Response), Object(CodeIgniter\Log\Logger))
 2 SYSTEMPATH\CodeIgniter.php(498): CodeIgniter\CodeIgniter->createController()
 3 SYSTEMPATH\CodeIgniter.php(354): CodeIgniter\CodeIgniter->handleRequest(null, Object(Config\Cache), false)
 4 SYSTEMPATH\Boot.php(363): CodeIgniter\CodeIgniter->run()
 5 SYSTEMPATH\Boot.php(68): CodeIgniter\Boot::runCodeIgniter(Object(CodeIgniter\CodeIgniter))
 6 FCPATH\index.php(59): CodeIgniter\Boot::bootWeb(Object(Config\Paths))
 7 SYSTEMPATH\rewrite.php(44): require_once('C:\\xampp\\htdocs\\cicemilankayo\\public\\index.php')
WARNING - 2025-12-15 09:41:36 --> [DEPRECATED] Creation of dynamic property App\Controllers\Beranda::$nama is deprecated in APPPATH\Controllers\BaseController.php on line 44.
 1 SYSTEMPATH\CodeIgniter.php(904): App\Controllers\BaseController->initController(Object(CodeIgniter\HTTP\IncomingRequest), Object(CodeIgniter\HTTP\Response), Object(CodeIgniter\Log\Logger))
 2 SYSTEMPATH\CodeIgniter.php(498): CodeIgniter\CodeIgniter->createController()
 3 SYSTEMPATH\CodeIgniter.php(354): CodeIgniter\CodeIgniter->handleRequest(null, Object(Config\Cache), false)
 4 SYSTEMPATH\Boot.php(363): CodeIgniter\CodeIgniter->run()
 5 SYSTEMPATH\Boot.php(68): CodeIgniter\Boot::runCodeIgniter(Object(CodeIgniter\CodeIgniter))
 6 FCPATH\index.php(59): CodeIgniter\Boot::bootWeb(Object(Config\Paths))
 7 SYSTEMPATH\rewrite.php(44): require_once('C:\\xampp\\htdocs\\cicemilankayo\\public\\index.php')
WARNING - 2025-12-15 09:41:47 --> [DEPRECATED] Creation of dynamic property App\Controllers\Layanan::$nama is deprecated in APPPATH\Controllers\BaseController.php on line 44.
 1 SYSTEMPATH\CodeIgniter.php(904): App\Controllers\BaseController->initController(Object(CodeIgniter\HTTP\IncomingRequest), Object(CodeIgniter\HTTP\Response), Object(CodeIgniter\Log\Logger))
 2 SYSTEMPATH\CodeIgniter.php(498): CodeIgniter\CodeIgniter->createController()
 3 SYSTEMPATH\CodeIgniter.php(354): CodeIgniter\CodeIgniter->handleRequest(null, Object(Config\Cache), false)
 4 SYSTEMPATH\Boot.php(363): CodeIgniter\CodeIgniter->run()
 5 SYSTEMPATH\Boot.php(68): CodeIgniter\Boot::runCodeIgniter(Object(CodeIgniter\CodeIgniter))
 6 FCPATH\index.php(59): CodeIgniter\Boot::bootWeb(Object(Config\Paths))
 7 SYSTEMPATH\rewrite.php(44): require_once('C:\\xampp\\htdocs\\cicemilankayo\\public\\index.php')
WARNING - 2025-12-15 09:41:47 --> [DEPRECATED] Creation of dynamic property App\Controllers\Home::$nama is deprecated in APPPATH\Controllers\BaseController.php on line 44.
 1 SYSTEMPATH\CodeIgniter.php(904): App\Controllers\BaseController->initController(Object(CodeIgniter\HTTP\IncomingRequest), Object(CodeIgniter\HTTP\Response), Object(CodeIgniter\Log\Logger))
 2 SYSTEMPATH\CodeIgniter.php(498): CodeIgniter\CodeIgniter->createController()
 3 SYSTEMPATH\CodeIgniter.php(354): CodeIgniter\CodeIgniter->handleRequest(null, Object(Config\Cache), false)
 4 SYSTEMPATH\Boot.php(363): CodeIgniter\CodeIgniter->run()
 5 SYSTEMPATH\Boot.php(68): CodeIgniter\Boot::runCodeIgniter(Object(CodeIgniter\CodeIgniter))
 6 FCPATH\index.php(59): CodeIgniter\Boot::bootWeb(Object(Config\Paths))
 7 SYSTEMPATH\rewrite.php(44): require_once('C:\\xampp\\htdocs\\cicemilankayo\\public\\index.php')
WARNING - 2025-12-15 09:42:44 --> [DEPRECATED] Creation of dynamic property App\Controllers\Home::$nama is deprecated in APPPATH\Controllers\BaseController.php on line 44.
 1 SYSTEMPATH\CodeIgniter.php(904): App\Controllers\BaseController->initController(Object(CodeIgniter\HTTP\IncomingRequest), Object(CodeIgniter\HTTP\Response), Object(CodeIgniter\Log\Logger))
 2 SYSTEMPATH\CodeIgniter.php(498): CodeIgniter\CodeIgniter->createController()
 3 SYSTEMPATH\CodeIgniter.php(354): CodeIgniter\CodeIgniter->handleRequest(null, Object(Config\Cache), false)
 4 SYSTEMPATH\Boot.php(363): CodeIgniter\CodeIgniter->run()
 5 SYSTEMPATH\Boot.php(68): CodeIgniter\Boot::runCodeIgniter(Object(CodeIgniter\CodeIgniter))
 6 FCPATH\index.php(59): CodeIgniter\Boot::bootWeb(Object(Config\Paths))
 7 SYSTEMPATH\rewrite.php(44): require_once('C:\\xampp\\htdocs\\cicemilankayo\\public\\index.php')
WARNING - 2025-12-15 09:43:28 --> [DEPRECATED] Creation of dynamic property App\Controllers\Home::$nama is deprecated in APPPATH\Controllers\BaseController.php on line 44.
 1 SYSTEMPATH\CodeIgniter.php(904): App\Controllers\BaseController->initController(Object(CodeIgniter\HTTP\IncomingRequest), Object(CodeIgniter\HTTP\Response), Object(CodeIgniter\Log\Logger))
 2 SYSTEMPATH\CodeIgniter.php(498): CodeIgniter\CodeIgniter->createController()
 3 SYSTEMPATH\CodeIgniter.php(354): CodeIgniter\CodeIgniter->handleRequest(null, Object(Config\Cache), false)
 4 SYSTEMPATH\Boot.php(363): CodeIgniter\CodeIgniter->run()
 5 SYSTEMPATH\Boot.php(68): CodeIgniter\Boot::runCodeIgniter(Object(CodeIgniter\CodeIgniter))
 6 FCPATH\index.php(59): CodeIgniter\Boot::bootWeb(Object(Config\Paths))
 7 SYSTEMPATH\rewrite.php(44): require_once('C:\\xampp\\htdocs\\cicemilankayo\\public\\index.php')
WARNING - 2025-12-15 09:43:49 --> [DEPRECATED] Creation of dynamic property App\Controllers\Home::$nama is deprecated in APPPATH\Controllers\BaseController.php on line 44.
 1 SYSTEMPATH\CodeIgniter.php(904): App\Controllers\BaseController->initController(Object(CodeIgniter\HTTP\IncomingRequest), Object(CodeIgniter\HTTP\Response), Object(CodeIgniter\Log\Logger))
 2 SYSTEMPATH\CodeIgniter.php(498): CodeIgniter\CodeIgniter->createController()
 3 SYSTEMPATH\CodeIgniter.php(354): CodeIgniter\CodeIgniter->handleRequest(null, Object(Config\Cache), false)
 4 SYSTEMPATH\Boot.php(363): CodeIgniter\CodeIgniter->run()
 5 SYSTEMPATH\Boot.php(68): CodeIgniter\Boot::runCodeIgniter(Object(CodeIgniter\CodeIgniter))
 6 FCPATH\index.php(59): CodeIgniter\Boot::bootWeb(Object(Config\Paths))
 7 SYSTEMPATH\rewrite.php(44): require_once('C:\\xampp\\htdocs\\cicemilankayo\\public\\index.php')
WARNING - 2025-12-15 09:44:33 --> [DEPRECATED] Creation of dynamic property App\Controllers\Home::$nama is deprecated in APPPATH\Controllers\BaseController.php on line 44.
 1 SYSTEMPATH\CodeIgniter.php(904): App\Controllers\BaseController->initController(Object(CodeIgniter\HTTP\IncomingRequest), Object(CodeIgniter\HTTP\Response), Object(CodeIgniter\Log\Logger))
 2 SYSTEMPATH\CodeIgniter.php(498): CodeIgniter\CodeIgniter->createController()
 3 SYSTEMPATH\CodeIgniter.php(354): CodeIgniter\CodeIgniter->handleRequest(null, Object(Config\Cache), false)
 4 SYSTEMPATH\Boot.php(363): CodeIgniter\CodeIgniter->run()
 5 SYSTEMPATH\Boot.php(68): CodeIgniter\Boot::runCodeIgniter(Object(CodeIgniter\CodeIgniter))
 6 FCPATH\index.php(59): CodeIgniter\Boot::bootWeb(Object(Config\Paths))
 7 SYSTEMPATH\rewrite.php(44): require_once('C:\\xampp\\htdocs\\cicemilankayo\\public\\index.php')
WARNING - 2025-12-15 09:47:58 --> [DEPRECATED] Creation of dynamic property App\Controllers\Portofolio::$nama is deprecated in APPPATH\Controllers\BaseController.php on line 44.
 1 SYSTEMPATH\CodeIgniter.php(904): App\Controllers\BaseController->initController(Object(CodeIgniter\HTTP\IncomingRequest), Object(CodeIgniter\HTTP\Response), Object(CodeIgniter\Log\Logger))
 2 SYSTEMPATH\CodeIgniter.php(498): CodeIgniter\CodeIgniter->createController()
 3 SYSTEMPATH\CodeIgniter.php(354): CodeIgniter\CodeIgniter->handleRequest(null, Object(Config\Cache), false)
 4 SYSTEMPATH\Boot.php(363): CodeIgniter\CodeIgniter->run()
 5 SYSTEMPATH\Boot.php(68): CodeIgniter\Boot::runCodeIgniter(Object(CodeIgniter\CodeIgniter))
 6 FCPATH\index.php(59): CodeIgniter\Boot::bootWeb(Object(Config\Paths))
 7 SYSTEMPATH\rewrite.php(44): require_once('C:\\xampp\\htdocs\\cicemilankayo\\public\\index.php')
WARNING - 2025-12-15 09:48:07 --> [DEPRECATED] Creation of dynamic property App\Controllers\Layanan::$nama is deprecated in APPPATH\Controllers\BaseController.php on line 44.
 1 SYSTEMPATH\CodeIgniter.php(904): App\Controllers\BaseController->initController(Object(CodeIgniter\HTTP\IncomingRequest), Object(CodeIgniter\HTTP\Response), Object(CodeIgniter\Log\Logger))
 2 SYSTEMPATH\CodeIgniter.php(498): CodeIgniter\CodeIgniter->createController()
 3 SYSTEMPATH\CodeIgniter.php(354): CodeIgniter\CodeIgniter->handleRequest(null, Object(Config\Cache), false)
 4 SYSTEMPATH\Boot.php(363): CodeIgniter\CodeIgniter->run()
 5 SYSTEMPATH\Boot.php(68): CodeIgniter\Boot::runCodeIgniter(Object(CodeIgniter\CodeIgniter))
 6 FCPATH\index.php(59): CodeIgniter\Boot::bootWeb(Object(Config\Paths))
 7 SYSTEMPATH\rewrite.php(44): require_once('C:\\xampp\\htdocs\\cicemilankayo\\public\\index.php')
WARNING - 2025-12-15 09:48:08 --> [DEPRECATED] Creation of dynamic property App\Controllers\Home::$nama is deprecated in APPPATH\Controllers\BaseController.php on line 44.
 1 SYSTEMPATH\CodeIgniter.php(904): App\Controllers\BaseController->initController(Object(CodeIgniter\HTTP\IncomingRequest), Object(CodeIgniter\HTTP\Response), Object(CodeIgniter\Log\Logger))
 2 SYSTEMPATH\CodeIgniter.php(498): CodeIgniter\CodeIgniter->createController()
 3 SYSTEMPATH\CodeIgniter.php(354): CodeIgniter\CodeIgniter->handleRequest(null, Object(Config\Cache), false)
 4 SYSTEMPATH\Boot.php(363): CodeIgniter\CodeIgniter->run()
 5 SYSTEMPATH\Boot.php(68): CodeIgniter\Boot::runCodeIgniter(Object(CodeIgniter\CodeIgniter))
 6 FCPATH\index.php(59): CodeIgniter\Boot::bootWeb(Object(Config\Paths))
 7 SYSTEMPATH\rewrite.php(44): require_once('C:\\xampp\\htdocs\\cicemilankayo\\public\\index.php')
WARNING - 2025-12-15 09:48:10 --> [DEPRECATED] Creation of dynamic property App\Controllers\Portofolio::$nama is deprecated in APPPATH\Controllers\BaseController.php on line 44.
 1 SYSTEMPATH\CodeIgniter.php(904): App\Controllers\BaseController->initController(Object(CodeIgniter\HTTP\IncomingRequest), Object(CodeIgniter\HTTP\Response), Object(CodeIgniter\Log\Logger))
 2 SYSTEMPATH\CodeIgniter.php(498): CodeIgniter\CodeIgniter->createController()
 3 SYSTEMPATH\CodeIgniter.php(354): CodeIgniter\CodeIgniter->handleRequest(null, Object(Config\Cache), false)
 4 SYSTEMPATH\Boot.php(363): CodeIgniter\CodeIgniter->run()
 5 SYSTEMPATH\Boot.php(68): CodeIgniter\Boot::runCodeIgniter(Object(CodeIgniter\CodeIgniter))
 6 FCPATH\index.php(59): CodeIgniter\Boot::bootWeb(Object(Config\Paths))
 7 SYSTEMPATH\rewrite.php(44): require_once('C:\\xampp\\htdocs\\cicemilankayo\\public\\index.php')
WARNING - 2025-12-15 09:48:12 --> [DEPRECATED] Creation of dynamic property App\Controllers\Portofolio::$nama is deprecated in APPPATH\Controllers\BaseController.php on line 44.
 1 SYSTEMPATH\CodeIgniter.php(904): App\Controllers\BaseController->initController(Object(CodeIgniter\HTTP\IncomingRequest), Object(CodeIgniter\HTTP\Response), Object(CodeIgniter\Log\Logger))
 2 SYSTEMPATH\CodeIgniter.php(498): CodeIgniter\CodeIgniter->createController()
 3 SYSTEMPATH\CodeIgniter.php(354): CodeIgniter\CodeIgniter->handleRequest(null, Object(Config\Cache), false)
 4 SYSTEMPATH\Boot.php(363): CodeIgniter\CodeIgniter->run()
 5 SYSTEMPATH\Boot.php(68): CodeIgniter\Boot::runCodeIgniter(Object(CodeIgniter\CodeIgniter))
 6 FCPATH\index.php(59): CodeIgniter\Boot::bootWeb(Object(Config\Paths))
 7 SYSTEMPATH\rewrite.php(44): require_once('C:\\xampp\\htdocs\\cicemilankayo\\public\\index.php')
WARNING - 2025-12-15 09:48:15 --> [DEPRECATED] Creation of dynamic property App\Controllers\Layanan::$nama is deprecated in APPPATH\Controllers\BaseController.php on line 44.
 1 SYSTEMPATH\CodeIgniter.php(904): App\Controllers\BaseController->initController(Object(CodeIgniter\HTTP\IncomingRequest), Object(CodeIgniter\HTTP\Response), Object(CodeIgniter\Log\Logger))
 2 SYSTEMPATH\CodeIgniter.php(498): CodeIgniter\CodeIgniter->createController()
 3 SYSTEMPATH\CodeIgniter.php(354): CodeIgniter\CodeIgniter->handleRequest(null, Object(Config\Cache), false)
 4 SYSTEMPATH\Boot.php(363): CodeIgniter\CodeIgniter->run()
 5 SYSTEMPATH\Boot.php(68): CodeIgniter\Boot::runCodeIgniter(Object(CodeIgniter\CodeIgniter))
 6 FCPATH\index.php(59): CodeIgniter\Boot::bootWeb(Object(Config\Paths))
 7 SYSTEMPATH\rewrite.php(44): require_once('C:\\xampp\\htdocs\\cicemilankayo\\public\\index.php')
WARNING - 2025-12-15 09:48:58 --> [DEPRECATED] Creation of dynamic property App\Controllers\Home::$nama is deprecated in APPPATH\Controllers\BaseController.php on line 44.
 1 SYSTEMPATH\CodeIgniter.php(904): App\Controllers\BaseController->initController(Object(CodeIgniter\HTTP\IncomingRequest), Object(CodeIgniter\HTTP\Response), Object(CodeIgniter\Log\Logger))
 2 SYSTEMPATH\CodeIgniter.php(498): CodeIgniter\CodeIgniter->createController()
 3 SYSTEMPATH\CodeIgniter.php(354): CodeIgniter\CodeIgniter->handleRequest(null, Object(Config\Cache), false)
 4 SYSTEMPATH\Boot.php(363): CodeIgniter\CodeIgniter->run()
 5 SYSTEMPATH\Boot.php(68): CodeIgniter\Boot::runCodeIgniter(Object(CodeIgniter\CodeIgniter))
 6 FCPATH\index.php(59): CodeIgniter\Boot::bootWeb(Object(Config\Paths))
 7 SYSTEMPATH\rewrite.php(44): require_once('C:\\xampp\\htdocs\\cicemilankayo\\public\\index.php')
WARNING - 2025-12-15 09:52:39 --> [DEPRECATED] Creation of dynamic property App\Controllers\Layanan::$nama is deprecated in APPPATH\Controllers\BaseController.php on line 44.
 1 SYSTEMPATH\CodeIgniter.php(904): App\Controllers\BaseController->initController(Object(CodeIgniter\HTTP\IncomingRequest), Object(CodeIgniter\HTTP\Response), Object(CodeIgniter\Log\Logger))
 2 SYSTEMPATH\CodeIgniter.php(498): CodeIgniter\CodeIgniter->createController()
 3 SYSTEMPATH\CodeIgniter.php(354): CodeIgniter\CodeIgniter->handleRequest(null, Object(Config\Cache), false)
 4 SYSTEMPATH\Boot.php(363): CodeIgniter\CodeIgniter->run()
 5 SYSTEMPATH\Boot.php(68): CodeIgniter\Boot::runCodeIgniter(Object(CodeIgniter\CodeIgniter))
 6 FCPATH\index.php(59): CodeIgniter\Boot::bootWeb(Object(Config\Paths))
 7 SYSTEMPATH\rewrite.php(44): require_once('C:\\xampp\\htdocs\\cicemilankayo\\public\\index.php')
WARNING - 2025-12-15 09:52:40 --> [DEPRECATED] Creation of dynamic property App\Controllers\Home::$nama is deprecated in APPPATH\Controllers\BaseController.php on line 44.
 1 SYSTEMPATH\CodeIgniter.php(904): App\Controllers\BaseController->initController(Object(CodeIgniter\HTTP\IncomingRequest), Object(CodeIgniter\HTTP\Response), Object(CodeIgniter\Log\Logger))
 2 SYSTEMPATH\CodeIgniter.php(498): CodeIgniter\CodeIgniter->createController()
 3 SYSTEMPATH\CodeIgniter.php(354): CodeIgniter\CodeIgniter->handleRequest(null, Object(Config\Cache), false)
 4 SYSTEMPATH\Boot.php(363): CodeIgniter\CodeIgniter->run()
 5 SYSTEMPATH\Boot.php(68): CodeIgniter\Boot::runCodeIgniter(Object(CodeIgniter\CodeIgniter))
 6 FCPATH\index.php(59): CodeIgniter\Boot::bootWeb(Object(Config\Paths))
 7 SYSTEMPATH\rewrite.php(44): require_once('C:\\xampp\\htdocs\\cicemilankayo\\public\\index.php')
WARNING - 2025-12-15 09:52:53 --> [DEPRECATED] Creation of dynamic property App\Controllers\Beranda::$nama is deprecated in APPPATH\Controllers\BaseController.php on line 44.
 1 SYSTEMPATH\CodeIgniter.php(904): App\Controllers\BaseController->initController(Object(CodeIgniter\HTTP\IncomingRequest), Object(CodeIgniter\HTTP\Response), Object(CodeIgniter\Log\Logger))
 2 SYSTEMPATH\CodeIgniter.php(498): CodeIgniter\CodeIgniter->createController()
 3 SYSTEMPATH\CodeIgniter.php(354): CodeIgniter\CodeIgniter->handleRequest(null, Object(Config\Cache), false)
 4 SYSTEMPATH\Boot.php(363): CodeIgniter\CodeIgniter->run()
 5 SYSTEMPATH\Boot.php(68): CodeIgniter\Boot::runCodeIgniter(Object(CodeIgniter\CodeIgniter))
 6 FCPATH\index.php(59): CodeIgniter\Boot::bootWeb(Object(Config\Paths))
 7 SYSTEMPATH\rewrite.php(44): require_once('C:\\xampp\\htdocs\\cicemilankayo\\public\\index.php')
WARNING - 2025-12-15 09:53:00 --> [DEPRECATED] Creation of dynamic property App\Controllers\Beranda::$nama is deprecated in APPPATH\Controllers\BaseController.php on line 44.
 1 SYSTEMPATH\CodeIgniter.php(904): App\Controllers\BaseController->initController(Object(CodeIgniter\HTTP\IncomingRequest), Object(CodeIgniter\HTTP\Response), Object(CodeIgniter\Log\Logger))
 2 SYSTEMPATH\CodeIgniter.php(498): CodeIgniter\CodeIgniter->createController()
 3 SYSTEMPATH\CodeIgniter.php(354): CodeIgniter\CodeIgniter->handleRequest(null, Object(Config\Cache), false)
 4 SYSTEMPATH\Boot.php(363): CodeIgniter\CodeIgniter->run()
 5 SYSTEMPATH\Boot.php(68): CodeIgniter\Boot::runCodeIgniter(Object(CodeIgniter\CodeIgniter))
 6 FCPATH\index.php(59): CodeIgniter\Boot::bootWeb(Object(Config\Paths))
 7 SYSTEMPATH\rewrite.php(44): require_once('C:\\xampp\\htdocs\\cicemilankayo\\public\\index.php')
WARNING - 2025-12-15 09:53:01 --> [DEPRECATED] Creation of dynamic property App\Controllers\Home::$nama is deprecated in APPPATH\Controllers\BaseController.php on line 44.
 1 SYSTEMPATH\CodeIgniter.php(904): App\Controllers\BaseController->initController(Object(CodeIgniter\HTTP\IncomingRequest), Object(CodeIgniter\HTTP\Response), Object(CodeIgniter\Log\Logger))
 2 SYSTEMPATH\CodeIgniter.php(498): CodeIgniter\CodeIgniter->createController()
 3 SYSTEMPATH\CodeIgniter.php(354): CodeIgniter\CodeIgniter->handleRequest(null, Object(Config\Cache), false)
 4 SYSTEMPATH\Boot.php(363): CodeIgniter\CodeIgniter->run()
 5 SYSTEMPATH\Boot.php(68): CodeIgniter\Boot::runCodeIgniter(Object(CodeIgniter\CodeIgniter))
 6 FCPATH\index.php(59): CodeIgniter\Boot::bootWeb(Object(Config\Paths))
 7 SYSTEMPATH\rewrite.php(44): require_once('C:\\xampp\\htdocs\\cicemilankayo\\public\\index.php')
WARNING - 2025-12-15 09:53:03 --> [DEPRECATED] Creation of dynamic property App\Controllers\Portofolio::$nama is deprecated in APPPATH\Controllers\BaseController.php on line 44.
 1 SYSTEMPATH\CodeIgniter.php(904): App\Controllers\BaseController->initController(Object(CodeIgniter\HTTP\IncomingRequest), Object(CodeIgniter\HTTP\Response), Object(CodeIgniter\Log\Logger))
 2 SYSTEMPATH\CodeIgniter.php(498): CodeIgniter\CodeIgniter->createController()
 3 SYSTEMPATH\CodeIgniter.php(354): CodeIgniter\CodeIgniter->handleRequest(null, Object(Config\Cache), false)
 4 SYSTEMPATH\Boot.php(363): CodeIgniter\CodeIgniter->run()
 5 SYSTEMPATH\Boot.php(68): CodeIgniter\Boot::runCodeIgniter(Object(CodeIgniter\CodeIgniter))
 6 FCPATH\index.php(59): CodeIgniter\Boot::bootWeb(Object(Config\Paths))
 7 SYSTEMPATH\rewrite.php(44): require_once('C:\\xampp\\htdocs\\cicemilankayo\\public\\index.php')
WARNING - 2025-12-15 09:53:04 --> [DEPRECATED] Creation of dynamic property App\Controllers\Home::$nama is deprecated in APPPATH\Controllers\BaseController.php on line 44.
 1 SYSTEMPATH\CodeIgniter.php(904): App\Controllers\BaseController->initController(Object(CodeIgniter\HTTP\IncomingRequest), Object(CodeIgniter\HTTP\Response), Object(CodeIgniter\Log\Logger))
 2 SYSTEMPATH\CodeIgniter.php(498): CodeIgniter\CodeIgniter->createController()
 3 SYSTEMPATH\CodeIgniter.php(354): CodeIgniter\CodeIgniter->handleRequest(null, Object(Config\Cache), false)
 4 SYSTEMPATH\Boot.php(363): CodeIgniter\CodeIgniter->run()
 5 SYSTEMPATH\Boot.php(68): CodeIgniter\Boot::runCodeIgniter(Object(CodeIgniter\CodeIgniter))
 6 FCPATH\index.php(59): CodeIgniter\Boot::bootWeb(Object(Config\Paths))
 7 SYSTEMPATH\rewrite.php(44): require_once('C:\\xampp\\htdocs\\cicemilankayo\\public\\index.php')
WARNING - 2025-12-15 09:53:05 --> [DEPRECATED] Creation of dynamic property App\Controllers\Home::$nama is deprecated in APPPATH\Controllers\BaseController.php on line 44.
 1 SYSTEMPATH\CodeIgniter.php(904): App\Controllers\BaseController->initController(Object(CodeIgniter\HTTP\IncomingRequest), Object(CodeIgniter\HTTP\Response), Object(CodeIgniter\Log\Logger))
 2 SYSTEMPATH\CodeIgniter.php(498): CodeIgniter\CodeIgniter->createController()
 3 SYSTEMPATH\CodeIgniter.php(354): CodeIgniter\CodeIgniter->handleRequest(null, Object(Config\Cache), false)
 4 SYSTEMPATH\Boot.php(363): CodeIgniter\CodeIgniter->run()
 5 SYSTEMPATH\Boot.php(68): CodeIgniter\Boot::runCodeIgniter(Object(CodeIgniter\CodeIgniter))
 6 FCPATH\index.php(59): CodeIgniter\Boot::bootWeb(Object(Config\Paths))
 7 SYSTEMPATH\rewrite.php(44): require_once('C:\\xampp\\htdocs\\cicemilankayo\\public\\index.php')
WARNING - 2025-12-15 09:53:19 --> [DEPRECATED] Creation of dynamic property App\Controllers\Home::$nama is deprecated in APPPATH\Controllers\BaseController.php on line 44.
 1 SYSTEMPATH\CodeIgniter.php(904): App\Controllers\BaseController->initController(Object(CodeIgniter\HTTP\IncomingRequest), Object(CodeIgniter\HTTP\Response), Object(CodeIgniter\Log\Logger))
 2 SYSTEMPATH\CodeIgniter.php(498): CodeIgniter\CodeIgniter->createController()
 3 SYSTEMPATH\CodeIgniter.php(354): CodeIgniter\CodeIgniter->handleRequest(null, Object(Config\Cache), false)
 4 SYSTEMPATH\Boot.php(363): CodeIgniter\CodeIgniter->run()
 5 SYSTEMPATH\Boot.php(68): CodeIgniter\Boot::runCodeIgniter(Object(CodeIgniter\CodeIgniter))
 6 FCPATH\index.php(59): CodeIgniter\Boot::bootWeb(Object(Config\Paths))
 7 SYSTEMPATH\rewrite.php(44): require_once('C:\\xampp\\htdocs\\cicemilankayo\\public\\index.php')
WARNING - 2025-12-15 09:53:22 --> [DEPRECATED] Creation of dynamic property App\Controllers\Layanan::$nama is deprecated in APPPATH\Controllers\BaseController.php on line 44.
 1 SYSTEMPATH\CodeIgniter.php(904): App\Controllers\BaseController->initController(Object(CodeIgniter\HTTP\IncomingRequest), Object(CodeIgniter\HTTP\Response), Object(CodeIgniter\Log\Logger))
 2 SYSTEMPATH\CodeIgniter.php(498): CodeIgniter\CodeIgniter->createController()
 3 SYSTEMPATH\CodeIgniter.php(354): CodeIgniter\CodeIgniter->handleRequest(null, Object(Config\Cache), false)
 4 SYSTEMPATH\Boot.php(363): CodeIgniter\CodeIgniter->run()
 5 SYSTEMPATH\Boot.php(68): CodeIgniter\Boot::runCodeIgniter(Object(CodeIgniter\CodeIgniter))
 6 FCPATH\index.php(59): CodeIgniter\Boot::bootWeb(Object(Config\Paths))
 7 SYSTEMPATH\rewrite.php(44): require_once('C:\\xampp\\htdocs\\cicemilankayo\\public\\index.php')
WARNING - 2025-12-15 09:53:23 --> [DEPRECATED] Creation of dynamic property App\Controllers\Home::$nama is deprecated in APPPATH\Controllers\BaseController.php on line 44.
 1 SYSTEMPATH\CodeIgniter.php(904): App\Controllers\BaseController->initController(Object(CodeIgniter\HTTP\IncomingRequest), Object(CodeIgniter\HTTP\Response), Object(CodeIgniter\Log\Logger))
 2 SYSTEMPATH\CodeIgniter.php(498): CodeIgniter\CodeIgniter->createController()
 3 SYSTEMPATH\CodeIgniter.php(354): CodeIgniter\CodeIgniter->handleRequest(null, Object(Config\Cache), false)
 4 SYSTEMPATH\Boot.php(363): CodeIgniter\CodeIgniter->run()
 5 SYSTEMPATH\Boot.php(68): CodeIgniter\Boot::runCodeIgniter(Object(CodeIgniter\CodeIgniter))
 6 FCPATH\index.php(59): CodeIgniter\Boot::bootWeb(Object(Config\Paths))
 7 SYSTEMPATH\rewrite.php(44): require_once('C:\\xampp\\htdocs\\cicemilankayo\\public\\index.php')
WARNING - 2025-12-15 09:53:25 --> [DEPRECATED] Creation of dynamic property App\Controllers\Layanan::$nama is deprecated in APPPATH\Controllers\BaseController.php on line 44.
 1 SYSTEMPATH\CodeIgniter.php(904): App\Controllers\BaseController->initController(Object(CodeIgniter\HTTP\IncomingRequest), Object(CodeIgniter\HTTP\Response), Object(CodeIgniter\Log\Logger))
 2 SYSTEMPATH\CodeIgniter.php(498): CodeIgniter\CodeIgniter->createController()
 3 SYSTEMPATH\CodeIgniter.php(354): CodeIgniter\CodeIgniter->handleRequest(null, Object(Config\Cache), false)
 4 SYSTEMPATH\Boot.php(363): CodeIgniter\CodeIgniter->run()
 5 SYSTEMPATH\Boot.php(68): CodeIgniter\Boot::runCodeIgniter(Object(CodeIgniter\CodeIgniter))
 6 FCPATH\index.php(59): CodeIgniter\Boot::bootWeb(Object(Config\Paths))
 7 SYSTEMPATH\rewrite.php(44): require_once('C:\\xampp\\htdocs\\cicemilankayo\\public\\index.php')
WARNING - 2025-12-15 09:54:06 --> [DEPRECATED] Creation of dynamic property App\Controllers\Beranda::$nama is deprecated in APPPATH\Controllers\BaseController.php on line 44.
 1 SYSTEMPATH\CodeIgniter.php(904): App\Controllers\BaseController->initController(Object(CodeIgniter\HTTP\IncomingRequest), Object(CodeIgniter\HTTP\Response), Object(CodeIgniter\Log\Logger))
 2 SYSTEMPATH\CodeIgniter.php(498): CodeIgniter\CodeIgniter->createController()
 3 SYSTEMPATH\CodeIgniter.php(354): CodeIgniter\CodeIgniter->handleRequest(null, Object(Config\Cache), false)
 4 SYSTEMPATH\Boot.php(363): CodeIgniter\CodeIgniter->run()
 5 SYSTEMPATH\Boot.php(68): CodeIgniter\Boot::runCodeIgniter(Object(CodeIgniter\CodeIgniter))
 6 FCPATH\index.php(59): CodeIgniter\Boot::bootWeb(Object(Config\Paths))
 7 SYSTEMPATH\rewrite.php(44): require_once('C:\\xampp\\htdocs\\cicemilankayo\\public\\index.php')
WARNING - 2025-12-15 09:54:06 --> [DEPRECATED] Creation of dynamic property App\Controllers\Home::$nama is deprecated in APPPATH\Controllers\BaseController.php on line 44.
 1 SYSTEMPATH\CodeIgniter.php(904): App\Controllers\BaseController->initController(Object(CodeIgniter\HTTP\IncomingRequest), Object(CodeIgniter\HTTP\Response), Object(CodeIgniter\Log\Logger))
 2 SYSTEMPATH\CodeIgniter.php(498): CodeIgniter\CodeIgniter->createController()
 3 SYSTEMPATH\CodeIgniter.php(354): CodeIgniter\CodeIgniter->handleRequest(null, Object(Config\Cache), false)
 4 SYSTEMPATH\Boot.php(363): CodeIgniter\CodeIgniter->run()
 5 SYSTEMPATH\Boot.php(68): CodeIgniter\Boot::runCodeIgniter(Object(CodeIgniter\CodeIgniter))
 6 FCPATH\index.php(59): CodeIgniter\Boot::bootWeb(Object(Config\Paths))
 7 SYSTEMPATH\rewrite.php(44): require_once('C:\\xampp\\htdocs\\cicemilankayo\\public\\index.php')
WARNING - 2025-12-15 09:55:07 --> [DEPRECATED] Creation of dynamic property App\Controllers\Home::$nama is deprecated in APPPATH\Controllers\BaseController.php on line 44.
 1 SYSTEMPATH\CodeIgniter.php(904): App\Controllers\BaseController->initController(Object(CodeIgniter\HTTP\IncomingRequest), Object(CodeIgniter\HTTP\Response), Object(CodeIgniter\Log\Logger))
 2 SYSTEMPATH\CodeIgniter.php(498): CodeIgniter\CodeIgniter->createController()
 3 SYSTEMPATH\CodeIgniter.php(354): CodeIgniter\CodeIgniter->handleRequest(null, Object(Config\Cache), false)
 4 SYSTEMPATH\Boot.php(363): CodeIgniter\CodeIgniter->run()
 5 SYSTEMPATH\Boot.php(68): CodeIgniter\Boot::runCodeIgniter(Object(CodeIgniter\CodeIgniter))
 6 FCPATH\index.php(59): CodeIgniter\Boot::bootWeb(Object(Config\Paths))
 7 SYSTEMPATH\rewrite.php(44): require_once('C:\\xampp\\htdocs\\cicemilankayo\\public\\index.php')
WARNING - 2025-12-15 09:55:26 --> [DEPRECATED] Creation of dynamic property App\Controllers\Home::$nama is deprecated in APPPATH\Controllers\BaseController.php on line 44.
 1 SYSTEMPATH\CodeIgniter.php(904): App\Controllers\BaseController->initController(Object(CodeIgniter\HTTP\IncomingRequest), Object(CodeIgniter\HTTP\Response), Object(CodeIgniter\Log\Logger))
 2 SYSTEMPATH\CodeIgniter.php(498): CodeIgniter\CodeIgniter->createController()
 3 SYSTEMPATH\CodeIgniter.php(354): CodeIgniter\CodeIgniter->handleRequest(null, Object(Config\Cache), false)
 4 SYSTEMPATH\Boot.php(363): CodeIgniter\CodeIgniter->run()
 5 SYSTEMPATH\Boot.php(68): CodeIgniter\Boot::runCodeIgniter(Object(CodeIgniter\CodeIgniter))
 6 FCPATH\index.php(59): CodeIgniter\Boot::bootWeb(Object(Config\Paths))
 7 SYSTEMPATH\rewrite.php(44): require_once('C:\\xampp\\htdocs\\cicemilankayo\\public\\index.php')
WARNING - 2025-12-15 09:55:53 --> [DEPRECATED] Creation of dynamic property App\Controllers\Home::$nama is deprecated in APPPATH\Controllers\BaseController.php on line 44.
 1 SYSTEMPATH\CodeIgniter.php(904): App\Controllers\BaseController->initController(Object(CodeIgniter\HTTP\IncomingRequest), Object(CodeIgniter\HTTP\Response), Object(CodeIgniter\Log\Logger))
 2 SYSTEMPATH\CodeIgniter.php(498): CodeIgniter\CodeIgniter->createController()
 3 SYSTEMPATH\CodeIgniter.php(354): CodeIgniter\CodeIgniter->handleRequest(null, Object(Config\Cache), false)
 4 SYSTEMPATH\Boot.php(363): CodeIgniter\CodeIgniter->run()
 5 SYSTEMPATH\Boot.php(68): CodeIgniter\Boot::runCodeIgniter(Object(CodeIgniter\CodeIgniter))
 6 FCPATH\index.php(59): CodeIgniter\Boot::bootWeb(Object(Config\Paths))
 7 SYSTEMPATH\rewrite.php(44): require_once('C:\\xampp\\htdocs\\cicemilankayo\\public\\index.php')
WARNING - 2025-12-15 09:56:14 --> [DEPRECATED] Creation of dynamic property App\Controllers\Home::$nama is deprecated in APPPATH\Controllers\BaseController.php on line 44.
 1 SYSTEMPATH\CodeIgniter.php(904): App\Controllers\BaseController->initController(Object(CodeIgniter\HTTP\IncomingRequest), Object(CodeIgniter\HTTP\Response), Object(CodeIgniter\Log\Logger))
 2 SYSTEMPATH\CodeIgniter.php(498): CodeIgniter\CodeIgniter->createController()
 3 SYSTEMPATH\CodeIgniter.php(354): CodeIgniter\CodeIgniter->handleRequest(null, Object(Config\Cache), false)
 4 SYSTEMPATH\Boot.php(363): CodeIgniter\CodeIgniter->run()
 5 SYSTEMPATH\Boot.php(68): CodeIgniter\Boot::runCodeIgniter(Object(CodeIgniter\CodeIgniter))
 6 FCPATH\index.php(59): CodeIgniter\Boot::bootWeb(Object(Config\Paths))
 7 SYSTEMPATH\rewrite.php(44): require_once('C:\\xampp\\htdocs\\cicemilankayo\\public\\index.php')
WARNING - 2025-12-15 09:57:29 --> [DEPRECATED] Creation of dynamic property App\Controllers\Home::$nama is deprecated in APPPATH\Controllers\BaseController.php on line 44.
 1 SYSTEMPATH\CodeIgniter.php(904): App\Controllers\BaseController->initController(Object(CodeIgniter\HTTP\IncomingRequest), Object(CodeIgniter\HTTP\Response), Object(CodeIgniter\Log\Logger))
 2 SYSTEMPATH\CodeIgniter.php(498): CodeIgniter\CodeIgniter->createController()
 3 SYSTEMPATH\CodeIgniter.php(354): CodeIgniter\CodeIgniter->handleRequest(null, Object(Config\Cache), false)
 4 SYSTEMPATH\Boot.php(363): CodeIgniter\CodeIgniter->run()
 5 SYSTEMPATH\Boot.php(68): CodeIgniter\Boot::runCodeIgniter(Object(CodeIgniter\CodeIgniter))
 6 FCPATH\index.php(59): CodeIgniter\Boot::bootWeb(Object(Config\Paths))
 7 SYSTEMPATH\rewrite.php(44): require_once('C:\\xampp\\htdocs\\cicemilankayo\\public\\index.php')
WARNING - 2025-12-15 09:58:49 --> [DEPRECATED] Creation of dynamic property App\Controllers\Home::$nama is deprecated in APPPATH\Controllers\BaseController.php on line 44.
 1 SYSTEMPATH\CodeIgniter.php(904): App\Controllers\BaseController->initController(Object(CodeIgniter\HTTP\IncomingRequest), Object(CodeIgniter\HTTP\Response), Object(CodeIgniter\Log\Logger))
 2 SYSTEMPATH\CodeIgniter.php(498): CodeIgniter\CodeIgniter->createController()
 3 SYSTEMPATH\CodeIgniter.php(354): CodeIgniter\CodeIgniter->handleRequest(null, Object(Config\Cache), false)
 4 SYSTEMPATH\Boot.php(363): CodeIgniter\CodeIgniter->run()
 5 SYSTEMPATH\Boot.php(68): CodeIgniter\Boot::runCodeIgniter(Object(CodeIgniter\CodeIgniter))
 6 FCPATH\index.php(59): CodeIgniter\Boot::bootWeb(Object(Config\Paths))
 7 SYSTEMPATH\rewrite.php(44): require_once('C:\\xampp\\htdocs\\cicemilankayo\\public\\index.php')
WARNING - 2025-12-15 09:59:09 --> [DEPRECATED] Creation of dynamic property App\Controllers\Home::$nama is deprecated in APPPATH\Controllers\BaseController.php on line 44.
 1 SYSTEMPATH\CodeIgniter.php(904): App\Controllers\BaseController->initController(Object(CodeIgniter\HTTP\IncomingRequest), Object(CodeIgniter\HTTP\Response), Object(CodeIgniter\Log\Logger))
 2 SYSTEMPATH\CodeIgniter.php(498): CodeIgniter\CodeIgniter->createController()
 3 SYSTEMPATH\CodeIgniter.php(354): CodeIgniter\CodeIgniter->handleRequest(null, Object(Config\Cache), false)
 4 SYSTEMPATH\Boot.php(363): CodeIgniter\CodeIgniter->run()
 5 SYSTEMPATH\Boot.php(68): CodeIgniter\Boot::runCodeIgniter(Object(CodeIgniter\CodeIgniter))
 6 FCPATH\index.php(59): CodeIgniter\Boot::bootWeb(Object(Config\Paths))
 7 SYSTEMPATH\rewrite.php(44): require_once('C:\\xampp\\htdocs\\cicemilankayo\\public\\index.php')
WARNING - 2025-12-15 10:00:39 --> [DEPRECATED] Creation of dynamic property App\Controllers\Home::$nama is deprecated in APPPATH\Controllers\BaseController.php on line 44.
 1 SYSTEMPATH\CodeIgniter.php(904): App\Controllers\BaseController->initController(Object(CodeIgniter\HTTP\IncomingRequest), Object(CodeIgniter\HTTP\Response), Object(CodeIgniter\Log\Logger))
 2 SYSTEMPATH\CodeIgniter.php(498): CodeIgniter\CodeIgniter->createController()
 3 SYSTEMPATH\CodeIgniter.php(354): CodeIgniter\CodeIgniter->handleRequest(null, Object(Config\Cache), false)
 4 SYSTEMPATH\Boot.php(363): CodeIgniter\CodeIgniter->run()
 5 SYSTEMPATH\Boot.php(68): CodeIgniter\Boot::runCodeIgniter(Object(CodeIgniter\CodeIgniter))
 6 FCPATH\index.php(59): CodeIgniter\Boot::bootWeb(Object(Config\Paths))
 7 SYSTEMPATH\rewrite.php(44): require_once('C:\\xampp\\htdocs\\cicemilankayo\\public\\index.php')
WARNING - 2025-12-15 10:03:39 --> [DEPRECATED] Creation of dynamic property App\Controllers\Home::$nama is deprecated in APPPATH\Controllers\BaseController.php on line 44.
 1 SYSTEMPATH\CodeIgniter.php(904): App\Controllers\BaseController->initController(Object(CodeIgniter\HTTP\IncomingRequest), Object(CodeIgniter\HTTP\Response), Object(CodeIgniter\Log\Logger))
 2 SYSTEMPATH\CodeIgniter.php(498): CodeIgniter\CodeIgniter->createController()
 3 SYSTEMPATH\CodeIgniter.php(354): CodeIgniter\CodeIgniter->handleRequest(null, Object(Config\Cache), false)
 4 SYSTEMPATH\Boot.php(363): CodeIgniter\CodeIgniter->run()
 5 SYSTEMPATH\Boot.php(68): CodeIgniter\Boot::runCodeIgniter(Object(CodeIgniter\CodeIgniter))
 6 FCPATH\index.php(59): CodeIgniter\Boot::bootWeb(Object(Config\Paths))
 7 SYSTEMPATH\rewrite.php(44): require_once('C:\\xampp\\htdocs\\cicemilankayo\\public\\index.php')
WARNING - 2025-12-15 10:03:54 --> [DEPRECATED] Creation of dynamic property App\Controllers\Home::$nama is deprecated in APPPATH\Controllers\BaseController.php on line 44.
 1 SYSTEMPATH\CodeIgniter.php(904): App\Controllers\BaseController->initController(Object(CodeIgniter\HTTP\IncomingRequest), Object(CodeIgniter\HTTP\Response), Object(CodeIgniter\Log\Logger))
 2 SYSTEMPATH\CodeIgniter.php(498): CodeIgniter\CodeIgniter->createController()
 3 SYSTEMPATH\CodeIgniter.php(354): CodeIgniter\CodeIgniter->handleRequest(null, Object(Config\Cache), false)
 4 SYSTEMPATH\Boot.php(363): CodeIgniter\CodeIgniter->run()
 5 SYSTEMPATH\Boot.php(68): CodeIgniter\Boot::runCodeIgniter(Object(CodeIgniter\CodeIgniter))
 6 FCPATH\index.php(59): CodeIgniter\Boot::bootWeb(Object(Config\Paths))
 7 SYSTEMPATH\rewrite.php(44): require_once('C:\\xampp\\htdocs\\cicemilankayo\\public\\index.php')
WARNING - 2025-12-15 10:04:47 --> [DEPRECATED] Creation of dynamic property App\Controllers\Home::$nama is deprecated in APPPATH\Controllers\BaseController.php on line 44.
 1 SYSTEMPATH\CodeIgniter.php(904): App\Controllers\BaseController->initController(Object(CodeIgniter\HTTP\IncomingRequest), Object(CodeIgniter\HTTP\Response), Object(CodeIgniter\Log\Logger))
 2 SYSTEMPATH\CodeIgniter.php(498): CodeIgniter\CodeIgniter->createController()
 3 SYSTEMPATH\CodeIgniter.php(354): CodeIgniter\CodeIgniter->handleRequest(null, Object(Config\Cache), false)
 4 SYSTEMPATH\Boot.php(363): CodeIgniter\CodeIgniter->run()
 5 SYSTEMPATH\Boot.php(68): CodeIgniter\Boot::runCodeIgniter(Object(CodeIgniter\CodeIgniter))
 6 FCPATH\index.php(59): CodeIgniter\Boot::bootWeb(Object(Config\Paths))
 7 SYSTEMPATH\rewrite.php(44): require_once('C:\\xampp\\htdocs\\cicemilankayo\\public\\index.php')
WARNING - 2025-12-15 10:05:39 --> [DEPRECATED] Creation of dynamic property App\Controllers\Layanan::$nama is deprecated in APPPATH\Controllers\BaseController.php on line 44.
 1 SYSTEMPATH\CodeIgniter.php(904): App\Controllers\BaseController->initController(Object(CodeIgniter\HTTP\IncomingRequest), Object(CodeIgniter\HTTP\Response), Object(CodeIgniter\Log\Logger))
 2 SYSTEMPATH\CodeIgniter.php(498): CodeIgniter\CodeIgniter->createController()
 3 SYSTEMPATH\CodeIgniter.php(354): CodeIgniter\CodeIgniter->handleRequest(null, Object(Config\Cache), false)
 4 SYSTEMPATH\Boot.php(363): CodeIgniter\CodeIgniter->run()
 5 SYSTEMPATH\Boot.php(68): CodeIgniter\Boot::runCodeIgniter(Object(CodeIgniter\CodeIgniter))
 6 FCPATH\index.php(59): CodeIgniter\Boot::bootWeb(Object(Config\Paths))
 7 SYSTEMPATH\rewrite.php(44): require_once('C:\\xampp\\htdocs\\cicemilankayo\\public\\index.php')
WARNING - 2025-12-15 10:05:42 --> [DEPRECATED] Creation of dynamic property App\Controllers\Portofolio::$nama is deprecated in APPPATH\Controllers\BaseController.php on line 44.
 1 SYSTEMPATH\CodeIgniter.php(904): App\Controllers\BaseController->initController(Object(CodeIgniter\HTTP\IncomingRequest), Object(CodeIgniter\HTTP\Response), Object(CodeIgniter\Log\Logger))
 2 SYSTEMPATH\CodeIgniter.php(498): CodeIgniter\CodeIgniter->createController()
 3 SYSTEMPATH\CodeIgniter.php(354): CodeIgniter\CodeIgniter->handleRequest(null, Object(Config\Cache), false)
 4 SYSTEMPATH\Boot.php(363): CodeIgniter\CodeIgniter->run()
 5 SYSTEMPATH\Boot.php(68): CodeIgniter\Boot::runCodeIgniter(Object(CodeIgniter\CodeIgniter))
 6 FCPATH\index.php(59): CodeIgniter\Boot::bootWeb(Object(Config\Paths))
 7 SYSTEMPATH\rewrite.php(44): require_once('C:\\xampp\\htdocs\\cicemilankayo\\public\\index.php')
WARNING - 2025-12-15 10:05:44 --> [DEPRECATED] Creation of dynamic property App\Controllers\Home::$nama is deprecated in APPPATH\Controllers\BaseController.php on line 44.
 1 SYSTEMPATH\CodeIgniter.php(904): App\Controllers\BaseController->initController(Object(CodeIgniter\HTTP\IncomingRequest), Object(CodeIgniter\HTTP\Response), Object(CodeIgniter\Log\Logger))
 2 SYSTEMPATH\CodeIgniter.php(498): CodeIgniter\CodeIgniter->createController()
 3 SYSTEMPATH\CodeIgniter.php(354): CodeIgniter\CodeIgniter->handleRequest(null, Object(Config\Cache), false)
 4 SYSTEMPATH\Boot.php(363): CodeIgniter\CodeIgniter->run()
 5 SYSTEMPATH\Boot.php(68): CodeIgniter\Boot::runCodeIgniter(Object(CodeIgniter\CodeIgniter))
 6 FCPATH\index.php(59): CodeIgniter\Boot::bootWeb(Object(Config\Paths))
 7 SYSTEMPATH\rewrite.php(44): require_once('C:\\xampp\\htdocs\\cicemilankayo\\public\\index.php')
WARNING - 2025-12-15 10:05:56 --> [DEPRECATED] Creation of dynamic property App\Controllers\Beranda::$nama is deprecated in APPPATH\Controllers\BaseController.php on line 44.
 1 SYSTEMPATH\CodeIgniter.php(904): App\Controllers\BaseController->initController(Object(CodeIgniter\HTTP\IncomingRequest), Object(CodeIgniter\HTTP\Response), Object(CodeIgniter\Log\Logger))
 2 SYSTEMPATH\CodeIgniter.php(498): CodeIgniter\CodeIgniter->createController()
 3 SYSTEMPATH\CodeIgniter.php(354): CodeIgniter\CodeIgniter->handleRequest(null, Object(Config\Cache), false)
 4 SYSTEMPATH\Boot.php(363): CodeIgniter\CodeIgniter->run()
 5 SYSTEMPATH\Boot.php(68): CodeIgniter\Boot::runCodeIgniter(Object(CodeIgniter\CodeIgniter))
 6 FCPATH\index.php(59): CodeIgniter\Boot::bootWeb(Object(Config\Paths))
 7 SYSTEMPATH\rewrite.php(44): require_once('C:\\xampp\\htdocs\\cicemilankayo\\public\\index.php')
WARNING - 2025-12-15 10:05:59 --> [DEPRECATED] Creation of dynamic property App\Controllers\Layanan::$nama is deprecated in APPPATH\Controllers\BaseController.php on line 44.
 1 SYSTEMPATH\CodeIgniter.php(904): App\Controllers\BaseController->initController(Object(CodeIgniter\HTTP\IncomingRequest), Object(CodeIgniter\HTTP\Response), Object(CodeIgniter\Log\Logger))
 2 SYSTEMPATH\CodeIgniter.php(498): CodeIgniter\CodeIgniter->createController()
 3 SYSTEMPATH\CodeIgniter.php(354): CodeIgniter\CodeIgniter->handleRequest(null, Object(Config\Cache), false)
 4 SYSTEMPATH\Boot.php(363): CodeIgniter\CodeIgniter->run()
 5 SYSTEMPATH\Boot.php(68): CodeIgniter\Boot::runCodeIgniter(Object(CodeIgniter\CodeIgniter))
 6 FCPATH\index.php(59): CodeIgniter\Boot::bootWeb(Object(Config\Paths))
 7 SYSTEMPATH\rewrite.php(44): require_once('C:\\xampp\\htdocs\\cicemilankayo\\public\\index.php')
WARNING - 2025-12-15 10:06:01 --> [DEPRECATED] Creation of dynamic property App\Controllers\Portofolio::$nama is deprecated in APPPATH\Controllers\BaseController.php on line 44.
 1 SYSTEMPATH\CodeIgniter.php(904): App\Controllers\BaseController->initController(Object(CodeIgniter\HTTP\IncomingRequest), Object(CodeIgniter\HTTP\Response), Object(CodeIgniter\Log\Logger))
 2 SYSTEMPATH\CodeIgniter.php(498): CodeIgniter\CodeIgniter->createController()
 3 SYSTEMPATH\CodeIgniter.php(354): CodeIgniter\CodeIgniter->handleRequest(null, Object(Config\Cache), false)
 4 SYSTEMPATH\Boot.php(363): CodeIgniter\CodeIgniter->run()
 5 SYSTEMPATH\Boot.php(68): CodeIgniter\Boot::runCodeIgniter(Object(CodeIgniter\CodeIgniter))
 6 FCPATH\index.php(59): CodeIgniter\Boot::bootWeb(Object(Config\Paths))
 7 SYSTEMPATH\rewrite.php(44): require_once('C:\\xampp\\htdocs\\cicemilankayo\\public\\index.php')
WARNING - 2025-12-15 10:06:03 --> [DEPRECATED] Creation of dynamic property App\Controllers\Home::$nama is deprecated in APPPATH\Controllers\BaseController.php on line 44.
 1 SYSTEMPATH\CodeIgniter.php(904): App\Controllers\BaseController->initController(Object(CodeIgniter\HTTP\IncomingRequest), Object(CodeIgniter\HTTP\Response), Object(CodeIgniter\Log\Logger))
 2 SYSTEMPATH\CodeIgniter.php(498): CodeIgniter\CodeIgniter->createController()
 3 SYSTEMPATH\CodeIgniter.php(354): CodeIgniter\CodeIgniter->handleRequest(null, Object(Config\Cache), false)
 4 SYSTEMPATH\Boot.php(363): CodeIgniter\CodeIgniter->run()
 5 SYSTEMPATH\Boot.php(68): CodeIgniter\Boot::runCodeIgniter(Object(CodeIgniter\CodeIgniter))
 6 FCPATH\index.php(59): CodeIgniter\Boot::bootWeb(Object(Config\Paths))
 7 SYSTEMPATH\rewrite.php(44): require_once('C:\\xampp\\htdocs\\cicemilankayo\\public\\index.php')
WARNING - 2025-12-15 10:06:36 --> [DEPRECATED] Creation of dynamic property App\Controllers\Portofolio::$nama is deprecated in APPPATH\Controllers\BaseController.php on line 44.
 1 SYSTEMPATH\CodeIgniter.php(904): App\Controllers\BaseController->initController(Object(CodeIgniter\HTTP\IncomingRequest), Object(CodeIgniter\HTTP\Response), Object(CodeIgniter\Log\Logger))
 2 SYSTEMPATH\CodeIgniter.php(498): CodeIgniter\CodeIgniter->createController()
 3 SYSTEMPATH\CodeIgniter.php(354): CodeIgniter\CodeIgniter->handleRequest(null, Object(Config\Cache), false)
 4 SYSTEMPATH\Boot.php(363): CodeIgniter\CodeIgniter->run()
 5 SYSTEMPATH\Boot.php(68): CodeIgniter\Boot::runCodeIgniter(Object(CodeIgniter\CodeIgniter))
 6 FCPATH\index.php(59): CodeIgniter\Boot::bootWeb(Object(Config\Paths))
 7 SYSTEMPATH\rewrite.php(44): require_once('C:\\xampp\\htdocs\\cicemilankayo\\public\\index.php')
WARNING - 2025-12-15 10:06:49 --> [DEPRECATED] Creation of dynamic property App\Controllers\Layanan::$nama is deprecated in APPPATH\Controllers\BaseController.php on line 44.
 1 SYSTEMPATH\CodeIgniter.php(904): App\Controllers\BaseController->initController(Object(CodeIgniter\HTTP\IncomingRequest), Object(CodeIgniter\HTTP\Response), Object(CodeIgniter\Log\Logger))
 2 SYSTEMPATH\CodeIgniter.php(498): CodeIgniter\CodeIgniter->createController()
 3 SYSTEMPATH\CodeIgniter.php(354): CodeIgniter\CodeIgniter->handleRequest(null, Object(Config\Cache), false)
 4 SYSTEMPATH\Boot.php(363): CodeIgniter\CodeIgniter->run()
 5 SYSTEMPATH\Boot.php(68): CodeIgniter\Boot::runCodeIgniter(Object(CodeIgniter\CodeIgniter))
 6 FCPATH\index.php(59): CodeIgniter\Boot::bootWeb(Object(Config\Paths))
 7 SYSTEMPATH\rewrite.php(44): require_once('C:\\xampp\\htdocs\\cicemilankayo\\public\\index.php')
WARNING - 2025-12-15 10:06:53 --> [DEPRECATED] Creation of dynamic property App\Controllers\Portofolio::$nama is deprecated in APPPATH\Controllers\BaseController.php on line 44.
 1 SYSTEMPATH\CodeIgniter.php(904): App\Controllers\BaseController->initController(Object(CodeIgniter\HTTP\IncomingRequest), Object(CodeIgniter\HTTP\Response), Object(CodeIgniter\Log\Logger))
 2 SYSTEMPATH\CodeIgniter.php(498): CodeIgniter\CodeIgniter->createController()
 3 SYSTEMPATH\CodeIgniter.php(354): CodeIgniter\CodeIgniter->handleRequest(null, Object(Config\Cache), false)
 4 SYSTEMPATH\Boot.php(363): CodeIgniter\CodeIgniter->run()
 5 SYSTEMPATH\Boot.php(68): CodeIgniter\Boot::runCodeIgniter(Object(CodeIgniter\CodeIgniter))
 6 FCPATH\index.php(59): CodeIgniter\Boot::bootWeb(Object(Config\Paths))
 7 SYSTEMPATH\rewrite.php(44): require_once('C:\\xampp\\htdocs\\cicemilankayo\\public\\index.php')
WARNING - 2025-12-15 10:06:56 --> [DEPRECATED] Creation of dynamic property App\Controllers\Beranda::$nama is deprecated in APPPATH\Controllers\BaseController.php on line 44.
 1 SYSTEMPATH\CodeIgniter.php(904): App\Controllers\BaseController->initController(Object(CodeIgniter\HTTP\IncomingRequest), Object(CodeIgniter\HTTP\Response), Object(CodeIgniter\Log\Logger))
 2 SYSTEMPATH\CodeIgniter.php(498): CodeIgniter\CodeIgniter->createController()
 3 SYSTEMPATH\CodeIgniter.php(354): CodeIgniter\CodeIgniter->handleRequest(null, Object(Config\Cache), false)
 4 SYSTEMPATH\Boot.php(363): CodeIgniter\CodeIgniter->run()
 5 SYSTEMPATH\Boot.php(68): CodeIgniter\Boot::runCodeIgniter(Object(CodeIgniter\CodeIgniter))
 6 FCPATH\index.php(59): CodeIgniter\Boot::bootWeb(Object(Config\Paths))
 7 SYSTEMPATH\rewrite.php(44): require_once('C:\\xampp\\htdocs\\cicemilankayo\\public\\index.php')
WARNING - 2025-12-15 10:07:08 --> [DEPRECATED] Creation of dynamic property App\Controllers\Layanan::$nama is deprecated in APPPATH\Controllers\BaseController.php on line 44.
 1 SYSTEMPATH\CodeIgniter.php(904): App\Controllers\BaseController->initController(Object(CodeIgniter\HTTP\IncomingRequest), Object(CodeIgniter\HTTP\Response), Object(CodeIgniter\Log\Logger))
 2 SYSTEMPATH\CodeIgniter.php(498): CodeIgniter\CodeIgniter->createController()
 3 SYSTEMPATH\CodeIgniter.php(354): CodeIgniter\CodeIgniter->handleRequest(null, Object(Config\Cache), false)
 4 SYSTEMPATH\Boot.php(363): CodeIgniter\CodeIgniter->run()
 5 SYSTEMPATH\Boot.php(68): CodeIgniter\Boot::runCodeIgniter(Object(CodeIgniter\CodeIgniter))
 6 FCPATH\index.php(59): CodeIgniter\Boot::bootWeb(Object(Config\Paths))
 7 SYSTEMPATH\rewrite.php(44): require_once('C:\\xampp\\htdocs\\cicemilankayo\\public\\index.php')
WARNING - 2025-12-15 10:07:25 --> [DEPRECATED] Creation of dynamic property App\Controllers\Layanan::$nama is deprecated in APPPATH\Controllers\BaseController.php on line 44.
 1 SYSTEMPATH\CodeIgniter.php(904): App\Controllers\BaseController->initController(Object(CodeIgniter\HTTP\IncomingRequest), Object(CodeIgniter\HTTP\Response), Object(CodeIgniter\Log\Logger))
 2 SYSTEMPATH\CodeIgniter.php(498): CodeIgniter\CodeIgniter->createController()
 3 SYSTEMPATH\CodeIgniter.php(354): CodeIgniter\CodeIgniter->handleRequest(null, Object(Config\Cache), false)
 4 SYSTEMPATH\Boot.php(363): CodeIgniter\CodeIgniter->run()
 5 SYSTEMPATH\Boot.php(68): CodeIgniter\Boot::runCodeIgniter(Object(CodeIgniter\CodeIgniter))
 6 FCPATH\index.php(59): CodeIgniter\Boot::bootWeb(Object(Config\Paths))
 7 SYSTEMPATH\rewrite.php(44): require_once('C:\\xampp\\htdocs\\cicemilankayo\\public\\index.php')
WARNING - 2025-12-15 10:07:28 --> [DEPRECATED] Creation of dynamic property App\Controllers\Beranda::$nama is deprecated in APPPATH\Controllers\BaseController.php on line 44.
 1 SYSTEMPATH\CodeIgniter.php(904): App\Controllers\BaseController->initController(Object(CodeIgniter\HTTP\IncomingRequest), Object(CodeIgniter\HTTP\Response), Object(CodeIgniter\Log\Logger))
 2 SYSTEMPATH\CodeIgniter.php(498): CodeIgniter\CodeIgniter->createController()
 3 SYSTEMPATH\CodeIgniter.php(354): CodeIgniter\CodeIgniter->handleRequest(null, Object(Config\Cache), false)
 4 SYSTEMPATH\Boot.php(363): CodeIgniter\CodeIgniter->run()
 5 SYSTEMPATH\Boot.php(68): CodeIgniter\Boot::runCodeIgniter(Object(CodeIgniter\CodeIgniter))
 6 FCPATH\index.php(59): CodeIgniter\Boot::bootWeb(Object(Config\Paths))
 7 SYSTEMPATH\rewrite.php(44): require_once('C:\\xampp\\htdocs\\cicemilankayo\\public\\index.php')
WARNING - 2025-12-15 10:07:32 --> [DEPRECATED] Creation of dynamic property App\Controllers\Layanan::$nama is deprecated in APPPATH\Controllers\BaseController.php on line 44.
 1 SYSTEMPATH\CodeIgniter.php(904): App\Controllers\BaseController->initController(Object(CodeIgniter\HTTP\IncomingRequest), Object(CodeIgniter\HTTP\Response), Object(CodeIgniter\Log\Logger))
 2 SYSTEMPATH\CodeIgniter.php(498): CodeIgniter\CodeIgniter->createController()
 3 SYSTEMPATH\CodeIgniter.php(354): CodeIgniter\CodeIgniter->handleRequest(null, Object(Config\Cache), false)
 4 SYSTEMPATH\Boot.php(363): CodeIgniter\CodeIgniter->run()
 5 SYSTEMPATH\Boot.php(68): CodeIgniter\Boot::runCodeIgniter(Object(CodeIgniter\CodeIgniter))
 6 FCPATH\index.php(59): CodeIgniter\Boot::bootWeb(Object(Config\Paths))
 7 SYSTEMPATH\rewrite.php(44): require_once('C:\\xampp\\htdocs\\cicemilankayo\\public\\index.php')
WARNING - 2025-12-15 10:08:15 --> [DEPRECATED] Creation of dynamic property App\Controllers\Home::$nama is deprecated in APPPATH\Controllers\BaseController.php on line 44.
 1 SYSTEMPATH\CodeIgniter.php(904): App\Controllers\BaseController->initController(Object(CodeIgniter\HTTP\IncomingRequest), Object(CodeIgniter\HTTP\Response), Object(CodeIgniter\Log\Logger))
 2 SYSTEMPATH\CodeIgniter.php(498): CodeIgniter\CodeIgniter->createController()
 3 SYSTEMPATH\CodeIgniter.php(354): CodeIgniter\CodeIgniter->handleRequest(null, Object(Config\Cache), false)
 4 SYSTEMPATH\Boot.php(363): CodeIgniter\CodeIgniter->run()
 5 SYSTEMPATH\Boot.php(68): CodeIgniter\Boot::runCodeIgniter(Object(CodeIgniter\CodeIgniter))
 6 FCPATH\index.php(59): CodeIgniter\Boot::bootWeb(Object(Config\Paths))
 7 SYSTEMPATH\rewrite.php(44): require_once('C:\\xampp\\htdocs\\cicemilankayo\\public\\index.php')
WARNING - 2025-12-15 10:08:22 --> [DEPRECATED] Creation of dynamic property App\Controllers\Home::$nama is deprecated in APPPATH\Controllers\BaseController.php on line 44.
 1 SYSTEMPATH\CodeIgniter.php(904): App\Controllers\BaseController->initController(Object(CodeIgniter\HTTP\IncomingRequest), Object(CodeIgniter\HTTP\Response), Object(CodeIgniter\Log\Logger))
 2 SYSTEMPATH\CodeIgniter.php(498): CodeIgniter\CodeIgniter->createController()
 3 SYSTEMPATH\CodeIgniter.php(354): CodeIgniter\CodeIgniter->handleRequest(null, Object(Config\Cache), false)
 4 SYSTEMPATH\Boot.php(363): CodeIgniter\CodeIgniter->run()
 5 SYSTEMPATH\Boot.php(68): CodeIgniter\Boot::runCodeIgniter(Object(CodeIgniter\CodeIgniter))
 6 FCPATH\index.php(59): CodeIgniter\Boot::bootWeb(Object(Config\Paths))
 7 SYSTEMPATH\rewrite.php(44): require_once('C:\\xampp\\htdocs\\cicemilankayo\\public\\index.php')
WARNING - 2025-12-15 10:08:25 --> [DEPRECATED] Creation of dynamic property App\Controllers\Layanan::$nama is deprecated in APPPATH\Controllers\BaseController.php on line 44.
 1 SYSTEMPATH\CodeIgniter.php(904): App\Controllers\BaseController->initController(Object(CodeIgniter\HTTP\IncomingRequest), Object(CodeIgniter\HTTP\Response), Object(CodeIgniter\Log\Logger))
 2 SYSTEMPATH\CodeIgniter.php(498): CodeIgniter\CodeIgniter->createController()
 3 SYSTEMPATH\CodeIgniter.php(354): CodeIgniter\CodeIgniter->handleRequest(null, Object(Config\Cache), false)
 4 SYSTEMPATH\Boot.php(363): CodeIgniter\CodeIgniter->run()
 5 SYSTEMPATH\Boot.php(68): CodeIgniter\Boot::runCodeIgniter(Object(CodeIgniter\CodeIgniter))
 6 FCPATH\index.php(59): CodeIgniter\Boot::bootWeb(Object(Config\Paths))
 7 SYSTEMPATH\rewrite.php(44): require_once('C:\\xampp\\htdocs\\cicemilankayo\\public\\index.php')
WARNING - 2025-12-15 10:08:26 --> [DEPRECATED] Creation of dynamic property App\Controllers\Home::$nama is deprecated in APPPATH\Controllers\BaseController.php on line 44.
 1 SYSTEMPATH\CodeIgniter.php(904): App\Controllers\BaseController->initController(Object(CodeIgniter\HTTP\IncomingRequest), Object(CodeIgniter\HTTP\Response), Object(CodeIgniter\Log\Logger))
 2 SYSTEMPATH\CodeIgniter.php(498): CodeIgniter\CodeIgniter->createController()
 3 SYSTEMPATH\CodeIgniter.php(354): CodeIgniter\CodeIgniter->handleRequest(null, Object(Config\Cache), false)
 4 SYSTEMPATH\Boot.php(363): CodeIgniter\CodeIgniter->run()
 5 SYSTEMPATH\Boot.php(68): CodeIgniter\Boot::runCodeIgniter(Object(CodeIgniter\CodeIgniter))
 6 FCPATH\index.php(59): CodeIgniter\Boot::bootWeb(Object(Config\Paths))
 7 SYSTEMPATH\rewrite.php(44): require_once('C:\\xampp\\htdocs\\cicemilankayo\\public\\index.php')
WARNING - 2025-12-15 10:08:28 --> [DEPRECATED] Creation of dynamic property App\Controllers\Home::$nama is deprecated in APPPATH\Controllers\BaseController.php on line 44.
 1 SYSTEMPATH\CodeIgniter.php(904): App\Controllers\BaseController->initController(Object(CodeIgniter\HTTP\IncomingRequest), Object(CodeIgniter\HTTP\Response), Object(CodeIgniter\Log\Logger))
 2 SYSTEMPATH\CodeIgniter.php(498): CodeIgniter\CodeIgniter->createController()
 3 SYSTEMPATH\CodeIgniter.php(354): CodeIgniter\CodeIgniter->handleRequest(null, Object(Config\Cache), false)
 4 SYSTEMPATH\Boot.php(363): CodeIgniter\CodeIgniter->run()
 5 SYSTEMPATH\Boot.php(68): CodeIgniter\Boot::runCodeIgniter(Object(CodeIgniter\CodeIgniter))
 6 FCPATH\index.php(59): CodeIgniter\Boot::bootWeb(Object(Config\Paths))
 7 SYSTEMPATH\rewrite.php(44): require_once('C:\\xampp\\htdocs\\cicemilankayo\\public\\index.php')
WARNING - 2025-12-15 10:08:35 --> [DEPRECATED] Creation of dynamic property App\Controllers\Home::$nama is deprecated in APPPATH\Controllers\BaseController.php on line 44.
 1 SYSTEMPATH\CodeIgniter.php(904): App\Controllers\BaseController->initController(Object(CodeIgniter\HTTP\IncomingRequest), Object(CodeIgniter\HTTP\Response), Object(CodeIgniter\Log\Logger))
 2 SYSTEMPATH\CodeIgniter.php(498): CodeIgniter\CodeIgniter->createController()
 3 SYSTEMPATH\CodeIgniter.php(354): CodeIgniter\CodeIgniter->handleRequest(null, Object(Config\Cache), false)
 4 SYSTEMPATH\Boot.php(363): CodeIgniter\CodeIgniter->run()
 5 SYSTEMPATH\Boot.php(68): CodeIgniter\Boot::runCodeIgniter(Object(CodeIgniter\CodeIgniter))
 6 FCPATH\index.php(59): CodeIgniter\Boot::bootWeb(Object(Config\Paths))
 7 SYSTEMPATH\rewrite.php(44): require_once('C:\\xampp\\htdocs\\cicemilankayo\\public\\index.php')
WARNING - 2025-12-15 10:08:41 --> [DEPRECATED] Creation of dynamic property App\Controllers\Home::$nama is deprecated in APPPATH\Controllers\BaseController.php on line 44.
 1 SYSTEMPATH\CodeIgniter.php(904): App\Controllers\BaseController->initController(Object(CodeIgniter\HTTP\IncomingRequest), Object(CodeIgniter\HTTP\Response), Object(CodeIgniter\Log\Logger))
 2 SYSTEMPATH\CodeIgniter.php(498): CodeIgniter\CodeIgniter->createController()
 3 SYSTEMPATH\CodeIgniter.php(354): CodeIgniter\CodeIgniter->handleRequest(null, Object(Config\Cache), false)
 4 SYSTEMPATH\Boot.php(363): CodeIgniter\CodeIgniter->run()
 5 SYSTEMPATH\Boot.php(68): CodeIgniter\Boot::runCodeIgniter(Object(CodeIgniter\CodeIgniter))
 6 FCPATH\index.php(59): CodeIgniter\Boot::bootWeb(Object(Config\Paths))
 7 SYSTEMPATH\rewrite.php(44): require_once('C:\\xampp\\htdocs\\cicemilankayo\\public\\index.php')
WARNING - 2025-12-15 10:08:42 --> [DEPRECATED] Creation of dynamic property App\Controllers\Home::$nama is deprecated in APPPATH\Controllers\BaseController.php on line 44.
 1 SYSTEMPATH\CodeIgniter.php(904): App\Controllers\BaseController->initController(Object(CodeIgniter\HTTP\IncomingRequest), Object(CodeIgniter\HTTP\Response), Object(CodeIgniter\Log\Logger))
 2 SYSTEMPATH\CodeIgniter.php(498): CodeIgniter\CodeIgniter->createController()
 3 SYSTEMPATH\CodeIgniter.php(354): CodeIgniter\CodeIgniter->handleRequest(null, Object(Config\Cache), false)
 4 SYSTEMPATH\Boot.php(363): CodeIgniter\CodeIgniter->run()
 5 SYSTEMPATH\Boot.php(68): CodeIgniter\Boot::runCodeIgniter(Object(CodeIgniter\CodeIgniter))
 6 FCPATH\index.php(59): CodeIgniter\Boot::bootWeb(Object(Config\Paths))
 7 SYSTEMPATH\rewrite.php(44): require_once('C:\\xampp\\htdocs\\cicemilankayo\\public\\index.php')
WARNING - 2025-12-15 10:12:02 --> [DEPRECATED] Creation of dynamic property App\Controllers\Beranda::$nama is deprecated in APPPATH\Controllers\BaseController.php on line 44.
 1 SYSTEMPATH\CodeIgniter.php(904): App\Controllers\BaseController->initController(Object(CodeIgniter\HTTP\IncomingRequest), Object(CodeIgniter\HTTP\Response), Object(CodeIgniter\Log\Logger))
 2 SYSTEMPATH\CodeIgniter.php(498): CodeIgniter\CodeIgniter->createController()
 3 SYSTEMPATH\CodeIgniter.php(354): CodeIgniter\CodeIgniter->handleRequest(null, Object(Config\Cache), false)
 4 SYSTEMPATH\Boot.php(363): CodeIgniter\CodeIgniter->run()
 5 SYSTEMPATH\Boot.php(68): CodeIgniter\Boot::runCodeIgniter(Object(CodeIgniter\CodeIgniter))
 6 FCPATH\index.php(59): CodeIgniter\Boot::bootWeb(Object(Config\Paths))
 7 SYSTEMPATH\rewrite.php(44): require_once('C:\\xampp\\htdocs\\cicemilankayo\\public\\index.php')
WARNING - 2025-12-15 10:15:30 --> [DEPRECATED] Creation of dynamic property App\Controllers\Beranda::$nama is deprecated in APPPATH\Controllers\BaseController.php on line 44.
 1 SYSTEMPATH\CodeIgniter.php(904): App\Controllers\BaseController->initController(Object(CodeIgniter\HTTP\IncomingRequest), Object(CodeIgniter\HTTP\Response), Object(CodeIgniter\Log\Logger))
 2 SYSTEMPATH\CodeIgniter.php(498): CodeIgniter\CodeIgniter->createController()
 3 SYSTEMPATH\CodeIgniter.php(354): CodeIgniter\CodeIgniter->handleRequest(null, Object(Config\Cache), false)
 4 SYSTEMPATH\Boot.php(363): CodeIgniter\CodeIgniter->run()
 5 SYSTEMPATH\Boot.php(68): CodeIgniter\Boot::runCodeIgniter(Object(CodeIgniter\CodeIgniter))
 6 FCPATH\index.php(59): CodeIgniter\Boot::bootWeb(Object(Config\Paths))
 7 SYSTEMPATH\rewrite.php(44): require_once('C:\\xampp\\htdocs\\cicemilankayo\\public\\index.php')
WARNING - 2025-12-15 10:15:54 --> [DEPRECATED] Creation of dynamic property App\Controllers\Beranda::$nama is deprecated in APPPATH\Controllers\BaseController.php on line 44.
 1 SYSTEMPATH\CodeIgniter.php(904): App\Controllers\BaseController->initController(Object(CodeIgniter\HTTP\IncomingRequest), Object(CodeIgniter\HTTP\Response), Object(CodeIgniter\Log\Logger))
 2 SYSTEMPATH\CodeIgniter.php(498): CodeIgniter\CodeIgniter->createController()
 3 SYSTEMPATH\CodeIgniter.php(354): CodeIgniter\CodeIgniter->handleRequest(null, Object(Config\Cache), false)
 4 SYSTEMPATH\Boot.php(363): CodeIgniter\CodeIgniter->run()
 5 SYSTEMPATH\Boot.php(68): CodeIgniter\Boot::runCodeIgniter(Object(CodeIgniter\CodeIgniter))
 6 FCPATH\index.php(59): CodeIgniter\Boot::bootWeb(Object(Config\Paths))
 7 SYSTEMPATH\rewrite.php(44): require_once('C:\\xampp\\htdocs\\cicemilankayo\\public\\index.php')
WARNING - 2025-12-15 10:16:02 --> [DEPRECATED] Creation of dynamic property App\Controllers\Portofolio::$nama is deprecated in APPPATH\Controllers\BaseController.php on line 44.
 1 SYSTEMPATH\CodeIgniter.php(904): App\Controllers\BaseController->initController(Object(CodeIgniter\HTTP\IncomingRequest), Object(CodeIgniter\HTTP\Response), Object(CodeIgniter\Log\Logger))
 2 SYSTEMPATH\CodeIgniter.php(498): CodeIgniter\CodeIgniter->createController()
 3 SYSTEMPATH\CodeIgniter.php(354): CodeIgniter\CodeIgniter->handleRequest(null, Object(Config\Cache), false)
 4 SYSTEMPATH\Boot.php(363): CodeIgniter\CodeIgniter->run()
 5 SYSTEMPATH\Boot.php(68): CodeIgniter\Boot::runCodeIgniter(Object(CodeIgniter\CodeIgniter))
 6 FCPATH\index.php(59): CodeIgniter\Boot::bootWeb(Object(Config\Paths))
 7 SYSTEMPATH\rewrite.php(44): require_once('C:\\xampp\\htdocs\\cicemilankayo\\public\\index.php')
WARNING - 2025-12-15 10:16:04 --> [DEPRECATED] Creation of dynamic property App\Controllers\Layanan::$nama is deprecated in APPPATH\Controllers\BaseController.php on line 44.
 1 SYSTEMPATH\CodeIgniter.php(904): App\Controllers\BaseController->initController(Object(CodeIgniter\HTTP\IncomingRequest), Object(CodeIgniter\HTTP\Response), Object(CodeIgniter\Log\Logger))
 2 SYSTEMPATH\CodeIgniter.php(498): CodeIgniter\CodeIgniter->createController()
 3 SYSTEMPATH\CodeIgniter.php(354): CodeIgniter\CodeIgniter->handleRequest(null, Object(Config\Cache), false)
 4 SYSTEMPATH\Boot.php(363): CodeIgniter\CodeIgniter->run()
 5 SYSTEMPATH\Boot.php(68): CodeIgniter\Boot::runCodeIgniter(Object(CodeIgniter\CodeIgniter))
 6 FCPATH\index.php(59): CodeIgniter\Boot::bootWeb(Object(Config\Paths))
 7 SYSTEMPATH\rewrite.php(44): require_once('C:\\xampp\\htdocs\\cicemilankayo\\public\\index.php')
WARNING - 2025-12-15 10:16:06 --> [DEPRECATED] Creation of dynamic property App\Controllers\Beranda::$nama is deprecated in APPPATH\Controllers\BaseController.php on line 44.
 1 SYSTEMPATH\CodeIgniter.php(904): App\Controllers\BaseController->initController(Object(CodeIgniter\HTTP\IncomingRequest), Object(CodeIgniter\HTTP\Response), Object(CodeIgniter\Log\Logger))
 2 SYSTEMPATH\CodeIgniter.php(498): CodeIgniter\CodeIgniter->createController()
 3 SYSTEMPATH\CodeIgniter.php(354): CodeIgniter\CodeIgniter->handleRequest(null, Object(Config\Cache), false)
 4 SYSTEMPATH\Boot.php(363): CodeIgniter\CodeIgniter->run()
 5 SYSTEMPATH\Boot.php(68): CodeIgniter\Boot::runCodeIgniter(Object(CodeIgniter\CodeIgniter))
 6 FCPATH\index.php(59): CodeIgniter\Boot::bootWeb(Object(Config\Paths))
 7 SYSTEMPATH\rewrite.php(44): require_once('C:\\xampp\\htdocs\\cicemilankayo\\public\\index.php')
WARNING - 2025-12-15 10:16:09 --> [DEPRECATED] Creation of dynamic property App\Controllers\Layanan::$nama is deprecated in APPPATH\Controllers\BaseController.php on line 44.
 1 SYSTEMPATH\CodeIgniter.php(904): App\Controllers\BaseController->initController(Object(CodeIgniter\HTTP\IncomingRequest), Object(CodeIgniter\HTTP\Response), Object(CodeIgniter\Log\Logger))
 2 SYSTEMPATH\CodeIgniter.php(498): CodeIgniter\CodeIgniter->createController()
 3 SYSTEMPATH\CodeIgniter.php(354): CodeIgniter\CodeIgniter->handleRequest(null, Object(Config\Cache), false)
 4 SYSTEMPATH\Boot.php(363): CodeIgniter\CodeIgniter->run()
 5 SYSTEMPATH\Boot.php(68): CodeIgniter\Boot::runCodeIgniter(Object(CodeIgniter\CodeIgniter))
 6 FCPATH\index.php(59): CodeIgniter\Boot::bootWeb(Object(Config\Paths))
 7 SYSTEMPATH\rewrite.php(44): require_once('C:\\xampp\\htdocs\\cicemilankayo\\public\\index.php')
WARNING - 2025-12-15 10:16:12 --> [DEPRECATED] Creation of dynamic property App\Controllers\Portofolio::$nama is deprecated in APPPATH\Controllers\BaseController.php on line 44.
 1 SYSTEMPATH\CodeIgniter.php(904): App\Controllers\BaseController->initController(Object(CodeIgniter\HTTP\IncomingRequest), Object(CodeIgniter\HTTP\Response), Object(CodeIgniter\Log\Logger))
 2 SYSTEMPATH\CodeIgniter.php(498): CodeIgniter\CodeIgniter->createController()
 3 SYSTEMPATH\CodeIgniter.php(354): CodeIgniter\CodeIgniter->handleRequest(null, Object(Config\Cache), false)
 4 SYSTEMPATH\Boot.php(363): CodeIgniter\CodeIgniter->run()
 5 SYSTEMPATH\Boot.php(68): CodeIgniter\Boot::runCodeIgniter(Object(CodeIgniter\CodeIgniter))
 6 FCPATH\index.php(59): CodeIgniter\Boot::bootWeb(Object(Config\Paths))
 7 SYSTEMPATH\rewrite.php(44): require_once('C:\\xampp\\htdocs\\cicemilankayo\\public\\index.php')
WARNING - 2025-12-15 10:16:41 --> [DEPRECATED] Creation of dynamic property App\Controllers\Home::$nama is deprecated in APPPATH\Controllers\BaseController.php on line 44.
 1 SYSTEMPATH\CodeIgniter.php(904): App\Controllers\BaseController->initController(Object(CodeIgniter\HTTP\IncomingRequest), Object(CodeIgniter\HTTP\Response), Object(CodeIgniter\Log\Logger))
 2 SYSTEMPATH\CodeIgniter.php(498): CodeIgniter\CodeIgniter->createController()
 3 SYSTEMPATH\CodeIgniter.php(354): CodeIgniter\CodeIgniter->handleRequest(null, Object(Config\Cache), false)
 4 SYSTEMPATH\Boot.php(363): CodeIgniter\CodeIgniter->run()
 5 SYSTEMPATH\Boot.php(68): CodeIgniter\Boot::runCodeIgniter(Object(CodeIgniter\CodeIgniter))
 6 FCPATH\index.php(59): CodeIgniter\Boot::bootWeb(Object(Config\Paths))
 7 SYSTEMPATH\rewrite.php(44): require_once('C:\\xampp\\htdocs\\cicemilankayo\\public\\index.php')
WARNING - 2025-12-15 10:16:58 --> [DEPRECATED] Creation of dynamic property App\Controllers\Portofolio::$nama is deprecated in APPPATH\Controllers\BaseController.php on line 44.
 1 SYSTEMPATH\CodeIgniter.php(904): App\Controllers\BaseController->initController(Object(CodeIgniter\HTTP\IncomingRequest), Object(CodeIgniter\HTTP\Response), Object(CodeIgniter\Log\Logger))
 2 SYSTEMPATH\CodeIgniter.php(498): CodeIgniter\CodeIgniter->createController()
 3 SYSTEMPATH\CodeIgniter.php(354): CodeIgniter\CodeIgniter->handleRequest(null, Object(Config\Cache), false)
 4 SYSTEMPATH\Boot.php(363): CodeIgniter\CodeIgniter->run()
 5 SYSTEMPATH\Boot.php(68): CodeIgniter\Boot::runCodeIgniter(Object(CodeIgniter\CodeIgniter))
 6 FCPATH\index.php(59): CodeIgniter\Boot::bootWeb(Object(Config\Paths))
 7 SYSTEMPATH\rewrite.php(44): require_once('C:\\xampp\\htdocs\\cicemilankayo\\public\\index.php')
WARNING - 2025-12-15 10:17:00 --> [DEPRECATED] Creation of dynamic property App\Controllers\Beranda::$nama is deprecated in APPPATH\Controllers\BaseController.php on line 44.
 1 SYSTEMPATH\CodeIgniter.php(904): App\Controllers\BaseController->initController(Object(CodeIgniter\HTTP\IncomingRequest), Object(CodeIgniter\HTTP\Response), Object(CodeIgniter\Log\Logger))
 2 SYSTEMPATH\CodeIgniter.php(498): CodeIgniter\CodeIgniter->createController()
 3 SYSTEMPATH\CodeIgniter.php(354): CodeIgniter\CodeIgniter->handleRequest(null, Object(Config\Cache), false)
 4 SYSTEMPATH\Boot.php(363): CodeIgniter\CodeIgniter->run()
 5 SYSTEMPATH\Boot.php(68): CodeIgniter\Boot::runCodeIgniter(Object(CodeIgniter\CodeIgniter))
 6 FCPATH\index.php(59): CodeIgniter\Boot::bootWeb(Object(Config\Paths))
 7 SYSTEMPATH\rewrite.php(44): require_once('C:\\xampp\\htdocs\\cicemilankayo\\public\\index.php')
WARNING - 2025-12-15 10:19:53 --> [DEPRECATED] Creation of dynamic property App\Controllers\Layanan::$nama is deprecated in APPPATH\Controllers\BaseController.php on line 44.
 1 SYSTEMPATH\CodeIgniter.php(904): App\Controllers\BaseController->initController(Object(CodeIgniter\HTTP\IncomingRequest), Object(CodeIgniter\HTTP\Response), Object(CodeIgniter\Log\Logger))
 2 SYSTEMPATH\CodeIgniter.php(498): CodeIgniter\CodeIgniter->createController()
 3 SYSTEMPATH\CodeIgniter.php(354): CodeIgniter\CodeIgniter->handleRequest(null, Object(Config\Cache), false)
 4 SYSTEMPATH\Boot.php(363): CodeIgniter\CodeIgniter->run()
 5 SYSTEMPATH\Boot.php(68): CodeIgniter\Boot::runCodeIgniter(Object(CodeIgniter\CodeIgniter))
 6 FCPATH\index.php(59): CodeIgniter\Boot::bootWeb(Object(Config\Paths))
 7 SYSTEMPATH\rewrite.php(44): require_once('C:\\xampp\\htdocs\\cicemilankayo\\public\\index.php')
WARNING - 2025-12-15 10:19:56 --> [DEPRECATED] Creation of dynamic property App\Controllers\Portofolio::$nama is deprecated in APPPATH\Controllers\BaseController.php on line 44.
 1 SYSTEMPATH\CodeIgniter.php(904): App\Controllers\BaseController->initController(Object(CodeIgniter\HTTP\IncomingRequest), Object(CodeIgniter\HTTP\Response), Object(CodeIgniter\Log\Logger))
 2 SYSTEMPATH\CodeIgniter.php(498): CodeIgniter\CodeIgniter->createController()
 3 SYSTEMPATH\CodeIgniter.php(354): CodeIgniter\CodeIgniter->handleRequest(null, Object(Config\Cache), false)
 4 SYSTEMPATH\Boot.php(363): CodeIgniter\CodeIgniter->run()
 5 SYSTEMPATH\Boot.php(68): CodeIgniter\Boot::runCodeIgniter(Object(CodeIgniter\CodeIgniter))
 6 FCPATH\index.php(59): CodeIgniter\Boot::bootWeb(Object(Config\Paths))
 7 SYSTEMPATH\rewrite.php(44): require_once('C:\\xampp\\htdocs\\cicemilankayo\\public\\index.php')
WARNING - 2025-12-15 10:19:59 --> [DEPRECATED] Creation of dynamic property App\Controllers\Beranda::$nama is deprecated in APPPATH\Controllers\BaseController.php on line 44.
 1 SYSTEMPATH\CodeIgniter.php(904): App\Controllers\BaseController->initController(Object(CodeIgniter\HTTP\IncomingRequest), Object(CodeIgniter\HTTP\Response), Object(CodeIgniter\Log\Logger))
 2 SYSTEMPATH\CodeIgniter.php(498): CodeIgniter\CodeIgniter->createController()
 3 SYSTEMPATH\CodeIgniter.php(354): CodeIgniter\CodeIgniter->handleRequest(null, Object(Config\Cache), false)
 4 SYSTEMPATH\Boot.php(363): CodeIgniter\CodeIgniter->run()
 5 SYSTEMPATH\Boot.php(68): CodeIgniter\Boot::runCodeIgniter(Object(CodeIgniter\CodeIgniter))
 6 FCPATH\index.php(59): CodeIgniter\Boot::bootWeb(Object(Config\Paths))
 7 SYSTEMPATH\rewrite.php(44): require_once('C:\\xampp\\htdocs\\cicemilankayo\\public\\index.php')
WARNING - 2025-12-15 10:26:37 --> [DEPRECATED] Creation of dynamic property App\Controllers\Layanan::$nama is deprecated in APPPATH\Controllers\BaseController.php on line 44.
 1 SYSTEMPATH\CodeIgniter.php(904): App\Controllers\BaseController->initController(Object(CodeIgniter\HTTP\IncomingRequest), Object(CodeIgniter\HTTP\Response), Object(CodeIgniter\Log\Logger))
 2 SYSTEMPATH\CodeIgniter.php(498): CodeIgniter\CodeIgniter->createController()
 3 SYSTEMPATH\CodeIgniter.php(354): CodeIgniter\CodeIgniter->handleRequest(null, Object(Config\Cache), false)
 4 SYSTEMPATH\Boot.php(363): CodeIgniter\CodeIgniter->run()
 5 SYSTEMPATH\Boot.php(68): CodeIgniter\Boot::runCodeIgniter(Object(CodeIgniter\CodeIgniter))
 6 FCPATH\index.php(59): CodeIgniter\Boot::bootWeb(Object(Config\Paths))
 7 SYSTEMPATH\rewrite.php(44): require_once('C:\\xampp\\htdocs\\cicemilankayo\\public\\index.php')
WARNING - 2025-12-15 10:26:40 --> [DEPRECATED] Creation of dynamic property App\Controllers\Portofolio::$nama is deprecated in APPPATH\Controllers\BaseController.php on line 44.
 1 SYSTEMPATH\CodeIgniter.php(904): App\Controllers\BaseController->initController(Object(CodeIgniter\HTTP\IncomingRequest), Object(CodeIgniter\HTTP\Response), Object(CodeIgniter\Log\Logger))
 2 SYSTEMPATH\CodeIgniter.php(498): CodeIgniter\CodeIgniter->createController()
 3 SYSTEMPATH\CodeIgniter.php(354): CodeIgniter\CodeIgniter->handleRequest(null, Object(Config\Cache), false)
 4 SYSTEMPATH\Boot.php(363): CodeIgniter\CodeIgniter->run()
 5 SYSTEMPATH\Boot.php(68): CodeIgniter\Boot::runCodeIgniter(Object(CodeIgniter\CodeIgniter))
 6 FCPATH\index.php(59): CodeIgniter\Boot::bootWeb(Object(Config\Paths))
 7 SYSTEMPATH\rewrite.php(44): require_once('C:\\xampp\\htdocs\\cicemilankayo\\public\\index.php')
WARNING - 2025-12-15 10:26:41 --> [DEPRECATED] Creation of dynamic property App\Controllers\Beranda::$nama is deprecated in APPPATH\Controllers\BaseController.php on line 44.
 1 SYSTEMPATH\CodeIgniter.php(904): App\Controllers\BaseController->initController(Object(CodeIgniter\HTTP\IncomingRequest), Object(CodeIgniter\HTTP\Response), Object(CodeIgniter\Log\Logger))
 2 SYSTEMPATH\CodeIgniter.php(498): CodeIgniter\CodeIgniter->createController()
 3 SYSTEMPATH\CodeIgniter.php(354): CodeIgniter\CodeIgniter->handleRequest(null, Object(Config\Cache), false)
 4 SYSTEMPATH\Boot.php(363): CodeIgniter\CodeIgniter->run()
 5 SYSTEMPATH\Boot.php(68): CodeIgniter\Boot::runCodeIgniter(Object(CodeIgniter\CodeIgniter))
 6 FCPATH\index.php(59): CodeIgniter\Boot::bootWeb(Object(Config\Paths))
 7 SYSTEMPATH\rewrite.php(44): require_once('C:\\xampp\\htdocs\\cicemilankayo\\public\\index.php')
WARNING - 2025-12-15 10:28:34 --> [DEPRECATED] Creation of dynamic property App\Controllers\Beranda::$nama is deprecated in APPPATH\Controllers\BaseController.php on line 44.
 1 SYSTEMPATH\CodeIgniter.php(904): App\Controllers\BaseController->initController(Object(CodeIgniter\HTTP\IncomingRequest), Object(CodeIgniter\HTTP\Response), Object(CodeIgniter\Log\Logger))
 2 SYSTEMPATH\CodeIgniter.php(498): CodeIgniter\CodeIgniter->createController()
 3 SYSTEMPATH\CodeIgniter.php(354): CodeIgniter\CodeIgniter->handleRequest(null, Object(Config\Cache), false)
 4 SYSTEMPATH\Boot.php(363): CodeIgniter\CodeIgniter->run()
 5 SYSTEMPATH\Boot.php(68): CodeIgniter\Boot::runCodeIgniter(Object(CodeIgniter\CodeIgniter))
 6 FCPATH\index.php(59): CodeIgniter\Boot::bootWeb(Object(Config\Paths))
 7 SYSTEMPATH\rewrite.php(44): require_once('C:\\xampp\\htdocs\\cicemilankayo\\public\\index.php')
WARNING - 2025-12-15 10:29:08 --> [DEPRECATED] Creation of dynamic property App\Controllers\Beranda::$nama is deprecated in APPPATH\Controllers\BaseController.php on line 44.
 1 SYSTEMPATH\CodeIgniter.php(904): App\Controllers\BaseController->initController(Object(CodeIgniter\HTTP\IncomingRequest), Object(CodeIgniter\HTTP\Response), Object(CodeIgniter\Log\Logger))
 2 SYSTEMPATH\CodeIgniter.php(498): CodeIgniter\CodeIgniter->createController()
 3 SYSTEMPATH\CodeIgniter.php(354): CodeIgniter\CodeIgniter->handleRequest(null, Object(Config\Cache), false)
 4 SYSTEMPATH\Boot.php(363): CodeIgniter\CodeIgniter->run()
 5 SYSTEMPATH\Boot.php(68): CodeIgniter\Boot::runCodeIgniter(Object(CodeIgniter\CodeIgniter))
 6 FCPATH\index.php(59): CodeIgniter\Boot::bootWeb(Object(Config\Paths))
 7 SYSTEMPATH\rewrite.php(44): require_once('C:\\xampp\\htdocs\\cicemilankayo\\public\\index.php')
WARNING - 2025-12-15 10:29:42 --> [DEPRECATED] Creation of dynamic property App\Controllers\Beranda::$nama is deprecated in APPPATH\Controllers\BaseController.php on line 44.
 1 SYSTEMPATH\CodeIgniter.php(904): App\Controllers\BaseController->initController(Object(CodeIgniter\HTTP\IncomingRequest), Object(CodeIgniter\HTTP\Response), Object(CodeIgniter\Log\Logger))
 2 SYSTEMPATH\CodeIgniter.php(498): CodeIgniter\CodeIgniter->createController()
 3 SYSTEMPATH\CodeIgniter.php(354): CodeIgniter\CodeIgniter->handleRequest(null, Object(Config\Cache), false)
 4 SYSTEMPATH\Boot.php(363): CodeIgniter\CodeIgniter->run()
 5 SYSTEMPATH\Boot.php(68): CodeIgniter\Boot::runCodeIgniter(Object(CodeIgniter\CodeIgniter))
 6 FCPATH\index.php(59): CodeIgniter\Boot::bootWeb(Object(Config\Paths))
 7 SYSTEMPATH\rewrite.php(44): require_once('C:\\xampp\\htdocs\\cicemilankayo\\public\\index.php')
WARNING - 2025-12-15 10:30:34 --> [DEPRECATED] Creation of dynamic property App\Controllers\Beranda::$nama is deprecated in APPPATH\Controllers\BaseController.php on line 44.
 1 SYSTEMPATH\CodeIgniter.php(904): App\Controllers\BaseController->initController(Object(CodeIgniter\HTTP\IncomingRequest), Object(CodeIgniter\HTTP\Response), Object(CodeIgniter\Log\Logger))
 2 SYSTEMPATH\CodeIgniter.php(498): CodeIgniter\CodeIgniter->createController()
 3 SYSTEMPATH\CodeIgniter.php(354): CodeIgniter\CodeIgniter->handleRequest(null, Object(Config\Cache), false)
 4 SYSTEMPATH\Boot.php(363): CodeIgniter\CodeIgniter->run()
 5 SYSTEMPATH\Boot.php(68): CodeIgniter\Boot::runCodeIgniter(Object(CodeIgniter\CodeIgniter))
 6 FCPATH\index.php(59): CodeIgniter\Boot::bootWeb(Object(Config\Paths))
 7 SYSTEMPATH\rewrite.php(44): require_once('C:\\xampp\\htdocs\\cicemilankayo\\public\\index.php')
WARNING - 2025-12-15 10:30:55 --> [DEPRECATED] Creation of dynamic property App\Controllers\Layanan::$nama is deprecated in APPPATH\Controllers\BaseController.php on line 44.
 1 SYSTEMPATH\CodeIgniter.php(904): App\Controllers\BaseController->initController(Object(CodeIgniter\HTTP\IncomingRequest), Object(CodeIgniter\HTTP\Response), Object(CodeIgniter\Log\Logger))
 2 SYSTEMPATH\CodeIgniter.php(498): CodeIgniter\CodeIgniter->createController()
 3 SYSTEMPATH\CodeIgniter.php(354): CodeIgniter\CodeIgniter->handleRequest(null, Object(Config\Cache), false)
 4 SYSTEMPATH\Boot.php(363): CodeIgniter\CodeIgniter->run()
 5 SYSTEMPATH\Boot.php(68): CodeIgniter\Boot::runCodeIgniter(Object(CodeIgniter\CodeIgniter))
 6 FCPATH\index.php(59): CodeIgniter\Boot::bootWeb(Object(Config\Paths))
 7 SYSTEMPATH\rewrite.php(44): require_once('C:\\xampp\\htdocs\\cicemilankayo\\public\\index.php')
WARNING - 2025-12-15 10:30:58 --> [DEPRECATED] Creation of dynamic property App\Controllers\Beranda::$nama is deprecated in APPPATH\Controllers\BaseController.php on line 44.
 1 SYSTEMPATH\CodeIgniter.php(904): App\Controllers\BaseController->initController(Object(CodeIgniter\HTTP\IncomingRequest), Object(CodeIgniter\HTTP\Response), Object(CodeIgniter\Log\Logger))
 2 SYSTEMPATH\CodeIgniter.php(498): CodeIgniter\CodeIgniter->createController()
 3 SYSTEMPATH\CodeIgniter.php(354): CodeIgniter\CodeIgniter->handleRequest(null, Object(Config\Cache), false)
 4 SYSTEMPATH\Boot.php(363): CodeIgniter\CodeIgniter->run()
 5 SYSTEMPATH\Boot.php(68): CodeIgniter\Boot::runCodeIgniter(Object(CodeIgniter\CodeIgniter))
 6 FCPATH\index.php(59): CodeIgniter\Boot::bootWeb(Object(Config\Paths))
 7 SYSTEMPATH\rewrite.php(44): require_once('C:\\xampp\\htdocs\\cicemilankayo\\public\\index.php')
WARNING - 2025-12-15 10:30:59 --> [DEPRECATED] Creation of dynamic property App\Controllers\Home::$nama is deprecated in APPPATH\Controllers\BaseController.php on line 44.
 1 SYSTEMPATH\CodeIgniter.php(904): App\Controllers\BaseController->initController(Object(CodeIgniter\HTTP\IncomingRequest), Object(CodeIgniter\HTTP\Response), Object(CodeIgniter\Log\Logger))
 2 SYSTEMPATH\CodeIgniter.php(498): CodeIgniter\CodeIgniter->createController()
 3 SYSTEMPATH\CodeIgniter.php(354): CodeIgniter\CodeIgniter->handleRequest(null, Object(Config\Cache), false)
 4 SYSTEMPATH\Boot.php(363): CodeIgniter\CodeIgniter->run()
 5 SYSTEMPATH\Boot.php(68): CodeIgniter\Boot::runCodeIgniter(Object(CodeIgniter\CodeIgniter))
 6 FCPATH\index.php(59): CodeIgniter\Boot::bootWeb(Object(Config\Paths))
 7 SYSTEMPATH\rewrite.php(44): require_once('C:\\xampp\\htdocs\\cicemilankayo\\public\\index.php')
WARNING - 2025-12-15 10:31:36 --> [DEPRECATED] Creation of dynamic property App\Controllers\Home::$nama is deprecated in APPPATH\Controllers\BaseController.php on line 44.
 1 SYSTEMPATH\CodeIgniter.php(904): App\Controllers\BaseController->initController(Object(CodeIgniter\HTTP\IncomingRequest), Object(CodeIgniter\HTTP\Response), Object(CodeIgniter\Log\Logger))
 2 SYSTEMPATH\CodeIgniter.php(498): CodeIgniter\CodeIgniter->createController()
 3 SYSTEMPATH\CodeIgniter.php(354): CodeIgniter\CodeIgniter->handleRequest(null, Object(Config\Cache), false)
 4 SYSTEMPATH\Boot.php(363): CodeIgniter\CodeIgniter->run()
 5 SYSTEMPATH\Boot.php(68): CodeIgniter\Boot::runCodeIgniter(Object(CodeIgniter\CodeIgniter))
 6 FCPATH\index.php(59): CodeIgniter\Boot::bootWeb(Object(Config\Paths))
 7 SYSTEMPATH\rewrite.php(44): require_once('C:\\xampp\\htdocs\\cicemilankayo\\public\\index.php')
WARNING - 2025-12-15 10:31:43 --> [DEPRECATED] Creation of dynamic property App\Controllers\Layanan::$nama is deprecated in APPPATH\Controllers\BaseController.php on line 44.
 1 SYSTEMPATH\CodeIgniter.php(904): App\Controllers\BaseController->initController(Object(CodeIgniter\HTTP\IncomingRequest), Object(CodeIgniter\HTTP\Response), Object(CodeIgniter\Log\Logger))
 2 SYSTEMPATH\CodeIgniter.php(498): CodeIgniter\CodeIgniter->createController()
 3 SYSTEMPATH\CodeIgniter.php(354): CodeIgniter\CodeIgniter->handleRequest(null, Object(Config\Cache), false)
 4 SYSTEMPATH\Boot.php(363): CodeIgniter\CodeIgniter->run()
 5 SYSTEMPATH\Boot.php(68): CodeIgniter\Boot::runCodeIgniter(Object(CodeIgniter\CodeIgniter))
 6 FCPATH\index.php(59): CodeIgniter\Boot::bootWeb(Object(Config\Paths))
 7 SYSTEMPATH\rewrite.php(44): require_once('C:\\xampp\\htdocs\\cicemilankayo\\public\\index.php')
WARNING - 2025-12-15 10:31:45 --> [DEPRECATED] Creation of dynamic property App\Controllers\Beranda::$nama is deprecated in APPPATH\Controllers\BaseController.php on line 44.
 1 SYSTEMPATH\CodeIgniter.php(904): App\Controllers\BaseController->initController(Object(CodeIgniter\HTTP\IncomingRequest), Object(CodeIgniter\HTTP\Response), Object(CodeIgniter\Log\Logger))
 2 SYSTEMPATH\CodeIgniter.php(498): CodeIgniter\CodeIgniter->createController()
 3 SYSTEMPATH\CodeIgniter.php(354): CodeIgniter\CodeIgniter->handleRequest(null, Object(Config\Cache), false)
 4 SYSTEMPATH\Boot.php(363): CodeIgniter\CodeIgniter->run()
 5 SYSTEMPATH\Boot.php(68): CodeIgniter\Boot::runCodeIgniter(Object(CodeIgniter\CodeIgniter))
 6 FCPATH\index.php(59): CodeIgniter\Boot::bootWeb(Object(Config\Paths))
 7 SYSTEMPATH\rewrite.php(44): require_once('C:\\xampp\\htdocs\\cicemilankayo\\public\\index.php')
WARNING - 2025-12-15 10:31:47 --> [DEPRECATED] Creation of dynamic property App\Controllers\Portofolio::$nama is deprecated in APPPATH\Controllers\BaseController.php on line 44.
 1 SYSTEMPATH\CodeIgniter.php(904): App\Controllers\BaseController->initController(Object(CodeIgniter\HTTP\IncomingRequest), Object(CodeIgniter\HTTP\Response), Object(CodeIgniter\Log\Logger))
 2 SYSTEMPATH\CodeIgniter.php(498): CodeIgniter\CodeIgniter->createController()
 3 SYSTEMPATH\CodeIgniter.php(354): CodeIgniter\CodeIgniter->handleRequest(null, Object(Config\Cache), false)
 4 SYSTEMPATH\Boot.php(363): CodeIgniter\CodeIgniter->run()
 5 SYSTEMPATH\Boot.php(68): CodeIgniter\Boot::runCodeIgniter(Object(CodeIgniter\CodeIgniter))
 6 FCPATH\index.php(59): CodeIgniter\Boot::bootWeb(Object(Config\Paths))
 7 SYSTEMPATH\rewrite.php(44): require_once('C:\\xampp\\htdocs\\cicemilankayo\\public\\index.php')
WARNING - 2025-12-15 10:31:52 --> [DEPRECATED] Creation of dynamic property App\Controllers\Portofolio::$nama is deprecated in APPPATH\Controllers\BaseController.php on line 44.
 1 SYSTEMPATH\CodeIgniter.php(904): App\Controllers\BaseController->initController(Object(CodeIgniter\HTTP\IncomingRequest), Object(CodeIgniter\HTTP\Response), Object(CodeIgniter\Log\Logger))
 2 SYSTEMPATH\CodeIgniter.php(498): CodeIgniter\CodeIgniter->createController()
 3 SYSTEMPATH\CodeIgniter.php(354): CodeIgniter\CodeIgniter->handleRequest(null, Object(Config\Cache), false)
 4 SYSTEMPATH\Boot.php(363): CodeIgniter\CodeIgniter->run()
 5 SYSTEMPATH\Boot.php(68): CodeIgniter\Boot::runCodeIgniter(Object(CodeIgniter\CodeIgniter))
 6 FCPATH\index.php(59): CodeIgniter\Boot::bootWeb(Object(Config\Paths))
 7 SYSTEMPATH\rewrite.php(44): require_once('C:\\xampp\\htdocs\\cicemilankayo\\public\\index.php')
WARNING - 2025-12-15 10:31:53 --> [DEPRECATED] Creation of dynamic property App\Controllers\Layanan::$nama is deprecated in APPPATH\Controllers\BaseController.php on line 44.
 1 SYSTEMPATH\CodeIgniter.php(904): App\Controllers\BaseController->initController(Object(CodeIgniter\HTTP\IncomingRequest), Object(CodeIgniter\HTTP\Response), Object(CodeIgniter\Log\Logger))
 2 SYSTEMPATH\CodeIgniter.php(498): CodeIgniter\CodeIgniter->createController()
 3 SYSTEMPATH\CodeIgniter.php(354): CodeIgniter\CodeIgniter->handleRequest(null, Object(Config\Cache), false)
 4 SYSTEMPATH\Boot.php(363): CodeIgniter\CodeIgniter->run()
 5 SYSTEMPATH\Boot.php(68): CodeIgniter\Boot::runCodeIgniter(Object(CodeIgniter\CodeIgniter))
 6 FCPATH\index.php(59): CodeIgniter\Boot::bootWeb(Object(Config\Paths))
 7 SYSTEMPATH\rewrite.php(44): require_once('C:\\xampp\\htdocs\\cicemilankayo\\public\\index.php')
WARNING - 2025-12-15 10:31:54 --> [DEPRECATED] Creation of dynamic property App\Controllers\Beranda::$nama is deprecated in APPPATH\Controllers\BaseController.php on line 44.
 1 SYSTEMPATH\CodeIgniter.php(904): App\Controllers\BaseController->initController(Object(CodeIgniter\HTTP\IncomingRequest), Object(CodeIgniter\HTTP\Response), Object(CodeIgniter\Log\Logger))
 2 SYSTEMPATH\CodeIgniter.php(498): CodeIgniter\CodeIgniter->createController()
 3 SYSTEMPATH\CodeIgniter.php(354): CodeIgniter\CodeIgniter->handleRequest(null, Object(Config\Cache), false)
 4 SYSTEMPATH\Boot.php(363): CodeIgniter\CodeIgniter->run()
 5 SYSTEMPATH\Boot.php(68): CodeIgniter\Boot::runCodeIgniter(Object(CodeIgniter\CodeIgniter))
 6 FCPATH\index.php(59): CodeIgniter\Boot::bootWeb(Object(Config\Paths))
 7 SYSTEMPATH\rewrite.php(44): require_once('C:\\xampp\\htdocs\\cicemilankayo\\public\\index.php')
WARNING - 2025-12-15 10:37:15 --> [DEPRECATED] Creation of dynamic property App\Controllers\Beranda::$nama is deprecated in APPPATH\Controllers\BaseController.php on line 44.
 1 SYSTEMPATH\CodeIgniter.php(904): App\Controllers\BaseController->initController(Object(CodeIgniter\HTTP\IncomingRequest), Object(CodeIgniter\HTTP\Response), Object(CodeIgniter\Log\Logger))
 2 SYSTEMPATH\CodeIgniter.php(498): CodeIgniter\CodeIgniter->createController()
 3 SYSTEMPATH\CodeIgniter.php(354): CodeIgniter\CodeIgniter->handleRequest(null, Object(Config\Cache), false)
 4 SYSTEMPATH\Boot.php(363): CodeIgniter\CodeIgniter->run()
 5 SYSTEMPATH\Boot.php(68): CodeIgniter\Boot::runCodeIgniter(Object(CodeIgniter\CodeIgniter))
 6 FCPATH\index.php(59): CodeIgniter\Boot::bootWeb(Object(Config\Paths))
 7 SYSTEMPATH\rewrite.php(44): require_once('C:\\xampp\\htdocs\\cicemilankayo\\public\\index.php')
WARNING - 2025-12-15 10:37:17 --> [DEPRECATED] Creation of dynamic property App\Controllers\Layanan::$nama is deprecated in APPPATH\Controllers\BaseController.php on line 44.
 1 SYSTEMPATH\CodeIgniter.php(904): App\Controllers\BaseController->initController(Object(CodeIgniter\HTTP\IncomingRequest), Object(CodeIgniter\HTTP\Response), Object(CodeIgniter\Log\Logger))
 2 SYSTEMPATH\CodeIgniter.php(498): CodeIgniter\CodeIgniter->createController()
 3 SYSTEMPATH\CodeIgniter.php(354): CodeIgniter\CodeIgniter->handleRequest(null, Object(Config\Cache), false)
 4 SYSTEMPATH\Boot.php(363): CodeIgniter\CodeIgniter->run()
 5 SYSTEMPATH\Boot.php(68): CodeIgniter\Boot::runCodeIgniter(Object(CodeIgniter\CodeIgniter))
 6 FCPATH\index.php(59): CodeIgniter\Boot::bootWeb(Object(Config\Paths))
 7 SYSTEMPATH\rewrite.php(44): require_once('C:\\xampp\\htdocs\\cicemilankayo\\public\\index.php')
WARNING - 2025-12-15 10:37:19 --> [DEPRECATED] Creation of dynamic property App\Controllers\Portofolio::$nama is deprecated in APPPATH\Controllers\BaseController.php on line 44.
 1 SYSTEMPATH\CodeIgniter.php(904): App\Controllers\BaseController->initController(Object(CodeIgniter\HTTP\IncomingRequest), Object(CodeIgniter\HTTP\Response), Object(CodeIgniter\Log\Logger))
 2 SYSTEMPATH\CodeIgniter.php(498): CodeIgniter\CodeIgniter->createController()
 3 SYSTEMPATH\CodeIgniter.php(354): CodeIgniter\CodeIgniter->handleRequest(null, Object(Config\Cache), false)
 4 SYSTEMPATH\Boot.php(363): CodeIgniter\CodeIgniter->run()
 5 SYSTEMPATH\Boot.php(68): CodeIgniter\Boot::runCodeIgniter(Object(CodeIgniter\CodeIgniter))
 6 FCPATH\index.php(59): CodeIgniter\Boot::bootWeb(Object(Config\Paths))
 7 SYSTEMPATH\rewrite.php(44): require_once('C:\\xampp\\htdocs\\cicemilankayo\\public\\index.php')
WARNING - 2025-12-15 10:37:20 --> [DEPRECATED] Creation of dynamic property App\Controllers\Layanan::$nama is deprecated in APPPATH\Controllers\BaseController.php on line 44.
 1 SYSTEMPATH\CodeIgniter.php(904): App\Controllers\BaseController->initController(Object(CodeIgniter\HTTP\IncomingRequest), Object(CodeIgniter\HTTP\Response), Object(CodeIgniter\Log\Logger))
 2 SYSTEMPATH\CodeIgniter.php(498): CodeIgniter\CodeIgniter->createController()
 3 SYSTEMPATH\CodeIgniter.php(354): CodeIgniter\CodeIgniter->handleRequest(null, Object(Config\Cache), false)
 4 SYSTEMPATH\Boot.php(363): CodeIgniter\CodeIgniter->run()
 5 SYSTEMPATH\Boot.php(68): CodeIgniter\Boot::runCodeIgniter(Object(CodeIgniter\CodeIgniter))
 6 FCPATH\index.php(59): CodeIgniter\Boot::bootWeb(Object(Config\Paths))
 7 SYSTEMPATH\rewrite.php(44): require_once('C:\\xampp\\htdocs\\cicemilankayo\\public\\index.php')
WARNING - 2025-12-15 10:37:22 --> [DEPRECATED] Creation of dynamic property App\Controllers\Beranda::$nama is deprecated in APPPATH\Controllers\BaseController.php on line 44.
 1 SYSTEMPATH\CodeIgniter.php(904): App\Controllers\BaseController->initController(Object(CodeIgniter\HTTP\IncomingRequest), Object(CodeIgniter\HTTP\Response), Object(CodeIgniter\Log\Logger))
 2 SYSTEMPATH\CodeIgniter.php(498): CodeIgniter\CodeIgniter->createController()
 3 SYSTEMPATH\CodeIgniter.php(354): CodeIgniter\CodeIgniter->handleRequest(null, Object(Config\Cache), false)
 4 SYSTEMPATH\Boot.php(363): CodeIgniter\CodeIgniter->run()
 5 SYSTEMPATH\Boot.php(68): CodeIgniter\Boot::runCodeIgniter(Object(CodeIgniter\CodeIgniter))
 6 FCPATH\index.php(59): CodeIgniter\Boot::bootWeb(Object(Config\Paths))
 7 SYSTEMPATH\rewrite.php(44): require_once('C:\\xampp\\htdocs\\cicemilankayo\\public\\index.php')
WARNING - 2025-12-15 10:37:23 --> [DEPRECATED] Creation of dynamic property App\Controllers\Layanan::$nama is deprecated in APPPATH\Controllers\BaseController.php on line 44.
 1 SYSTEMPATH\CodeIgniter.php(904): App\Controllers\BaseController->initController(Object(CodeIgniter\HTTP\IncomingRequest), Object(CodeIgniter\HTTP\Response), Object(CodeIgniter\Log\Logger))
 2 SYSTEMPATH\CodeIgniter.php(498): CodeIgniter\CodeIgniter->createController()
 3 SYSTEMPATH\CodeIgniter.php(354): CodeIgniter\CodeIgniter->handleRequest(null, Object(Config\Cache), false)
 4 SYSTEMPATH\Boot.php(363): CodeIgniter\CodeIgniter->run()
 5 SYSTEMPATH\Boot.php(68): CodeIgniter\Boot::runCodeIgniter(Object(CodeIgniter\CodeIgniter))
 6 FCPATH\index.php(59): CodeIgniter\Boot::bootWeb(Object(Config\Paths))
 7 SYSTEMPATH\rewrite.php(44): require_once('C:\\xampp\\htdocs\\cicemilankayo\\public\\index.php')
WARNING - 2025-12-15 10:37:24 --> [DEPRECATED] Creation of dynamic property App\Controllers\Beranda::$nama is deprecated in APPPATH\Controllers\BaseController.php on line 44.
 1 SYSTEMPATH\CodeIgniter.php(904): App\Controllers\BaseController->initController(Object(CodeIgniter\HTTP\IncomingRequest), Object(CodeIgniter\HTTP\Response), Object(CodeIgniter\Log\Logger))
 2 SYSTEMPATH\CodeIgniter.php(498): CodeIgniter\CodeIgniter->createController()
 3 SYSTEMPATH\CodeIgniter.php(354): CodeIgniter\CodeIgniter->handleRequest(null, Object(Config\Cache), false)
 4 SYSTEMPATH\Boot.php(363): CodeIgniter\CodeIgniter->run()
 5 SYSTEMPATH\Boot.php(68): CodeIgniter\Boot::runCodeIgniter(Object(CodeIgniter\CodeIgniter))
 6 FCPATH\index.php(59): CodeIgniter\Boot::bootWeb(Object(Config\Paths))
 7 SYSTEMPATH\rewrite.php(44): require_once('C:\\xampp\\htdocs\\cicemilankayo\\public\\index.php')
WARNING - 2025-12-15 10:37:27 --> [DEPRECATED] Creation of dynamic property App\Controllers\Layanan::$nama is deprecated in APPPATH\Controllers\BaseController.php on line 44.
 1 SYSTEMPATH\CodeIgniter.php(904): App\Controllers\BaseController->initController(Object(CodeIgniter\HTTP\IncomingRequest), Object(CodeIgniter\HTTP\Response), Object(CodeIgniter\Log\Logger))
 2 SYSTEMPATH\CodeIgniter.php(498): CodeIgniter\CodeIgniter->createController()
 3 SYSTEMPATH\CodeIgniter.php(354): CodeIgniter\CodeIgniter->handleRequest(null, Object(Config\Cache), false)
 4 SYSTEMPATH\Boot.php(363): CodeIgniter\CodeIgniter->run()
 5 SYSTEMPATH\Boot.php(68): CodeIgniter\Boot::runCodeIgniter(Object(CodeIgniter\CodeIgniter))
 6 FCPATH\index.php(59): CodeIgniter\Boot::bootWeb(Object(Config\Paths))
 7 SYSTEMPATH\rewrite.php(44): require_once('C:\\xampp\\htdocs\\cicemilankayo\\public\\index.php')
WARNING - 2025-12-15 10:39:45 --> [DEPRECATED] Creation of dynamic property App\Controllers\Layanan::$nama is deprecated in APPPATH\Controllers\BaseController.php on line 44.
 1 SYSTEMPATH\CodeIgniter.php(904): App\Controllers\BaseController->initController(Object(CodeIgniter\HTTP\IncomingRequest), Object(CodeIgniter\HTTP\Response), Object(CodeIgniter\Log\Logger))
 2 SYSTEMPATH\CodeIgniter.php(498): CodeIgniter\CodeIgniter->createController()
 3 SYSTEMPATH\CodeIgniter.php(354): CodeIgniter\CodeIgniter->handleRequest(null, Object(Config\Cache), false)
 4 SYSTEMPATH\Boot.php(363): CodeIgniter\CodeIgniter->run()
 5 SYSTEMPATH\Boot.php(68): CodeIgniter\Boot::runCodeIgniter(Object(CodeIgniter\CodeIgniter))
 6 FCPATH\index.php(59): CodeIgniter\Boot::bootWeb(Object(Config\Paths))
 7 SYSTEMPATH\rewrite.php(44): require_once('C:\\xampp\\htdocs\\cicemilankayo\\public\\index.php')
WARNING - 2025-12-15 10:39:59 --> [DEPRECATED] Creation of dynamic property App\Controllers\Layanan::$nama is deprecated in APPPATH\Controllers\BaseController.php on line 44.
 1 SYSTEMPATH\CodeIgniter.php(904): App\Controllers\BaseController->initController(Object(CodeIgniter\HTTP\IncomingRequest), Object(CodeIgniter\HTTP\Response), Object(CodeIgniter\Log\Logger))
 2 SYSTEMPATH\CodeIgniter.php(498): CodeIgniter\CodeIgniter->createController()
 3 SYSTEMPATH\CodeIgniter.php(354): CodeIgniter\CodeIgniter->handleRequest(null, Object(Config\Cache), false)
 4 SYSTEMPATH\Boot.php(363): CodeIgniter\CodeIgniter->run()
 5 SYSTEMPATH\Boot.php(68): CodeIgniter\Boot::runCodeIgniter(Object(CodeIgniter\CodeIgniter))
 6 FCPATH\index.php(59): CodeIgniter\Boot::bootWeb(Object(Config\Paths))
 7 SYSTEMPATH\rewrite.php(44): require_once('C:\\xampp\\htdocs\\cicemilankayo\\public\\index.php')
WARNING - 2025-12-15 10:40:18 --> [DEPRECATED] Creation of dynamic property App\Controllers\Layanan::$nama is deprecated in APPPATH\Controllers\BaseController.php on line 44.
 1 SYSTEMPATH\CodeIgniter.php(904): App\Controllers\BaseController->initController(Object(CodeIgniter\HTTP\IncomingRequest), Object(CodeIgniter\HTTP\Response), Object(CodeIgniter\Log\Logger))
 2 SYSTEMPATH\CodeIgniter.php(498): CodeIgniter\CodeIgniter->createController()
 3 SYSTEMPATH\CodeIgniter.php(354): CodeIgniter\CodeIgniter->handleRequest(null, Object(Config\Cache), false)
 4 SYSTEMPATH\Boot.php(363): CodeIgniter\CodeIgniter->run()
 5 SYSTEMPATH\Boot.php(68): CodeIgniter\Boot::runCodeIgniter(Object(CodeIgniter\CodeIgniter))
 6 FCPATH\index.php(59): CodeIgniter\Boot::bootWeb(Object(Config\Paths))
 7 SYSTEMPATH\rewrite.php(44): require_once('C:\\xampp\\htdocs\\cicemilankayo\\public\\index.php')
WARNING - 2025-12-15 10:40:20 --> [DEPRECATED] Creation of dynamic property App\Controllers\Layanan::$nama is deprecated in APPPATH\Controllers\BaseController.php on line 44.
 1 SYSTEMPATH\CodeIgniter.php(904): App\Controllers\BaseController->initController(Object(CodeIgniter\HTTP\IncomingRequest), Object(CodeIgniter\HTTP\Response), Object(CodeIgniter\Log\Logger))
 2 SYSTEMPATH\CodeIgniter.php(498): CodeIgniter\CodeIgniter->createController()
 3 SYSTEMPATH\CodeIgniter.php(354): CodeIgniter\CodeIgniter->handleRequest(null, Object(Config\Cache), false)
 4 SYSTEMPATH\Boot.php(363): CodeIgniter\CodeIgniter->run()
 5 SYSTEMPATH\Boot.php(68): CodeIgniter\Boot::runCodeIgniter(Object(CodeIgniter\CodeIgniter))
 6 FCPATH\index.php(59): CodeIgniter\Boot::bootWeb(Object(Config\Paths))
 7 SYSTEMPATH\rewrite.php(44): require_once('C:\\xampp\\htdocs\\cicemilankayo\\public\\index.php')
WARNING - 2025-12-15 10:42:38 --> [DEPRECATED] Creation of dynamic property App\Controllers\Layanan::$nama is deprecated in APPPATH\Controllers\BaseController.php on line 44.
 1 SYSTEMPATH\CodeIgniter.php(904): App\Controllers\BaseController->initController(Object(CodeIgniter\HTTP\IncomingRequest), Object(CodeIgniter\HTTP\Response), Object(CodeIgniter\Log\Logger))
 2 SYSTEMPATH\CodeIgniter.php(498): CodeIgniter\CodeIgniter->createController()
 3 SYSTEMPATH\CodeIgniter.php(354): CodeIgniter\CodeIgniter->handleRequest(null, Object(Config\Cache), false)
 4 SYSTEMPATH\Boot.php(363): CodeIgniter\CodeIgniter->run()
 5 SYSTEMPATH\Boot.php(68): CodeIgniter\Boot::runCodeIgniter(Object(CodeIgniter\CodeIgniter))
 6 FCPATH\index.php(59): CodeIgniter\Boot::bootWeb(Object(Config\Paths))
 7 SYSTEMPATH\rewrite.php(44): require_once('C:\\xampp\\htdocs\\cicemilankayo\\public\\index.php')
WARNING - 2025-12-15 10:42:49 --> [DEPRECATED] Creation of dynamic property App\Controllers\Beranda::$nama is deprecated in APPPATH\Controllers\BaseController.php on line 44.
 1 SYSTEMPATH\CodeIgniter.php(904): App\Controllers\BaseController->initController(Object(CodeIgniter\HTTP\IncomingRequest), Object(CodeIgniter\HTTP\Response), Object(CodeIgniter\Log\Logger))
 2 SYSTEMPATH\CodeIgniter.php(498): CodeIgniter\CodeIgniter->createController()
 3 SYSTEMPATH\CodeIgniter.php(354): CodeIgniter\CodeIgniter->handleRequest(null, Object(Config\Cache), false)
 4 SYSTEMPATH\Boot.php(363): CodeIgniter\CodeIgniter->run()
 5 SYSTEMPATH\Boot.php(68): CodeIgniter\Boot::runCodeIgniter(Object(CodeIgniter\CodeIgniter))
 6 FCPATH\index.php(59): CodeIgniter\Boot::bootWeb(Object(Config\Paths))
 7 SYSTEMPATH\rewrite.php(44): require_once('C:\\xampp\\htdocs\\cicemilankayo\\public\\index.php')
WARNING - 2025-12-15 10:42:50 --> [DEPRECATED] Creation of dynamic property App\Controllers\Layanan::$nama is deprecated in APPPATH\Controllers\BaseController.php on line 44.
 1 SYSTEMPATH\CodeIgniter.php(904): App\Controllers\BaseController->initController(Object(CodeIgniter\HTTP\IncomingRequest), Object(CodeIgniter\HTTP\Response), Object(CodeIgniter\Log\Logger))
 2 SYSTEMPATH\CodeIgniter.php(498): CodeIgniter\CodeIgniter->createController()
 3 SYSTEMPATH\CodeIgniter.php(354): CodeIgniter\CodeIgniter->handleRequest(null, Object(Config\Cache), false)
 4 SYSTEMPATH\Boot.php(363): CodeIgniter\CodeIgniter->run()
 5 SYSTEMPATH\Boot.php(68): CodeIgniter\Boot::runCodeIgniter(Object(CodeIgniter\CodeIgniter))
 6 FCPATH\index.php(59): CodeIgniter\Boot::bootWeb(Object(Config\Paths))
 7 SYSTEMPATH\rewrite.php(44): require_once('C:\\xampp\\htdocs\\cicemilankayo\\public\\index.php')
WARNING - 2025-12-15 10:43:02 --> [DEPRECATED] Creation of dynamic property App\Controllers\Beranda::$nama is deprecated in APPPATH\Controllers\BaseController.php on line 44.
 1 SYSTEMPATH\CodeIgniter.php(904): App\Controllers\BaseController->initController(Object(CodeIgniter\HTTP\IncomingRequest), Object(CodeIgniter\HTTP\Response), Object(CodeIgniter\Log\Logger))
 2 SYSTEMPATH\CodeIgniter.php(498): CodeIgniter\CodeIgniter->createController()
 3 SYSTEMPATH\CodeIgniter.php(354): CodeIgniter\CodeIgniter->handleRequest(null, Object(Config\Cache), false)
 4 SYSTEMPATH\Boot.php(363): CodeIgniter\CodeIgniter->run()
 5 SYSTEMPATH\Boot.php(68): CodeIgniter\Boot::runCodeIgniter(Object(CodeIgniter\CodeIgniter))
 6 FCPATH\index.php(59): CodeIgniter\Boot::bootWeb(Object(Config\Paths))
 7 SYSTEMPATH\rewrite.php(44): require_once('C:\\xampp\\htdocs\\cicemilankayo\\public\\index.php')
WARNING - 2025-12-15 10:43:04 --> [DEPRECATED] Creation of dynamic property App\Controllers\Home::$nama is deprecated in APPPATH\Controllers\BaseController.php on line 44.
 1 SYSTEMPATH\CodeIgniter.php(904): App\Controllers\BaseController->initController(Object(CodeIgniter\HTTP\IncomingRequest), Object(CodeIgniter\HTTP\Response), Object(CodeIgniter\Log\Logger))
 2 SYSTEMPATH\CodeIgniter.php(498): CodeIgniter\CodeIgniter->createController()
 3 SYSTEMPATH\CodeIgniter.php(354): CodeIgniter\CodeIgniter->handleRequest(null, Object(Config\Cache), false)
 4 SYSTEMPATH\Boot.php(363): CodeIgniter\CodeIgniter->run()
 5 SYSTEMPATH\Boot.php(68): CodeIgniter\Boot::runCodeIgniter(Object(CodeIgniter\CodeIgniter))
 6 FCPATH\index.php(59): CodeIgniter\Boot::bootWeb(Object(Config\Paths))
 7 SYSTEMPATH\rewrite.php(44): require_once('C:\\xampp\\htdocs\\cicemilankayo\\public\\index.php')
WARNING - 2025-12-15 10:43:05 --> [DEPRECATED] Creation of dynamic property App\Controllers\Layanan::$nama is deprecated in APPPATH\Controllers\BaseController.php on line 44.
 1 SYSTEMPATH\CodeIgniter.php(904): App\Controllers\BaseController->initController(Object(CodeIgniter\HTTP\IncomingRequest), Object(CodeIgniter\HTTP\Response), Object(CodeIgniter\Log\Logger))
 2 SYSTEMPATH\CodeIgniter.php(498): CodeIgniter\CodeIgniter->createController()
 3 SYSTEMPATH\CodeIgniter.php(354): CodeIgniter\CodeIgniter->handleRequest(null, Object(Config\Cache), false)
 4 SYSTEMPATH\Boot.php(363): CodeIgniter\CodeIgniter->run()
 5 SYSTEMPATH\Boot.php(68): CodeIgniter\Boot::runCodeIgniter(Object(CodeIgniter\CodeIgniter))
 6 FCPATH\index.php(59): CodeIgniter\Boot::bootWeb(Object(Config\Paths))
 7 SYSTEMPATH\rewrite.php(44): require_once('C:\\xampp\\htdocs\\cicemilankayo\\public\\index.php')
