WARNING - 2025-12-30 03:45:23 --> [DEPRECATED] Creation of dynamic property App\Controllers\Home::$nama is deprecated in APPPATH/Controllers/BaseController.php on line 44.
 1 SYSTEMPATH/CodeIgniter.php(904): App\Controllers\BaseController->initController(Object(CodeIgniter\HTTP\IncomingRequest), Object(CodeIgniter\HTTP\Response), Object(CodeIgniter\Log\Logger))
 2 SYSTEMPATH/CodeIgniter.php(498): CodeIgniter\CodeIgniter->createController()
 3 SYSTEMPATH/CodeIgniter.php(354): CodeIgniter\CodeIgniter->handleRequest(null, Object(Config\Cache), false)
 4 SYSTEMPATH/Boot.php(363): CodeIgniter\CodeIgniter->run()
 5 SYSTEMPATH/Boot.php(68): CodeIgniter\Boot::runCodeIgniter(Object(CodeIgniter\CodeIgniter))
 6 FCPATH/index.php(59): CodeIgniter\Boot::bootWeb(Object(Config\Paths))
WARNING - 2025-12-30 03:45:27 --> [DEPRECATED] Creation of dynamic property App\Controllers\Layanan::$nama is deprecated in APPPATH/Controllers/BaseController.php on line 44.
 1 SYSTEMPATH/CodeIgniter.php(904): App\Controllers\BaseController->initController(Object(CodeIgniter\HTTP\IncomingRequest), Object(CodeIgniter\HTTP\Response), Object(CodeIgniter\Log\Logger))
 2 SYSTEMPATH/CodeIgniter.php(498): CodeIgniter\CodeIgniter->createController()
 3 SYSTEMPATH/CodeIgniter.php(354): CodeIgniter\CodeIgniter->handleRequest(null, Object(Config\Cache), false)
 4 SYSTEMPATH/Boot.php(363): CodeIgniter\CodeIgniter->run()
 5 SYSTEMPATH/Boot.php(68): CodeIgniter\Boot::runCodeIgniter(Object(CodeIgniter\CodeIgniter))
 6 FCPATH/index.php(59): CodeIgniter\Boot::bootWeb(Object(Config\Paths))
WARNING - 2025-12-30 03:45:29 --> [DEPRECATED] Creation of dynamic property App\Controllers\Beranda::$nama is deprecated in APPPATH/Controllers/BaseController.php on line 44.
 1 SYSTEMPATH/CodeIgniter.php(904): App\Controllers\BaseController->initController(Object(CodeIgniter\HTTP\IncomingRequest), Object(CodeIgniter\HTTP\Response), Object(CodeIgniter\Log\Logger))
 2 SYSTEMPATH/CodeIgniter.php(498): CodeIgniter\CodeIgniter->createController()
 3 SYSTEMPATH/CodeIgniter.php(354): CodeIgniter\CodeIgniter->handleRequest(null, Object(Config\Cache), false)
 4 SYSTEMPATH/Boot.php(363): CodeIgniter\CodeIgniter->run()
 5 SYSTEMPATH/Boot.php(68): CodeIgniter\Boot::runCodeIgniter(Object(CodeIgniter\CodeIgniter))
 6 FCPATH/index.php(59): CodeIgniter\Boot::bootWeb(Object(Config\Paths))
WARNING - 2025-12-30 04:52:02 --> [DEPRECATED] Creation of dynamic property App\Controllers\Layanan::$nama is deprecated in APPPATH/Controllers/BaseController.php on line 44.
 1 SYSTEMPATH/CodeIgniter.php(904): App\Controllers\BaseController->initController(Object(CodeIgniter\HTTP\IncomingRequest), Object(CodeIgniter\HTTP\Response), Object(CodeIgniter\Log\Logger))
 2 SYSTEMPATH/CodeIgniter.php(498): CodeIgniter\CodeIgniter->createController()
 3 SYSTEMPATH/CodeIgniter.php(354): CodeIgniter\CodeIgniter->handleRequest(null, Object(Config\Cache), false)
 4 SYSTEMPATH/Boot.php(363): CodeIgniter\CodeIgniter->run()
 5 SYSTEMPATH/Boot.php(68): CodeIgniter\Boot::runCodeIgniter(Object(CodeIgniter\CodeIgniter))
 6 FCPATH/index.php(59): CodeIgniter\Boot::bootWeb(Object(Config\Paths))
WARNING - 2025-12-30 04:52:09 --> [DEPRECATED] Creation of dynamic property App\Controllers\Layanan::$nama is deprecated in APPPATH/Controllers/BaseController.php on line 44.
 1 SYSTEMPATH/CodeIgniter.php(904): App\Controllers\BaseController->initController(Object(CodeIgniter\HTTP\IncomingRequest), Object(CodeIgniter\HTTP\Response), Object(CodeIgniter\Log\Logger))
 2 SYSTEMPATH/CodeIgniter.php(498): CodeIgniter\CodeIgniter->createController()
 3 SYSTEMPATH/CodeIgniter.php(354): CodeIgniter\CodeIgniter->handleRequest(null, Object(Config\Cache), false)
 4 SYSTEMPATH/Boot.php(363): CodeIgniter\CodeIgniter->run()
 5 SYSTEMPATH/Boot.php(68): CodeIgniter\Boot::runCodeIgniter(Object(CodeIgniter\CodeIgniter))
 6 FCPATH/index.php(59): CodeIgniter\Boot::bootWeb(Object(Config\Paths))
WARNING - 2025-12-30 04:52:15 --> [DEPRECATED] Creation of dynamic property App\Controllers\Layanan::$nama is deprecated in APPPATH/Controllers/BaseController.php on line 44.
 1 SYSTEMPATH/CodeIgniter.php(904): App\Controllers\BaseController->initController(Object(CodeIgniter\HTTP\IncomingRequest), Object(CodeIgniter\HTTP\Response), Object(CodeIgniter\Log\Logger))
 2 SYSTEMPATH/CodeIgniter.php(498): CodeIgniter\CodeIgniter->createController()
 3 SYSTEMPATH/CodeIgniter.php(354): CodeIgniter\CodeIgniter->handleRequest(null, Object(Config\Cache), false)
 4 SYSTEMPATH/Boot.php(363): CodeIgniter\CodeIgniter->run()
 5 SYSTEMPATH/Boot.php(68): CodeIgniter\Boot::runCodeIgniter(Object(CodeIgniter\CodeIgniter))
 6 FCPATH/index.php(59): CodeIgniter\Boot::bootWeb(Object(Config\Paths))
WARNING - 2025-12-30 04:53:13 --> [DEPRECATED] Creation of dynamic property App\Controllers\Layanan::$nama is deprecated in APPPATH/Controllers/BaseController.php on line 44.
 1 SYSTEMPATH/CodeIgniter.php(904): App\Controllers\BaseController->initController(Object(CodeIgniter\HTTP\IncomingRequest), Object(CodeIgniter\HTTP\Response), Object(CodeIgniter\Log\Logger))
 2 SYSTEMPATH/CodeIgniter.php(498): CodeIgniter\CodeIgniter->createController()
 3 SYSTEMPATH/CodeIgniter.php(354): CodeIgniter\CodeIgniter->handleRequest(null, Object(Config\Cache), false)
 4 SYSTEMPATH/Boot.php(363): CodeIgniter\CodeIgniter->run()
 5 SYSTEMPATH/Boot.php(68): CodeIgniter\Boot::runCodeIgniter(Object(CodeIgniter\CodeIgniter))
 6 FCPATH/index.php(59): CodeIgniter\Boot::bootWeb(Object(Config\Paths))
WARNING - 2025-12-30 04:53:20 --> [DEPRECATED] Creation of dynamic property App\Controllers\Layanan::$nama is deprecated in APPPATH/Controllers/BaseController.php on line 44.
 1 SYSTEMPATH/CodeIgniter.php(904): App\Controllers\BaseController->initController(Object(CodeIgniter\HTTP\IncomingRequest), Object(CodeIgniter\HTTP\Response), Object(CodeIgniter\Log\Logger))
 2 SYSTEMPATH/CodeIgniter.php(498): CodeIgniter\CodeIgniter->createController()
 3 SYSTEMPATH/CodeIgniter.php(354): CodeIgniter\CodeIgniter->handleRequest(null, Object(Config\Cache), false)
 4 SYSTEMPATH/Boot.php(363): CodeIgniter\CodeIgniter->run()
 5 SYSTEMPATH/Boot.php(68): CodeIgniter\Boot::runCodeIgniter(Object(CodeIgniter\CodeIgniter))
 6 FCPATH/index.php(59): CodeIgniter\Boot::bootWeb(Object(Config\Paths))
WARNING - 2025-12-30 05:01:54 --> [DEPRECATED] Creation of dynamic property App\Controllers\Layanan::$nama is deprecated in APPPATH/Controllers/BaseController.php on line 44.
 1 SYSTEMPATH/CodeIgniter.php(904): App\Controllers\BaseController->initController(Object(CodeIgniter\HTTP\IncomingRequest), Object(CodeIgniter\HTTP\Response), Object(CodeIgniter\Log\Logger))
 2 SYSTEMPATH/CodeIgniter.php(498): CodeIgniter\CodeIgniter->createController()
 3 SYSTEMPATH/CodeIgniter.php(354): CodeIgniter\CodeIgniter->handleRequest(null, Object(Config\Cache), false)
 4 SYSTEMPATH/Boot.php(363): CodeIgniter\CodeIgniter->run()
 5 SYSTEMPATH/Boot.php(68): CodeIgniter\Boot::runCodeIgniter(Object(CodeIgniter\CodeIgniter))
 6 FCPATH/index.php(59): CodeIgniter\Boot::bootWeb(Object(Config\Paths))
WARNING - 2025-12-30 05:02:29 --> [DEPRECATED] Creation of dynamic property App\Controllers\Layanan::$nama is deprecated in APPPATH/Controllers/BaseController.php on line 44.
 1 SYSTEMPATH/CodeIgniter.php(904): App\Controllers\BaseController->initController(Object(CodeIgniter\HTTP\IncomingRequest), Object(CodeIgniter\HTTP\Response), Object(CodeIgniter\Log\Logger))
 2 SYSTEMPATH/CodeIgniter.php(498): CodeIgniter\CodeIgniter->createController()
 3 SYSTEMPATH/CodeIgniter.php(354): CodeIgniter\CodeIgniter->handleRequest(null, Object(Config\Cache), false)
 4 SYSTEMPATH/Boot.php(363): CodeIgniter\CodeIgniter->run()
 5 SYSTEMPATH/Boot.php(68): CodeIgniter\Boot::runCodeIgniter(Object(CodeIgniter\CodeIgniter))
 6 FCPATH/index.php(59): CodeIgniter\Boot::bootWeb(Object(Config\Paths))
WARNING - 2025-12-30 05:03:10 --> [DEPRECATED] Creation of dynamic property App\Controllers\Layanan::$nama is deprecated in APPPATH/Controllers/BaseController.php on line 44.
 1 SYSTEMPATH/CodeIgniter.php(904): App\Controllers\BaseController->initController(Object(CodeIgniter\HTTP\IncomingRequest), Object(CodeIgniter\HTTP\Response), Object(CodeIgniter\Log\Logger))
 2 SYSTEMPATH/CodeIgniter.php(498): CodeIgniter\CodeIgniter->createController()
 3 SYSTEMPATH/CodeIgniter.php(354): CodeIgniter\CodeIgniter->handleRequest(null, Object(Config\Cache), false)
 4 SYSTEMPATH/Boot.php(363): CodeIgniter\CodeIgniter->run()
 5 SYSTEMPATH/Boot.php(68): CodeIgniter\Boot::runCodeIgniter(Object(CodeIgniter\CodeIgniter))
 6 FCPATH/index.php(59): CodeIgniter\Boot::bootWeb(Object(Config\Paths))
WARNING - 2025-12-30 05:07:33 --> [DEPRECATED] Creation of dynamic property App\Controllers\Layanan::$nama is deprecated in APPPATH/Controllers/BaseController.php on line 44.
 1 SYSTEMPATH/CodeIgniter.php(904): App\Controllers\BaseController->initController(Object(CodeIgniter\HTTP\IncomingRequest), Object(CodeIgniter\HTTP\Response), Object(CodeIgniter\Log\Logger))
 2 SYSTEMPATH/CodeIgniter.php(498): CodeIgniter\CodeIgniter->createController()
 3 SYSTEMPATH/CodeIgniter.php(354): CodeIgniter\CodeIgniter->handleRequest(null, Object(Config\Cache), false)
 4 SYSTEMPATH/Boot.php(363): CodeIgniter\CodeIgniter->run()
 5 SYSTEMPATH/Boot.php(68): CodeIgniter\Boot::runCodeIgniter(Object(CodeIgniter\CodeIgniter))
 6 FCPATH/index.php(59): CodeIgniter\Boot::bootWeb(Object(Config\Paths))
WARNING - 2025-12-30 05:13:56 --> [DEPRECATED] Creation of dynamic property App\Controllers\Layanan::$nama is deprecated in APPPATH/Controllers/BaseController.php on line 44.
 1 SYSTEMPATH/CodeIgniter.php(904): App\Controllers\BaseController->initController(Object(CodeIgniter\HTTP\IncomingRequest), Object(CodeIgniter\HTTP\Response), Object(CodeIgniter\Log\Logger))
 2 SYSTEMPATH/CodeIgniter.php(498): CodeIgniter\CodeIgniter->createController()
 3 SYSTEMPATH/CodeIgniter.php(354): CodeIgniter\CodeIgniter->handleRequest(null, Object(Config\Cache), false)
 4 SYSTEMPATH/Boot.php(363): CodeIgniter\CodeIgniter->run()
 5 SYSTEMPATH/Boot.php(68): CodeIgniter\Boot::runCodeIgniter(Object(CodeIgniter\CodeIgniter))
 6 FCPATH/index.php(59): CodeIgniter\Boot::bootWeb(Object(Config\Paths))
WARNING - 2025-12-30 05:14:00 --> [DEPRECATED] Creation of dynamic property App\Controllers\Layanan::$nama is deprecated in APPPATH/Controllers/BaseController.php on line 44.
 1 SYSTEMPATH/CodeIgniter.php(904): App\Controllers\BaseController->initController(Object(CodeIgniter\HTTP\IncomingRequest), Object(CodeIgniter\HTTP\Response), Object(CodeIgniter\Log\Logger))
 2 SYSTEMPATH/CodeIgniter.php(498): CodeIgniter\CodeIgniter->createController()
 3 SYSTEMPATH/CodeIgniter.php(354): CodeIgniter\CodeIgniter->handleRequest(null, Object(Config\Cache), false)
 4 SYSTEMPATH/Boot.php(363): CodeIgniter\CodeIgniter->run()
 5 SYSTEMPATH/Boot.php(68): CodeIgniter\Boot::runCodeIgniter(Object(CodeIgniter\CodeIgniter))
 6 FCPATH/index.php(59): CodeIgniter\Boot::bootWeb(Object(Config\Paths))
WARNING - 2025-12-30 05:15:05 --> [DEPRECATED] Creation of dynamic property App\Controllers\Layanan::$nama is deprecated in APPPATH/Controllers/BaseController.php on line 44.
 1 SYSTEMPATH/CodeIgniter.php(904): App\Controllers\BaseController->initController(Object(CodeIgniter\HTTP\IncomingRequest), Object(CodeIgniter\HTTP\Response), Object(CodeIgniter\Log\Logger))
 2 SYSTEMPATH/CodeIgniter.php(498): CodeIgniter\CodeIgniter->createController()
 3 SYSTEMPATH/CodeIgniter.php(354): CodeIgniter\CodeIgniter->handleRequest(null, Object(Config\Cache), false)
 4 SYSTEMPATH/Boot.php(363): CodeIgniter\CodeIgniter->run()
 5 SYSTEMPATH/Boot.php(68): CodeIgniter\Boot::runCodeIgniter(Object(CodeIgniter\CodeIgniter))
 6 FCPATH/index.php(59): CodeIgniter\Boot::bootWeb(Object(Config\Paths))
WARNING - 2025-12-30 05:15:08 --> [DEPRECATED] Creation of dynamic property App\Controllers\Layanan::$nama is deprecated in APPPATH/Controllers/BaseController.php on line 44.
 1 SYSTEMPATH/CodeIgniter.php(904): App\Controllers\BaseController->initController(Object(CodeIgniter\HTTP\IncomingRequest), Object(CodeIgniter\HTTP\Response), Object(CodeIgniter\Log\Logger))
 2 SYSTEMPATH/CodeIgniter.php(498): CodeIgniter\CodeIgniter->createController()
 3 SYSTEMPATH/CodeIgniter.php(354): CodeIgniter\CodeIgniter->handleRequest(null, Object(Config\Cache), false)
 4 SYSTEMPATH/Boot.php(363): CodeIgniter\CodeIgniter->run()
 5 SYSTEMPATH/Boot.php(68): CodeIgniter\Boot::runCodeIgniter(Object(CodeIgniter\CodeIgniter))
 6 FCPATH/index.php(59): CodeIgniter\Boot::bootWeb(Object(Config\Paths))
WARNING - 2025-12-30 05:15:11 --> [DEPRECATED] Creation of dynamic property App\Controllers\Layanan::$nama is deprecated in APPPATH/Controllers/BaseController.php on line 44.
 1 SYSTEMPATH/CodeIgniter.php(904): App\Controllers\BaseController->initController(Object(CodeIgniter\HTTP\IncomingRequest), Object(CodeIgniter\HTTP\Response), Object(CodeIgniter\Log\Logger))
 2 SYSTEMPATH/CodeIgniter.php(498): CodeIgniter\CodeIgniter->createController()
 3 SYSTEMPATH/CodeIgniter.php(354): CodeIgniter\CodeIgniter->handleRequest(null, Object(Config\Cache), false)
 4 SYSTEMPATH/Boot.php(363): CodeIgniter\CodeIgniter->run()
 5 SYSTEMPATH/Boot.php(68): CodeIgniter\Boot::runCodeIgniter(Object(CodeIgniter\CodeIgniter))
 6 FCPATH/index.php(59): CodeIgniter\Boot::bootWeb(Object(Config\Paths))
WARNING - 2025-12-30 05:15:15 --> [DEPRECATED] Creation of dynamic property App\Controllers\Layanan::$nama is deprecated in APPPATH/Controllers/BaseController.php on line 44.
 1 SYSTEMPATH/CodeIgniter.php(904): App\Controllers\BaseController->initController(Object(CodeIgniter\HTTP\IncomingRequest), Object(CodeIgniter\HTTP\Response), Object(CodeIgniter\Log\Logger))
 2 SYSTEMPATH/CodeIgniter.php(498): CodeIgniter\CodeIgniter->createController()
 3 SYSTEMPATH/CodeIgniter.php(354): CodeIgniter\CodeIgniter->handleRequest(null, Object(Config\Cache), false)
 4 SYSTEMPATH/Boot.php(363): CodeIgniter\CodeIgniter->run()
 5 SYSTEMPATH/Boot.php(68): CodeIgniter\Boot::runCodeIgniter(Object(CodeIgniter\CodeIgniter))
 6 FCPATH/index.php(59): CodeIgniter\Boot::bootWeb(Object(Config\Paths))
WARNING - 2025-12-30 05:16:25 --> [DEPRECATED] Creation of dynamic property App\Controllers\Layanan::$nama is deprecated in APPPATH/Controllers/BaseController.php on line 44.
 1 SYSTEMPATH/CodeIgniter.php(904): App\Controllers\BaseController->initController(Object(CodeIgniter\HTTP\IncomingRequest), Object(CodeIgniter\HTTP\Response), Object(CodeIgniter\Log\Logger))
 2 SYSTEMPATH/CodeIgniter.php(498): CodeIgniter\CodeIgniter->createController()
 3 SYSTEMPATH/CodeIgniter.php(354): CodeIgniter\CodeIgniter->handleRequest(null, Object(Config\Cache), false)
 4 SYSTEMPATH/Boot.php(363): CodeIgniter\CodeIgniter->run()
 5 SYSTEMPATH/Boot.php(68): CodeIgniter\Boot::runCodeIgniter(Object(CodeIgniter\CodeIgniter))
 6 FCPATH/index.php(59): CodeIgniter\Boot::bootWeb(Object(Config\Paths))
WARNING - 2025-12-30 05:17:32 --> [DEPRECATED] Creation of dynamic property App\Controllers\Beranda::$nama is deprecated in APPPATH/Controllers/BaseController.php on line 44.
 1 SYSTEMPATH/CodeIgniter.php(904): App\Controllers\BaseController->initController(Object(CodeIgniter\HTTP\IncomingRequest), Object(CodeIgniter\HTTP\Response), Object(CodeIgniter\Log\Logger))
 2 SYSTEMPATH/CodeIgniter.php(498): CodeIgniter\CodeIgniter->createController()
 3 SYSTEMPATH/CodeIgniter.php(354): CodeIgniter\CodeIgniter->handleRequest(null, Object(Config\Cache), false)
 4 SYSTEMPATH/Boot.php(363): CodeIgniter\CodeIgniter->run()
 5 SYSTEMPATH/Boot.php(68): CodeIgniter\Boot::runCodeIgniter(Object(CodeIgniter\CodeIgniter))
 6 FCPATH/index.php(59): CodeIgniter\Boot::bootWeb(Object(Config\Paths))
WARNING - 2025-12-30 05:17:34 --> [DEPRECATED] Creation of dynamic property App\Controllers\Layanan::$nama is deprecated in APPPATH/Controllers/BaseController.php on line 44.
 1 SYSTEMPATH/CodeIgniter.php(904): App\Controllers\BaseController->initController(Object(CodeIgniter\HTTP\IncomingRequest), Object(CodeIgniter\HTTP\Response), Object(CodeIgniter\Log\Logger))
 2 SYSTEMPATH/CodeIgniter.php(498): CodeIgniter\CodeIgniter->createController()
 3 SYSTEMPATH/CodeIgniter.php(354): CodeIgniter\CodeIgniter->handleRequest(null, Object(Config\Cache), false)
 4 SYSTEMPATH/Boot.php(363): CodeIgniter\CodeIgniter->run()
 5 SYSTEMPATH/Boot.php(68): CodeIgniter\Boot::runCodeIgniter(Object(CodeIgniter\CodeIgniter))
 6 FCPATH/index.php(59): CodeIgniter\Boot::bootWeb(Object(Config\Paths))
WARNING - 2025-12-30 05:17:43 --> [DEPRECATED] Creation of dynamic property App\Controllers\Layanan::$nama is deprecated in APPPATH/Controllers/BaseController.php on line 44.
 1 SYSTEMPATH/CodeIgniter.php(904): App\Controllers\BaseController->initController(Object(CodeIgniter\HTTP\IncomingRequest), Object(CodeIgniter\HTTP\Response), Object(CodeIgniter\Log\Logger))
 2 SYSTEMPATH/CodeIgniter.php(498): CodeIgniter\CodeIgniter->createController()
 3 SYSTEMPATH/CodeIgniter.php(354): CodeIgniter\CodeIgniter->handleRequest(null, Object(Config\Cache), false)
 4 SYSTEMPATH/Boot.php(363): CodeIgniter\CodeIgniter->run()
 5 SYSTEMPATH/Boot.php(68): CodeIgniter\Boot::runCodeIgniter(Object(CodeIgniter\CodeIgniter))
 6 FCPATH/index.php(59): CodeIgniter\Boot::bootWeb(Object(Config\Paths))
WARNING - 2025-12-30 05:18:36 --> [DEPRECATED] Creation of dynamic property App\Controllers\Layanan::$nama is deprecated in APPPATH/Controllers/BaseController.php on line 44.
 1 SYSTEMPATH/CodeIgniter.php(904): App\Controllers\BaseController->initController(Object(CodeIgniter\HTTP\IncomingRequest), Object(CodeIgniter\HTTP\Response), Object(CodeIgniter\Log\Logger))
 2 SYSTEMPATH/CodeIgniter.php(498): CodeIgniter\CodeIgniter->createController()
 3 SYSTEMPATH/CodeIgniter.php(354): CodeIgniter\CodeIgniter->handleRequest(null, Object(Config\Cache), false)
 4 SYSTEMPATH/Boot.php(363): CodeIgniter\CodeIgniter->run()
 5 SYSTEMPATH/Boot.php(68): CodeIgniter\Boot::runCodeIgniter(Object(CodeIgniter\CodeIgniter))
 6 FCPATH/index.php(59): CodeIgniter\Boot::bootWeb(Object(Config\Paths))
WARNING - 2025-12-30 05:18:47 --> [DEPRECATED] Creation of dynamic property App\Controllers\Layanan::$nama is deprecated in APPPATH/Controllers/BaseController.php on line 44.
 1 SYSTEMPATH/CodeIgniter.php(904): App\Controllers\BaseController->initController(Object(CodeIgniter\HTTP\IncomingRequest), Object(CodeIgniter\HTTP\Response), Object(CodeIgniter\Log\Logger))
 2 SYSTEMPATH/CodeIgniter.php(498): CodeIgniter\CodeIgniter->createController()
 3 SYSTEMPATH/CodeIgniter.php(354): CodeIgniter\CodeIgniter->handleRequest(null, Object(Config\Cache), false)
 4 SYSTEMPATH/Boot.php(363): CodeIgniter\CodeIgniter->run()
 5 SYSTEMPATH/Boot.php(68): CodeIgniter\Boot::runCodeIgniter(Object(CodeIgniter\CodeIgniter))
 6 FCPATH/index.php(59): CodeIgniter\Boot::bootWeb(Object(Config\Paths))
WARNING - 2025-12-30 05:18:59 --> [DEPRECATED] Creation of dynamic property App\Controllers\Layanan::$nama is deprecated in APPPATH/Controllers/BaseController.php on line 44.
 1 SYSTEMPATH/CodeIgniter.php(904): App\Controllers\BaseController->initController(Object(CodeIgniter\HTTP\IncomingRequest), Object(CodeIgniter\HTTP\Response), Object(CodeIgniter\Log\Logger))
 2 SYSTEMPATH/CodeIgniter.php(498): CodeIgniter\CodeIgniter->createController()
 3 SYSTEMPATH/CodeIgniter.php(354): CodeIgniter\CodeIgniter->handleRequest(null, Object(Config\Cache), false)
 4 SYSTEMPATH/Boot.php(363): CodeIgniter\CodeIgniter->run()
 5 SYSTEMPATH/Boot.php(68): CodeIgniter\Boot::runCodeIgniter(Object(CodeIgniter\CodeIgniter))
 6 FCPATH/index.php(59): CodeIgniter\Boot::bootWeb(Object(Config\Paths))
WARNING - 2025-12-30 05:20:45 --> [DEPRECATED] Creation of dynamic property App\Controllers\Layanan::$nama is deprecated in APPPATH/Controllers/BaseController.php on line 44.
 1 SYSTEMPATH/CodeIgniter.php(904): App\Controllers\BaseController->initController(Object(CodeIgniter\HTTP\IncomingRequest), Object(CodeIgniter\HTTP\Response), Object(CodeIgniter\Log\Logger))
 2 SYSTEMPATH/CodeIgniter.php(498): CodeIgniter\CodeIgniter->createController()
 3 SYSTEMPATH/CodeIgniter.php(354): CodeIgniter\CodeIgniter->handleRequest(null, Object(Config\Cache), false)
 4 SYSTEMPATH/Boot.php(363): CodeIgniter\CodeIgniter->run()
 5 SYSTEMPATH/Boot.php(68): CodeIgniter\Boot::runCodeIgniter(Object(CodeIgniter\CodeIgniter))
 6 FCPATH/index.php(59): CodeIgniter\Boot::bootWeb(Object(Config\Paths))
WARNING - 2025-12-30 05:21:04 --> [DEPRECATED] Creation of dynamic property App\Controllers\Layanan::$nama is deprecated in APPPATH/Controllers/BaseController.php on line 44.
 1 SYSTEMPATH/CodeIgniter.php(904): App\Controllers\BaseController->initController(Object(CodeIgniter\HTTP\IncomingRequest), Object(CodeIgniter\HTTP\Response), Object(CodeIgniter\Log\Logger))
 2 SYSTEMPATH/CodeIgniter.php(498): CodeIgniter\CodeIgniter->createController()
 3 SYSTEMPATH/CodeIgniter.php(354): CodeIgniter\CodeIgniter->handleRequest(null, Object(Config\Cache), false)
 4 SYSTEMPATH/Boot.php(363): CodeIgniter\CodeIgniter->run()
 5 SYSTEMPATH/Boot.php(68): CodeIgniter\Boot::runCodeIgniter(Object(CodeIgniter\CodeIgniter))
 6 FCPATH/index.php(59): CodeIgniter\Boot::bootWeb(Object(Config\Paths))
WARNING - 2025-12-30 05:21:34 --> [DEPRECATED] Creation of dynamic property App\Controllers\Layanan::$nama is deprecated in APPPATH/Controllers/BaseController.php on line 44.
 1 SYSTEMPATH/CodeIgniter.php(904): App\Controllers\BaseController->initController(Object(CodeIgniter\HTTP\IncomingRequest), Object(CodeIgniter\HTTP\Response), Object(CodeIgniter\Log\Logger))
 2 SYSTEMPATH/CodeIgniter.php(498): CodeIgniter\CodeIgniter->createController()
 3 SYSTEMPATH/CodeIgniter.php(354): CodeIgniter\CodeIgniter->handleRequest(null, Object(Config\Cache), false)
 4 SYSTEMPATH/Boot.php(363): CodeIgniter\CodeIgniter->run()
 5 SYSTEMPATH/Boot.php(68): CodeIgniter\Boot::runCodeIgniter(Object(CodeIgniter\CodeIgniter))
 6 FCPATH/index.php(59): CodeIgniter\Boot::bootWeb(Object(Config\Paths))
WARNING - 2025-12-30 05:23:09 --> [DEPRECATED] Creation of dynamic property App\Controllers\Layanan::$nama is deprecated in APPPATH/Controllers/BaseController.php on line 44.
 1 SYSTEMPATH/CodeIgniter.php(904): App\Controllers\BaseController->initController(Object(CodeIgniter\HTTP\IncomingRequest), Object(CodeIgniter\HTTP\Response), Object(CodeIgniter\Log\Logger))
 2 SYSTEMPATH/CodeIgniter.php(498): CodeIgniter\CodeIgniter->createController()
 3 SYSTEMPATH/CodeIgniter.php(354): CodeIgniter\CodeIgniter->handleRequest(null, Object(Config\Cache), false)
 4 SYSTEMPATH/Boot.php(363): CodeIgniter\CodeIgniter->run()
 5 SYSTEMPATH/Boot.php(68): CodeIgniter\Boot::runCodeIgniter(Object(CodeIgniter\CodeIgniter))
 6 FCPATH/index.php(59): CodeIgniter\Boot::bootWeb(Object(Config\Paths))
WARNING - 2025-12-30 05:25:11 --> [DEPRECATED] Creation of dynamic property App\Controllers\Layanan::$nama is deprecated in APPPATH/Controllers/BaseController.php on line 44.
 1 SYSTEMPATH/CodeIgniter.php(904): App\Controllers\BaseController->initController(Object(CodeIgniter\HTTP\IncomingRequest), Object(CodeIgniter\HTTP\Response), Object(CodeIgniter\Log\Logger))
 2 SYSTEMPATH/CodeIgniter.php(498): CodeIgniter\CodeIgniter->createController()
 3 SYSTEMPATH/CodeIgniter.php(354): CodeIgniter\CodeIgniter->handleRequest(null, Object(Config\Cache), false)
 4 SYSTEMPATH/Boot.php(363): CodeIgniter\CodeIgniter->run()
 5 SYSTEMPATH/Boot.php(68): CodeIgniter\Boot::runCodeIgniter(Object(CodeIgniter\CodeIgniter))
 6 FCPATH/index.php(59): CodeIgniter\Boot::bootWeb(Object(Config\Paths))
WARNING - 2025-12-30 05:55:10 --> [DEPRECATED] Creation of dynamic property App\Controllers\Home::$nama is deprecated in APPPATH/Controllers/BaseController.php on line 44.
 1 SYSTEMPATH/CodeIgniter.php(904): App\Controllers\BaseController->initController(Object(CodeIgniter\HTTP\IncomingRequest), Object(CodeIgniter\HTTP\Response), Object(CodeIgniter\Log\Logger))
 2 SYSTEMPATH/CodeIgniter.php(498): CodeIgniter\CodeIgniter->createController()
 3 SYSTEMPATH/CodeIgniter.php(354): CodeIgniter\CodeIgniter->handleRequest(null, Object(Config\Cache), false)
 4 SYSTEMPATH/Boot.php(363): CodeIgniter\CodeIgniter->run()
 5 SYSTEMPATH/Boot.php(68): CodeIgniter\Boot::runCodeIgniter(Object(CodeIgniter\CodeIgniter))
 6 FCPATH/index.php(59): CodeIgniter\Boot::bootWeb(Object(Config\Paths))
WARNING - 2025-12-30 05:55:10 --> [DEPRECATED] Creation of dynamic property App\Controllers\Home::$nama is deprecated in APPPATH/Controllers/BaseController.php on line 44.
 1 SYSTEMPATH/CodeIgniter.php(904): App\Controllers\BaseController->initController(Object(CodeIgniter\HTTP\IncomingRequest), Object(CodeIgniter\HTTP\Response), Object(CodeIgniter\Log\Logger))
 2 SYSTEMPATH/CodeIgniter.php(498): CodeIgniter\CodeIgniter->createController()
 3 SYSTEMPATH/CodeIgniter.php(354): CodeIgniter\CodeIgniter->handleRequest(null, Object(Config\Cache), false)
 4 SYSTEMPATH/Boot.php(363): CodeIgniter\CodeIgniter->run()
 5 SYSTEMPATH/Boot.php(68): CodeIgniter\Boot::runCodeIgniter(Object(CodeIgniter\CodeIgniter))
 6 FCPATH/index.php(59): CodeIgniter\Boot::bootWeb(Object(Config\Paths))
WARNING - 2025-12-30 05:55:15 --> [DEPRECATED] Creation of dynamic property App\Controllers\Layanan::$nama is deprecated in APPPATH/Controllers/BaseController.php on line 44.
 1 SYSTEMPATH/CodeIgniter.php(904): App\Controllers\BaseController->initController(Object(CodeIgniter\HTTP\IncomingRequest), Object(CodeIgniter\HTTP\Response), Object(CodeIgniter\Log\Logger))
 2 SYSTEMPATH/CodeIgniter.php(498): CodeIgniter\CodeIgniter->createController()
 3 SYSTEMPATH/CodeIgniter.php(354): CodeIgniter\CodeIgniter->handleRequest(null, Object(Config\Cache), false)
 4 SYSTEMPATH/Boot.php(363): CodeIgniter\CodeIgniter->run()
 5 SYSTEMPATH/Boot.php(68): CodeIgniter\Boot::runCodeIgniter(Object(CodeIgniter\CodeIgniter))
 6 FCPATH/index.php(59): CodeIgniter\Boot::bootWeb(Object(Config\Paths))
WARNING - 2025-12-30 05:55:22 --> [DEPRECATED] Creation of dynamic property App\Controllers\Layanan::$nama is deprecated in APPPATH/Controllers/BaseController.php on line 44.
 1 SYSTEMPATH/CodeIgniter.php(904): App\Controllers\BaseController->initController(Object(CodeIgniter\HTTP\IncomingRequest), Object(CodeIgniter\HTTP\Response), Object(CodeIgniter\Log\Logger))
 2 SYSTEMPATH/CodeIgniter.php(498): CodeIgniter\CodeIgniter->createController()
 3 SYSTEMPATH/CodeIgniter.php(354): CodeIgniter\CodeIgniter->handleRequest(null, Object(Config\Cache), false)
 4 SYSTEMPATH/Boot.php(363): CodeIgniter\CodeIgniter->run()
 5 SYSTEMPATH/Boot.php(68): CodeIgniter\Boot::runCodeIgniter(Object(CodeIgniter\CodeIgniter))
 6 FCPATH/index.php(59): CodeIgniter\Boot::bootWeb(Object(Config\Paths))
WARNING - 2025-12-30 05:55:32 --> [DEPRECATED] Creation of dynamic property App\Controllers\Layanan::$nama is deprecated in APPPATH/Controllers/BaseController.php on line 44.
 1 SYSTEMPATH/CodeIgniter.php(904): App\Controllers\BaseController->initController(Object(CodeIgniter\HTTP\IncomingRequest), Object(CodeIgniter\HTTP\Response), Object(CodeIgniter\Log\Logger))
 2 SYSTEMPATH/CodeIgniter.php(498): CodeIgniter\CodeIgniter->createController()
 3 SYSTEMPATH/CodeIgniter.php(354): CodeIgniter\CodeIgniter->handleRequest(null, Object(Config\Cache), false)
 4 SYSTEMPATH/Boot.php(363): CodeIgniter\CodeIgniter->run()
 5 SYSTEMPATH/Boot.php(68): CodeIgniter\Boot::runCodeIgniter(Object(CodeIgniter\CodeIgniter))
 6 FCPATH/index.php(59): CodeIgniter\Boot::bootWeb(Object(Config\Paths))
WARNING - 2025-12-30 05:55:39 --> [DEPRECATED] Creation of dynamic property App\Controllers\Layanan::$nama is deprecated in APPPATH/Controllers/BaseController.php on line 44.
 1 SYSTEMPATH/CodeIgniter.php(904): App\Controllers\BaseController->initController(Object(CodeIgniter\HTTP\IncomingRequest), Object(CodeIgniter\HTTP\Response), Object(CodeIgniter\Log\Logger))
 2 SYSTEMPATH/CodeIgniter.php(498): CodeIgniter\CodeIgniter->createController()
 3 SYSTEMPATH/CodeIgniter.php(354): CodeIgniter\CodeIgniter->handleRequest(null, Object(Config\Cache), false)
 4 SYSTEMPATH/Boot.php(363): CodeIgniter\CodeIgniter->run()
 5 SYSTEMPATH/Boot.php(68): CodeIgniter\Boot::runCodeIgniter(Object(CodeIgniter\CodeIgniter))
 6 FCPATH/index.php(59): CodeIgniter\Boot::bootWeb(Object(Config\Paths))
WARNING - 2025-12-30 05:56:14 --> [DEPRECATED] Creation of dynamic property App\Controllers\Layanan::$nama is deprecated in APPPATH/Controllers/BaseController.php on line 44.
 1 SYSTEMPATH/CodeIgniter.php(904): App\Controllers\BaseController->initController(Object(CodeIgniter\HTTP\IncomingRequest), Object(CodeIgniter\HTTP\Response), Object(CodeIgniter\Log\Logger))
 2 SYSTEMPATH/CodeIgniter.php(498): CodeIgniter\CodeIgniter->createController()
 3 SYSTEMPATH/CodeIgniter.php(354): CodeIgniter\CodeIgniter->handleRequest(null, Object(Config\Cache), false)
 4 SYSTEMPATH/Boot.php(363): CodeIgniter\CodeIgniter->run()
 5 SYSTEMPATH/Boot.php(68): CodeIgniter\Boot::runCodeIgniter(Object(CodeIgniter\CodeIgniter))
 6 FCPATH/index.php(59): CodeIgniter\Boot::bootWeb(Object(Config\Paths))
WARNING - 2025-12-30 05:56:29 --> [DEPRECATED] Creation of dynamic property App\Controllers\Layanan::$nama is deprecated in APPPATH/Controllers/BaseController.php on line 44.
 1 SYSTEMPATH/CodeIgniter.php(904): App\Controllers\BaseController->initController(Object(CodeIgniter\HTTP\IncomingRequest), Object(CodeIgniter\HTTP\Response), Object(CodeIgniter\Log\Logger))
 2 SYSTEMPATH/CodeIgniter.php(498): CodeIgniter\CodeIgniter->createController()
 3 SYSTEMPATH/CodeIgniter.php(354): CodeIgniter\CodeIgniter->handleRequest(null, Object(Config\Cache), false)
 4 SYSTEMPATH/Boot.php(363): CodeIgniter\CodeIgniter->run()
 5 SYSTEMPATH/Boot.php(68): CodeIgniter\Boot::runCodeIgniter(Object(CodeIgniter\CodeIgniter))
 6 FCPATH/index.php(59): CodeIgniter\Boot::bootWeb(Object(Config\Paths))
WARNING - 2025-12-30 05:56:57 --> [DEPRECATED] Creation of dynamic property App\Controllers\Layanan::$nama is deprecated in APPPATH/Controllers/BaseController.php on line 44.
 1 SYSTEMPATH/CodeIgniter.php(904): App\Controllers\BaseController->initController(Object(CodeIgniter\HTTP\IncomingRequest), Object(CodeIgniter\HTTP\Response), Object(CodeIgniter\Log\Logger))
 2 SYSTEMPATH/CodeIgniter.php(498): CodeIgniter\CodeIgniter->createController()
 3 SYSTEMPATH/CodeIgniter.php(354): CodeIgniter\CodeIgniter->handleRequest(null, Object(Config\Cache), false)
 4 SYSTEMPATH/Boot.php(363): CodeIgniter\CodeIgniter->run()
 5 SYSTEMPATH/Boot.php(68): CodeIgniter\Boot::runCodeIgniter(Object(CodeIgniter\CodeIgniter))
 6 FCPATH/index.php(59): CodeIgniter\Boot::bootWeb(Object(Config\Paths))
WARNING - 2025-12-30 05:57:09 --> [DEPRECATED] Creation of dynamic property App\Controllers\Layanan::$nama is deprecated in APPPATH/Controllers/BaseController.php on line 44.
 1 SYSTEMPATH/CodeIgniter.php(904): App\Controllers\BaseController->initController(Object(CodeIgniter\HTTP\IncomingRequest), Object(CodeIgniter\HTTP\Response), Object(CodeIgniter\Log\Logger))
 2 SYSTEMPATH/CodeIgniter.php(498): CodeIgniter\CodeIgniter->createController()
 3 SYSTEMPATH/CodeIgniter.php(354): CodeIgniter\CodeIgniter->handleRequest(null, Object(Config\Cache), false)
 4 SYSTEMPATH/Boot.php(363): CodeIgniter\CodeIgniter->run()
 5 SYSTEMPATH/Boot.php(68): CodeIgniter\Boot::runCodeIgniter(Object(CodeIgniter\CodeIgniter))
 6 FCPATH/index.php(59): CodeIgniter\Boot::bootWeb(Object(Config\Paths))
WARNING - 2025-12-30 05:57:13 --> [DEPRECATED] Creation of dynamic property App\Controllers\Layanan::$nama is deprecated in APPPATH/Controllers/BaseController.php on line 44.
 1 SYSTEMPATH/CodeIgniter.php(904): App\Controllers\BaseController->initController(Object(CodeIgniter\HTTP\IncomingRequest), Object(CodeIgniter\HTTP\Response), Object(CodeIgniter\Log\Logger))
 2 SYSTEMPATH/CodeIgniter.php(498): CodeIgniter\CodeIgniter->createController()
 3 SYSTEMPATH/CodeIgniter.php(354): CodeIgniter\CodeIgniter->handleRequest(null, Object(Config\Cache), false)
 4 SYSTEMPATH/Boot.php(363): CodeIgniter\CodeIgniter->run()
 5 SYSTEMPATH/Boot.php(68): CodeIgniter\Boot::runCodeIgniter(Object(CodeIgniter\CodeIgniter))
 6 FCPATH/index.php(59): CodeIgniter\Boot::bootWeb(Object(Config\Paths))
WARNING - 2025-12-30 05:57:24 --> [DEPRECATED] Creation of dynamic property App\Controllers\Layanan::$nama is deprecated in APPPATH/Controllers/BaseController.php on line 44.
 1 SYSTEMPATH/CodeIgniter.php(904): App\Controllers\BaseController->initController(Object(CodeIgniter\HTTP\IncomingRequest), Object(CodeIgniter\HTTP\Response), Object(CodeIgniter\Log\Logger))
 2 SYSTEMPATH/CodeIgniter.php(498): CodeIgniter\CodeIgniter->createController()
 3 SYSTEMPATH/CodeIgniter.php(354): CodeIgniter\CodeIgniter->handleRequest(null, Object(Config\Cache), false)
 4 SYSTEMPATH/Boot.php(363): CodeIgniter\CodeIgniter->run()
 5 SYSTEMPATH/Boot.php(68): CodeIgniter\Boot::runCodeIgniter(Object(CodeIgniter\CodeIgniter))
 6 FCPATH/index.php(59): CodeIgniter\Boot::bootWeb(Object(Config\Paths))
WARNING - 2025-12-30 05:57:27 --> [DEPRECATED] Creation of dynamic property App\Controllers\Layanan::$nama is deprecated in APPPATH/Controllers/BaseController.php on line 44.
 1 SYSTEMPATH/CodeIgniter.php(904): App\Controllers\BaseController->initController(Object(CodeIgniter\HTTP\IncomingRequest), Object(CodeIgniter\HTTP\Response), Object(CodeIgniter\Log\Logger))
 2 SYSTEMPATH/CodeIgniter.php(498): CodeIgniter\CodeIgniter->createController()
 3 SYSTEMPATH/CodeIgniter.php(354): CodeIgniter\CodeIgniter->handleRequest(null, Object(Config\Cache), false)
 4 SYSTEMPATH/Boot.php(363): CodeIgniter\CodeIgniter->run()
 5 SYSTEMPATH/Boot.php(68): CodeIgniter\Boot::runCodeIgniter(Object(CodeIgniter\CodeIgniter))
 6 FCPATH/index.php(59): CodeIgniter\Boot::bootWeb(Object(Config\Paths))
WARNING - 2025-12-30 05:58:34 --> [DEPRECATED] Creation of dynamic property App\Controllers\Layanan::$nama is deprecated in APPPATH/Controllers/BaseController.php on line 44.
 1 SYSTEMPATH/CodeIgniter.php(904): App\Controllers\BaseController->initController(Object(CodeIgniter\HTTP\IncomingRequest), Object(CodeIgniter\HTTP\Response), Object(CodeIgniter\Log\Logger))
 2 SYSTEMPATH/CodeIgniter.php(498): CodeIgniter\CodeIgniter->createController()
 3 SYSTEMPATH/CodeIgniter.php(354): CodeIgniter\CodeIgniter->handleRequest(null, Object(Config\Cache), false)
 4 SYSTEMPATH/Boot.php(363): CodeIgniter\CodeIgniter->run()
 5 SYSTEMPATH/Boot.php(68): CodeIgniter\Boot::runCodeIgniter(Object(CodeIgniter\CodeIgniter))
 6 FCPATH/index.php(59): CodeIgniter\Boot::bootWeb(Object(Config\Paths))
WARNING - 2025-12-30 05:58:39 --> [DEPRECATED] Creation of dynamic property App\Controllers\Layanan::$nama is deprecated in APPPATH/Controllers/BaseController.php on line 44.
 1 SYSTEMPATH/CodeIgniter.php(904): App\Controllers\BaseController->initController(Object(CodeIgniter\HTTP\IncomingRequest), Object(CodeIgniter\HTTP\Response), Object(CodeIgniter\Log\Logger))
 2 SYSTEMPATH/CodeIgniter.php(498): CodeIgniter\CodeIgniter->createController()
 3 SYSTEMPATH/CodeIgniter.php(354): CodeIgniter\CodeIgniter->handleRequest(null, Object(Config\Cache), false)
 4 SYSTEMPATH/Boot.php(363): CodeIgniter\CodeIgniter->run()
 5 SYSTEMPATH/Boot.php(68): CodeIgniter\Boot::runCodeIgniter(Object(CodeIgniter\CodeIgniter))
 6 FCPATH/index.php(59): CodeIgniter\Boot::bootWeb(Object(Config\Paths))
WARNING - 2025-12-30 05:59:55 --> [DEPRECATED] Creation of dynamic property App\Controllers\Layanan::$nama is deprecated in APPPATH/Controllers/BaseController.php on line 44.
 1 SYSTEMPATH/CodeIgniter.php(904): App\Controllers\BaseController->initController(Object(CodeIgniter\HTTP\IncomingRequest), Object(CodeIgniter\HTTP\Response), Object(CodeIgniter\Log\Logger))
 2 SYSTEMPATH/CodeIgniter.php(498): CodeIgniter\CodeIgniter->createController()
 3 SYSTEMPATH/CodeIgniter.php(354): CodeIgniter\CodeIgniter->handleRequest(null, Object(Config\Cache), false)
 4 SYSTEMPATH/Boot.php(363): CodeIgniter\CodeIgniter->run()
 5 SYSTEMPATH/Boot.php(68): CodeIgniter\Boot::runCodeIgniter(Object(CodeIgniter\CodeIgniter))
 6 FCPATH/index.php(59): CodeIgniter\Boot::bootWeb(Object(Config\Paths))
WARNING - 2025-12-30 05:59:59 --> [DEPRECATED] Creation of dynamic property App\Controllers\Layanan::$nama is deprecated in APPPATH/Controllers/BaseController.php on line 44.
 1 SYSTEMPATH/CodeIgniter.php(904): App\Controllers\BaseController->initController(Object(CodeIgniter\HTTP\IncomingRequest), Object(CodeIgniter\HTTP\Response), Object(CodeIgniter\Log\Logger))
 2 SYSTEMPATH/CodeIgniter.php(498): CodeIgniter\CodeIgniter->createController()
 3 SYSTEMPATH/CodeIgniter.php(354): CodeIgniter\CodeIgniter->handleRequest(null, Object(Config\Cache), false)
 4 SYSTEMPATH/Boot.php(363): CodeIgniter\CodeIgniter->run()
 5 SYSTEMPATH/Boot.php(68): CodeIgniter\Boot::runCodeIgniter(Object(CodeIgniter\CodeIgniter))
 6 FCPATH/index.php(59): CodeIgniter\Boot::bootWeb(Object(Config\Paths))
WARNING - 2025-12-30 06:00:02 --> [DEPRECATED] Creation of dynamic property App\Controllers\Layanan::$nama is deprecated in APPPATH/Controllers/BaseController.php on line 44.
 1 SYSTEMPATH/CodeIgniter.php(904): App\Controllers\BaseController->initController(Object(CodeIgniter\HTTP\IncomingRequest), Object(CodeIgniter\HTTP\Response), Object(CodeIgniter\Log\Logger))
 2 SYSTEMPATH/CodeIgniter.php(498): CodeIgniter\CodeIgniter->createController()
 3 SYSTEMPATH/CodeIgniter.php(354): CodeIgniter\CodeIgniter->handleRequest(null, Object(Config\Cache), false)
 4 SYSTEMPATH/Boot.php(363): CodeIgniter\CodeIgniter->run()
 5 SYSTEMPATH/Boot.php(68): CodeIgniter\Boot::runCodeIgniter(Object(CodeIgniter\CodeIgniter))
 6 FCPATH/index.php(59): CodeIgniter\Boot::bootWeb(Object(Config\Paths))
WARNING - 2025-12-30 06:00:02 --> [DEPRECATED] Creation of dynamic property App\Controllers\Layanan::$nama is deprecated in APPPATH/Controllers/BaseController.php on line 44.
 1 SYSTEMPATH/CodeIgniter.php(904): App\Controllers\BaseController->initController(Object(CodeIgniter\HTTP\IncomingRequest), Object(CodeIgniter\HTTP\Response), Object(CodeIgniter\Log\Logger))
 2 SYSTEMPATH/CodeIgniter.php(498): CodeIgniter\CodeIgniter->createController()
 3 SYSTEMPATH/CodeIgniter.php(354): CodeIgniter\CodeIgniter->handleRequest(null, Object(Config\Cache), false)
 4 SYSTEMPATH/Boot.php(363): CodeIgniter\CodeIgniter->run()
 5 SYSTEMPATH/Boot.php(68): CodeIgniter\Boot::runCodeIgniter(Object(CodeIgniter\CodeIgniter))
 6 FCPATH/index.php(59): CodeIgniter\Boot::bootWeb(Object(Config\Paths))
WARNING - 2025-12-30 06:00:07 --> [DEPRECATED] Creation of dynamic property App\Controllers\Layanan::$nama is deprecated in APPPATH/Controllers/BaseController.php on line 44.
 1 SYSTEMPATH/CodeIgniter.php(904): App\Controllers\BaseController->initController(Object(CodeIgniter\HTTP\IncomingRequest), Object(CodeIgniter\HTTP\Response), Object(CodeIgniter\Log\Logger))
 2 SYSTEMPATH/CodeIgniter.php(498): CodeIgniter\CodeIgniter->createController()
 3 SYSTEMPATH/CodeIgniter.php(354): CodeIgniter\CodeIgniter->handleRequest(null, Object(Config\Cache), false)
 4 SYSTEMPATH/Boot.php(363): CodeIgniter\CodeIgniter->run()
 5 SYSTEMPATH/Boot.php(68): CodeIgniter\Boot::runCodeIgniter(Object(CodeIgniter\CodeIgniter))
 6 FCPATH/index.php(59): CodeIgniter\Boot::bootWeb(Object(Config\Paths))
WARNING - 2025-12-30 06:00:16 --> [DEPRECATED] Creation of dynamic property App\Controllers\Layanan::$nama is deprecated in APPPATH/Controllers/BaseController.php on line 44.
 1 SYSTEMPATH/CodeIgniter.php(904): App\Controllers\BaseController->initController(Object(CodeIgniter\HTTP\IncomingRequest), Object(CodeIgniter\HTTP\Response), Object(CodeIgniter\Log\Logger))
 2 SYSTEMPATH/CodeIgniter.php(498): CodeIgniter\CodeIgniter->createController()
 3 SYSTEMPATH/CodeIgniter.php(354): CodeIgniter\CodeIgniter->handleRequest(null, Object(Config\Cache), false)
 4 SYSTEMPATH/Boot.php(363): CodeIgniter\CodeIgniter->run()
 5 SYSTEMPATH/Boot.php(68): CodeIgniter\Boot::runCodeIgniter(Object(CodeIgniter\CodeIgniter))
 6 FCPATH/index.php(59): CodeIgniter\Boot::bootWeb(Object(Config\Paths))
WARNING - 2025-12-30 06:00:20 --> [DEPRECATED] Creation of dynamic property App\Controllers\Layanan::$nama is deprecated in APPPATH/Controllers/BaseController.php on line 44.
 1 SYSTEMPATH/CodeIgniter.php(904): App\Controllers\BaseController->initController(Object(CodeIgniter\HTTP\IncomingRequest), Object(CodeIgniter\HTTP\Response), Object(CodeIgniter\Log\Logger))
 2 SYSTEMPATH/CodeIgniter.php(498): CodeIgniter\CodeIgniter->createController()
 3 SYSTEMPATH/CodeIgniter.php(354): CodeIgniter\CodeIgniter->handleRequest(null, Object(Config\Cache), false)
 4 SYSTEMPATH/Boot.php(363): CodeIgniter\CodeIgniter->run()
 5 SYSTEMPATH/Boot.php(68): CodeIgniter\Boot::runCodeIgniter(Object(CodeIgniter\CodeIgniter))
 6 FCPATH/index.php(59): CodeIgniter\Boot::bootWeb(Object(Config\Paths))
WARNING - 2025-12-30 06:00:39 --> [DEPRECATED] Creation of dynamic property App\Controllers\Layanan::$nama is deprecated in APPPATH/Controllers/BaseController.php on line 44.
 1 SYSTEMPATH/CodeIgniter.php(904): App\Controllers\BaseController->initController(Object(CodeIgniter\HTTP\IncomingRequest), Object(CodeIgniter\HTTP\Response), Object(CodeIgniter\Log\Logger))
 2 SYSTEMPATH/CodeIgniter.php(498): CodeIgniter\CodeIgniter->createController()
 3 SYSTEMPATH/CodeIgniter.php(354): CodeIgniter\CodeIgniter->handleRequest(null, Object(Config\Cache), false)
 4 SYSTEMPATH/Boot.php(363): CodeIgniter\CodeIgniter->run()
 5 SYSTEMPATH/Boot.php(68): CodeIgniter\Boot::runCodeIgniter(Object(CodeIgniter\CodeIgniter))
 6 FCPATH/index.php(59): CodeIgniter\Boot::bootWeb(Object(Config\Paths))
WARNING - 2025-12-30 06:01:18 --> [DEPRECATED] Creation of dynamic property App\Controllers\Layanan::$nama is deprecated in APPPATH/Controllers/BaseController.php on line 44.
 1 SYSTEMPATH/CodeIgniter.php(904): App\Controllers\BaseController->initController(Object(CodeIgniter\HTTP\IncomingRequest), Object(CodeIgniter\HTTP\Response), Object(CodeIgniter\Log\Logger))
 2 SYSTEMPATH/CodeIgniter.php(498): CodeIgniter\CodeIgniter->createController()
 3 SYSTEMPATH/CodeIgniter.php(354): CodeIgniter\CodeIgniter->handleRequest(null, Object(Config\Cache), false)
 4 SYSTEMPATH/Boot.php(363): CodeIgniter\CodeIgniter->run()
 5 SYSTEMPATH/Boot.php(68): CodeIgniter\Boot::runCodeIgniter(Object(CodeIgniter\CodeIgniter))
 6 FCPATH/index.php(59): CodeIgniter\Boot::bootWeb(Object(Config\Paths))
WARNING - 2025-12-30 06:03:28 --> [DEPRECATED] Creation of dynamic property App\Controllers\Layanan::$nama is deprecated in APPPATH/Controllers/BaseController.php on line 44.
 1 SYSTEMPATH/CodeIgniter.php(904): App\Controllers\BaseController->initController(Object(CodeIgniter\HTTP\IncomingRequest), Object(CodeIgniter\HTTP\Response), Object(CodeIgniter\Log\Logger))
 2 SYSTEMPATH/CodeIgniter.php(498): CodeIgniter\CodeIgniter->createController()
 3 SYSTEMPATH/CodeIgniter.php(354): CodeIgniter\CodeIgniter->handleRequest(null, Object(Config\Cache), false)
 4 SYSTEMPATH/Boot.php(363): CodeIgniter\CodeIgniter->run()
 5 SYSTEMPATH/Boot.php(68): CodeIgniter\Boot::runCodeIgniter(Object(CodeIgniter\CodeIgniter))
 6 FCPATH/index.php(59): CodeIgniter\Boot::bootWeb(Object(Config\Paths))
WARNING - 2025-12-30 06:04:50 --> [DEPRECATED] Creation of dynamic property App\Controllers\Layanan::$nama is deprecated in APPPATH/Controllers/BaseController.php on line 44.
 1 SYSTEMPATH/CodeIgniter.php(904): App\Controllers\BaseController->initController(Object(CodeIgniter\HTTP\IncomingRequest), Object(CodeIgniter\HTTP\Response), Object(CodeIgniter\Log\Logger))
 2 SYSTEMPATH/CodeIgniter.php(498): CodeIgniter\CodeIgniter->createController()
 3 SYSTEMPATH/CodeIgniter.php(354): CodeIgniter\CodeIgniter->handleRequest(null, Object(Config\Cache), false)
 4 SYSTEMPATH/Boot.php(363): CodeIgniter\CodeIgniter->run()
 5 SYSTEMPATH/Boot.php(68): CodeIgniter\Boot::runCodeIgniter(Object(CodeIgniter\CodeIgniter))
 6 FCPATH/index.php(59): CodeIgniter\Boot::bootWeb(Object(Config\Paths))
WARNING - 2025-12-30 06:05:19 --> [DEPRECATED] Creation of dynamic property App\Controllers\Layanan::$nama is deprecated in APPPATH/Controllers/BaseController.php on line 44.
 1 SYSTEMPATH/CodeIgniter.php(904): App\Controllers\BaseController->initController(Object(CodeIgniter\HTTP\IncomingRequest), Object(CodeIgniter\HTTP\Response), Object(CodeIgniter\Log\Logger))
 2 SYSTEMPATH/CodeIgniter.php(498): CodeIgniter\CodeIgniter->createController()
 3 SYSTEMPATH/CodeIgniter.php(354): CodeIgniter\CodeIgniter->handleRequest(null, Object(Config\Cache), false)
 4 SYSTEMPATH/Boot.php(363): CodeIgniter\CodeIgniter->run()
 5 SYSTEMPATH/Boot.php(68): CodeIgniter\Boot::runCodeIgniter(Object(CodeIgniter\CodeIgniter))
 6 FCPATH/index.php(59): CodeIgniter\Boot::bootWeb(Object(Config\Paths))
WARNING - 2025-12-30 06:05:27 --> [DEPRECATED] Creation of dynamic property App\Controllers\Layanan::$nama is deprecated in APPPATH/Controllers/BaseController.php on line 44.
 1 SYSTEMPATH/CodeIgniter.php(904): App\Controllers\BaseController->initController(Object(CodeIgniter\HTTP\IncomingRequest), Object(CodeIgniter\HTTP\Response), Object(CodeIgniter\Log\Logger))
 2 SYSTEMPATH/CodeIgniter.php(498): CodeIgniter\CodeIgniter->createController()
 3 SYSTEMPATH/CodeIgniter.php(354): CodeIgniter\CodeIgniter->handleRequest(null, Object(Config\Cache), false)
 4 SYSTEMPATH/Boot.php(363): CodeIgniter\CodeIgniter->run()
 5 SYSTEMPATH/Boot.php(68): CodeIgniter\Boot::runCodeIgniter(Object(CodeIgniter\CodeIgniter))
 6 FCPATH/index.php(59): CodeIgniter\Boot::bootWeb(Object(Config\Paths))
WARNING - 2025-12-30 06:05:35 --> [DEPRECATED] Creation of dynamic property App\Controllers\Layanan::$nama is deprecated in APPPATH/Controllers/BaseController.php on line 44.
 1 SYSTEMPATH/CodeIgniter.php(904): App\Controllers\BaseController->initController(Object(CodeIgniter\HTTP\IncomingRequest), Object(CodeIgniter\HTTP\Response), Object(CodeIgniter\Log\Logger))
 2 SYSTEMPATH/CodeIgniter.php(498): CodeIgniter\CodeIgniter->createController()
 3 SYSTEMPATH/CodeIgniter.php(354): CodeIgniter\CodeIgniter->handleRequest(null, Object(Config\Cache), false)
 4 SYSTEMPATH/Boot.php(363): CodeIgniter\CodeIgniter->run()
 5 SYSTEMPATH/Boot.php(68): CodeIgniter\Boot::runCodeIgniter(Object(CodeIgniter\CodeIgniter))
 6 FCPATH/index.php(59): CodeIgniter\Boot::bootWeb(Object(Config\Paths))
WARNING - 2025-12-30 06:05:37 --> [DEPRECATED] Creation of dynamic property App\Controllers\Layanan::$nama is deprecated in APPPATH/Controllers/BaseController.php on line 44.
 1 SYSTEMPATH/CodeIgniter.php(904): App\Controllers\BaseController->initController(Object(CodeIgniter\HTTP\IncomingRequest), Object(CodeIgniter\HTTP\Response), Object(CodeIgniter\Log\Logger))
 2 SYSTEMPATH/CodeIgniter.php(498): CodeIgniter\CodeIgniter->createController()
 3 SYSTEMPATH/CodeIgniter.php(354): CodeIgniter\CodeIgniter->handleRequest(null, Object(Config\Cache), false)
 4 SYSTEMPATH/Boot.php(363): CodeIgniter\CodeIgniter->run()
 5 SYSTEMPATH/Boot.php(68): CodeIgniter\Boot::runCodeIgniter(Object(CodeIgniter\CodeIgniter))
 6 FCPATH/index.php(59): CodeIgniter\Boot::bootWeb(Object(Config\Paths))
WARNING - 2025-12-30 06:05:41 --> [DEPRECATED] Creation of dynamic property App\Controllers\Beranda::$nama is deprecated in APPPATH/Controllers/BaseController.php on line 44.
 1 SYSTEMPATH/CodeIgniter.php(904): App\Controllers\BaseController->initController(Object(CodeIgniter\HTTP\IncomingRequest), Object(CodeIgniter\HTTP\Response), Object(CodeIgniter\Log\Logger))
 2 SYSTEMPATH/CodeIgniter.php(498): CodeIgniter\CodeIgniter->createController()
 3 SYSTEMPATH/CodeIgniter.php(354): CodeIgniter\CodeIgniter->handleRequest(null, Object(Config\Cache), false)
 4 SYSTEMPATH/Boot.php(363): CodeIgniter\CodeIgniter->run()
 5 SYSTEMPATH/Boot.php(68): CodeIgniter\Boot::runCodeIgniter(Object(CodeIgniter\CodeIgniter))
 6 FCPATH/index.php(59): CodeIgniter\Boot::bootWeb(Object(Config\Paths))
WARNING - 2025-12-30 06:08:49 --> [DEPRECATED] Creation of dynamic property App\Controllers\Layanan::$nama is deprecated in APPPATH/Controllers/BaseController.php on line 44.
 1 SYSTEMPATH/CodeIgniter.php(904): App\Controllers\BaseController->initController(Object(CodeIgniter\HTTP\IncomingRequest), Object(CodeIgniter\HTTP\Response), Object(CodeIgniter\Log\Logger))
 2 SYSTEMPATH/CodeIgniter.php(498): CodeIgniter\CodeIgniter->createController()
 3 SYSTEMPATH/CodeIgniter.php(354): CodeIgniter\CodeIgniter->handleRequest(null, Object(Config\Cache), false)
 4 SYSTEMPATH/Boot.php(363): CodeIgniter\CodeIgniter->run()
 5 SYSTEMPATH/Boot.php(68): CodeIgniter\Boot::runCodeIgniter(Object(CodeIgniter\CodeIgniter))
 6 FCPATH/index.php(59): CodeIgniter\Boot::bootWeb(Object(Config\Paths))
WARNING - 2025-12-30 06:08:56 --> [DEPRECATED] Creation of dynamic property App\Controllers\Layanan::$nama is deprecated in APPPATH/Controllers/BaseController.php on line 44.
 1 SYSTEMPATH/CodeIgniter.php(904): App\Controllers\BaseController->initController(Object(CodeIgniter\HTTP\IncomingRequest), Object(CodeIgniter\HTTP\Response), Object(CodeIgniter\Log\Logger))
 2 SYSTEMPATH/CodeIgniter.php(498): CodeIgniter\CodeIgniter->createController()
 3 SYSTEMPATH/CodeIgniter.php(354): CodeIgniter\CodeIgniter->handleRequest(null, Object(Config\Cache), false)
 4 SYSTEMPATH/Boot.php(363): CodeIgniter\CodeIgniter->run()
 5 SYSTEMPATH/Boot.php(68): CodeIgniter\Boot::runCodeIgniter(Object(CodeIgniter\CodeIgniter))
 6 FCPATH/index.php(59): CodeIgniter\Boot::bootWeb(Object(Config\Paths))
WARNING - 2025-12-30 06:09:08 --> [DEPRECATED] Creation of dynamic property App\Controllers\Layanan::$nama is deprecated in APPPATH/Controllers/BaseController.php on line 44.
 1 SYSTEMPATH/CodeIgniter.php(904): App\Controllers\BaseController->initController(Object(CodeIgniter\HTTP\IncomingRequest), Object(CodeIgniter\HTTP\Response), Object(CodeIgniter\Log\Logger))
 2 SYSTEMPATH/CodeIgniter.php(498): CodeIgniter\CodeIgniter->createController()
 3 SYSTEMPATH/CodeIgniter.php(354): CodeIgniter\CodeIgniter->handleRequest(null, Object(Config\Cache), false)
 4 SYSTEMPATH/Boot.php(363): CodeIgniter\CodeIgniter->run()
 5 SYSTEMPATH/Boot.php(68): CodeIgniter\Boot::runCodeIgniter(Object(CodeIgniter\CodeIgniter))
 6 FCPATH/index.php(59): CodeIgniter\Boot::bootWeb(Object(Config\Paths))
WARNING - 2025-12-30 06:11:22 --> [DEPRECATED] Creation of dynamic property App\Controllers\Layanan::$nama is deprecated in APPPATH/Controllers/BaseController.php on line 44.
 1 SYSTEMPATH/CodeIgniter.php(904): App\Controllers\BaseController->initController(Object(CodeIgniter\HTTP\IncomingRequest), Object(CodeIgniter\HTTP\Response), Object(CodeIgniter\Log\Logger))
 2 SYSTEMPATH/CodeIgniter.php(498): CodeIgniter\CodeIgniter->createController()
 3 SYSTEMPATH/CodeIgniter.php(354): CodeIgniter\CodeIgniter->handleRequest(null, Object(Config\Cache), false)
 4 SYSTEMPATH/Boot.php(363): CodeIgniter\CodeIgniter->run()
 5 SYSTEMPATH/Boot.php(68): CodeIgniter\Boot::runCodeIgniter(Object(CodeIgniter\CodeIgniter))
 6 FCPATH/index.php(59): CodeIgniter\Boot::bootWeb(Object(Config\Paths))
WARNING - 2025-12-30 06:15:43 --> [DEPRECATED] Creation of dynamic property App\Controllers\Layanan::$nama is deprecated in APPPATH/Controllers/BaseController.php on line 44.
 1 SYSTEMPATH/CodeIgniter.php(904): App\Controllers\BaseController->initController(Object(CodeIgniter\HTTP\IncomingRequest), Object(CodeIgniter\HTTP\Response), Object(CodeIgniter\Log\Logger))
 2 SYSTEMPATH/CodeIgniter.php(498): CodeIgniter\CodeIgniter->createController()
 3 SYSTEMPATH/CodeIgniter.php(354): CodeIgniter\CodeIgniter->handleRequest(null, Object(Config\Cache), false)
 4 SYSTEMPATH/Boot.php(363): CodeIgniter\CodeIgniter->run()
 5 SYSTEMPATH/Boot.php(68): CodeIgniter\Boot::runCodeIgniter(Object(CodeIgniter\CodeIgniter))
 6 FCPATH/index.php(59): CodeIgniter\Boot::bootWeb(Object(Config\Paths))
WARNING - 2025-12-30 06:22:34 --> [DEPRECATED] Creation of dynamic property App\Controllers\Layanan::$nama is deprecated in APPPATH/Controllers/BaseController.php on line 44.
 1 SYSTEMPATH/CodeIgniter.php(904): App\Controllers\BaseController->initController(Object(CodeIgniter\HTTP\IncomingRequest), Object(CodeIgniter\HTTP\Response), Object(CodeIgniter\Log\Logger))
 2 SYSTEMPATH/CodeIgniter.php(498): CodeIgniter\CodeIgniter->createController()
 3 SYSTEMPATH/CodeIgniter.php(354): CodeIgniter\CodeIgniter->handleRequest(null, Object(Config\Cache), false)
 4 SYSTEMPATH/Boot.php(363): CodeIgniter\CodeIgniter->run()
 5 SYSTEMPATH/Boot.php(68): CodeIgniter\Boot::runCodeIgniter(Object(CodeIgniter\CodeIgniter))
 6 FCPATH/index.php(59): CodeIgniter\Boot::bootWeb(Object(Config\Paths))
WARNING - 2025-12-30 06:22:39 --> [DEPRECATED] Creation of dynamic property App\Controllers\Layanan::$nama is deprecated in APPPATH/Controllers/BaseController.php on line 44.
 1 SYSTEMPATH/CodeIgniter.php(904): App\Controllers\BaseController->initController(Object(CodeIgniter\HTTP\IncomingRequest), Object(CodeIgniter\HTTP\Response), Object(CodeIgniter\Log\Logger))
 2 SYSTEMPATH/CodeIgniter.php(498): CodeIgniter\CodeIgniter->createController()
 3 SYSTEMPATH/CodeIgniter.php(354): CodeIgniter\CodeIgniter->handleRequest(null, Object(Config\Cache), false)
 4 SYSTEMPATH/Boot.php(363): CodeIgniter\CodeIgniter->run()
 5 SYSTEMPATH/Boot.php(68): CodeIgniter\Boot::runCodeIgniter(Object(CodeIgniter\CodeIgniter))
 6 FCPATH/index.php(59): CodeIgniter\Boot::bootWeb(Object(Config\Paths))
WARNING - 2025-12-30 06:22:45 --> [DEPRECATED] Creation of dynamic property App\Controllers\Layanan::$nama is deprecated in APPPATH/Controllers/BaseController.php on line 44.
 1 SYSTEMPATH/CodeIgniter.php(904): App\Controllers\BaseController->initController(Object(CodeIgniter\HTTP\IncomingRequest), Object(CodeIgniter\HTTP\Response), Object(CodeIgniter\Log\Logger))
 2 SYSTEMPATH/CodeIgniter.php(498): CodeIgniter\CodeIgniter->createController()
 3 SYSTEMPATH/CodeIgniter.php(354): CodeIgniter\CodeIgniter->handleRequest(null, Object(Config\Cache), false)
 4 SYSTEMPATH/Boot.php(363): CodeIgniter\CodeIgniter->run()
 5 SYSTEMPATH/Boot.php(68): CodeIgniter\Boot::runCodeIgniter(Object(CodeIgniter\CodeIgniter))
 6 FCPATH/index.php(59): CodeIgniter\Boot::bootWeb(Object(Config\Paths))
WARNING - 2025-12-30 06:23:13 --> [DEPRECATED] Creation of dynamic property App\Controllers\Layanan::$nama is deprecated in APPPATH/Controllers/BaseController.php on line 44.
 1 SYSTEMPATH/CodeIgniter.php(904): App\Controllers\BaseController->initController(Object(CodeIgniter\HTTP\IncomingRequest), Object(CodeIgniter\HTTP\Response), Object(CodeIgniter\Log\Logger))
 2 SYSTEMPATH/CodeIgniter.php(498): CodeIgniter\CodeIgniter->createController()
 3 SYSTEMPATH/CodeIgniter.php(354): CodeIgniter\CodeIgniter->handleRequest(null, Object(Config\Cache), false)
 4 SYSTEMPATH/Boot.php(363): CodeIgniter\CodeIgniter->run()
 5 SYSTEMPATH/Boot.php(68): CodeIgniter\Boot::runCodeIgniter(Object(CodeIgniter\CodeIgniter))
 6 FCPATH/index.php(59): CodeIgniter\Boot::bootWeb(Object(Config\Paths))
WARNING - 2025-12-30 06:27:20 --> [DEPRECATED] Creation of dynamic property App\Controllers\Layanan::$nama is deprecated in APPPATH/Controllers/BaseController.php on line 44.
 1 SYSTEMPATH/CodeIgniter.php(904): App\Controllers\BaseController->initController(Object(CodeIgniter\HTTP\IncomingRequest), Object(CodeIgniter\HTTP\Response), Object(CodeIgniter\Log\Logger))
 2 SYSTEMPATH/CodeIgniter.php(498): CodeIgniter\CodeIgniter->createController()
 3 SYSTEMPATH/CodeIgniter.php(354): CodeIgniter\CodeIgniter->handleRequest(null, Object(Config\Cache), false)
 4 SYSTEMPATH/Boot.php(363): CodeIgniter\CodeIgniter->run()
 5 SYSTEMPATH/Boot.php(68): CodeIgniter\Boot::runCodeIgniter(Object(CodeIgniter\CodeIgniter))
 6 FCPATH/index.php(59): CodeIgniter\Boot::bootWeb(Object(Config\Paths))
WARNING - 2025-12-30 06:27:25 --> [DEPRECATED] Creation of dynamic property App\Controllers\Layanan::$nama is deprecated in APPPATH/Controllers/BaseController.php on line 44.
 1 SYSTEMPATH/CodeIgniter.php(904): App\Controllers\BaseController->initController(Object(CodeIgniter\HTTP\IncomingRequest), Object(CodeIgniter\HTTP\Response), Object(CodeIgniter\Log\Logger))
 2 SYSTEMPATH/CodeIgniter.php(498): CodeIgniter\CodeIgniter->createController()
 3 SYSTEMPATH/CodeIgniter.php(354): CodeIgniter\CodeIgniter->handleRequest(null, Object(Config\Cache), false)
 4 SYSTEMPATH/Boot.php(363): CodeIgniter\CodeIgniter->run()
 5 SYSTEMPATH/Boot.php(68): CodeIgniter\Boot::runCodeIgniter(Object(CodeIgniter\CodeIgniter))
 6 FCPATH/index.php(59): CodeIgniter\Boot::bootWeb(Object(Config\Paths))
WARNING - 2025-12-30 06:27:30 --> [DEPRECATED] Creation of dynamic property App\Controllers\Layanan::$nama is deprecated in APPPATH/Controllers/BaseController.php on line 44.
 1 SYSTEMPATH/CodeIgniter.php(904): App\Controllers\BaseController->initController(Object(CodeIgniter\HTTP\IncomingRequest), Object(CodeIgniter\HTTP\Response), Object(CodeIgniter\Log\Logger))
 2 SYSTEMPATH/CodeIgniter.php(498): CodeIgniter\CodeIgniter->createController()
 3 SYSTEMPATH/CodeIgniter.php(354): CodeIgniter\CodeIgniter->handleRequest(null, Object(Config\Cache), false)
 4 SYSTEMPATH/Boot.php(363): CodeIgniter\CodeIgniter->run()
 5 SYSTEMPATH/Boot.php(68): CodeIgniter\Boot::runCodeIgniter(Object(CodeIgniter\CodeIgniter))
 6 FCPATH/index.php(59): CodeIgniter\Boot::bootWeb(Object(Config\Paths))
WARNING - 2025-12-30 06:27:33 --> [DEPRECATED] Creation of dynamic property App\Controllers\Layanan::$nama is deprecated in APPPATH/Controllers/BaseController.php on line 44.
 1 SYSTEMPATH/CodeIgniter.php(904): App\Controllers\BaseController->initController(Object(CodeIgniter\HTTP\IncomingRequest), Object(CodeIgniter\HTTP\Response), Object(CodeIgniter\Log\Logger))
 2 SYSTEMPATH/CodeIgniter.php(498): CodeIgniter\CodeIgniter->createController()
 3 SYSTEMPATH/CodeIgniter.php(354): CodeIgniter\CodeIgniter->handleRequest(null, Object(Config\Cache), false)
 4 SYSTEMPATH/Boot.php(363): CodeIgniter\CodeIgniter->run()
 5 SYSTEMPATH/Boot.php(68): CodeIgniter\Boot::runCodeIgniter(Object(CodeIgniter\CodeIgniter))
 6 FCPATH/index.php(59): CodeIgniter\Boot::bootWeb(Object(Config\Paths))
WARNING - 2025-12-30 06:27:37 --> [DEPRECATED] Creation of dynamic property App\Controllers\Layanan::$nama is deprecated in APPPATH/Controllers/BaseController.php on line 44.
 1 SYSTEMPATH/CodeIgniter.php(904): App\Controllers\BaseController->initController(Object(CodeIgniter\HTTP\IncomingRequest), Object(CodeIgniter\HTTP\Response), Object(CodeIgniter\Log\Logger))
 2 SYSTEMPATH/CodeIgniter.php(498): CodeIgniter\CodeIgniter->createController()
 3 SYSTEMPATH/CodeIgniter.php(354): CodeIgniter\CodeIgniter->handleRequest(null, Object(Config\Cache), false)
 4 SYSTEMPATH/Boot.php(363): CodeIgniter\CodeIgniter->run()
 5 SYSTEMPATH/Boot.php(68): CodeIgniter\Boot::runCodeIgniter(Object(CodeIgniter\CodeIgniter))
 6 FCPATH/index.php(59): CodeIgniter\Boot::bootWeb(Object(Config\Paths))
WARNING - 2025-12-30 07:45:14 --> [DEPRECATED] Creation of dynamic property App\Controllers\Home::$nama is deprecated in APPPATH/Controllers/BaseController.php on line 44.
 1 SYSTEMPATH/CodeIgniter.php(904): App\Controllers\BaseController->initController(Object(CodeIgniter\HTTP\IncomingRequest), Object(CodeIgniter\HTTP\Response), Object(CodeIgniter\Log\Logger))
 2 SYSTEMPATH/CodeIgniter.php(498): CodeIgniter\CodeIgniter->createController()
 3 SYSTEMPATH/CodeIgniter.php(354): CodeIgniter\CodeIgniter->handleRequest(null, Object(Config\Cache), false)
 4 SYSTEMPATH/Boot.php(363): CodeIgniter\CodeIgniter->run()
 5 SYSTEMPATH/Boot.php(68): CodeIgniter\Boot::runCodeIgniter(Object(CodeIgniter\CodeIgniter))
 6 FCPATH/index.php(59): CodeIgniter\Boot::bootWeb(Object(Config\Paths))
WARNING - 2025-12-30 07:45:17 --> [DEPRECATED] Creation of dynamic property App\Controllers\Layanan::$nama is deprecated in APPPATH/Controllers/BaseController.php on line 44.
 1 SYSTEMPATH/CodeIgniter.php(904): App\Controllers\BaseController->initController(Object(CodeIgniter\HTTP\IncomingRequest), Object(CodeIgniter\HTTP\Response), Object(CodeIgniter\Log\Logger))
 2 SYSTEMPATH/CodeIgniter.php(498): CodeIgniter\CodeIgniter->createController()
 3 SYSTEMPATH/CodeIgniter.php(354): CodeIgniter\CodeIgniter->handleRequest(null, Object(Config\Cache), false)
 4 SYSTEMPATH/Boot.php(363): CodeIgniter\CodeIgniter->run()
 5 SYSTEMPATH/Boot.php(68): CodeIgniter\Boot::runCodeIgniter(Object(CodeIgniter\CodeIgniter))
 6 FCPATH/index.php(59): CodeIgniter\Boot::bootWeb(Object(Config\Paths))
WARNING - 2025-12-30 07:45:21 --> [DEPRECATED] Creation of dynamic property App\Controllers\Layanan::$nama is deprecated in APPPATH/Controllers/BaseController.php on line 44.
 1 SYSTEMPATH/CodeIgniter.php(904): App\Controllers\BaseController->initController(Object(CodeIgniter\HTTP\IncomingRequest), Object(CodeIgniter\HTTP\Response), Object(CodeIgniter\Log\Logger))
 2 SYSTEMPATH/CodeIgniter.php(498): CodeIgniter\CodeIgniter->createController()
 3 SYSTEMPATH/CodeIgniter.php(354): CodeIgniter\CodeIgniter->handleRequest(null, Object(Config\Cache), false)
 4 SYSTEMPATH/Boot.php(363): CodeIgniter\CodeIgniter->run()
 5 SYSTEMPATH/Boot.php(68): CodeIgniter\Boot::runCodeIgniter(Object(CodeIgniter\CodeIgniter))
 6 FCPATH/index.php(59): CodeIgniter\Boot::bootWeb(Object(Config\Paths))
WARNING - 2025-12-30 07:45:29 --> [DEPRECATED] Creation of dynamic property App\Controllers\Layanan::$nama is deprecated in APPPATH/Controllers/BaseController.php on line 44.
 1 SYSTEMPATH/CodeIgniter.php(904): App\Controllers\BaseController->initController(Object(CodeIgniter\HTTP\IncomingRequest), Object(CodeIgniter\HTTP\Response), Object(CodeIgniter\Log\Logger))
 2 SYSTEMPATH/CodeIgniter.php(498): CodeIgniter\CodeIgniter->createController()
 3 SYSTEMPATH/CodeIgniter.php(354): CodeIgniter\CodeIgniter->handleRequest(null, Object(Config\Cache), false)
 4 SYSTEMPATH/Boot.php(363): CodeIgniter\CodeIgniter->run()
 5 SYSTEMPATH/Boot.php(68): CodeIgniter\Boot::runCodeIgniter(Object(CodeIgniter\CodeIgniter))
 6 FCPATH/index.php(59): CodeIgniter\Boot::bootWeb(Object(Config\Paths))
WARNING - 2025-12-30 07:45:32 --> [DEPRECATED] Creation of dynamic property App\Controllers\Layanan::$nama is deprecated in APPPATH/Controllers/BaseController.php on line 44.
 1 SYSTEMPATH/CodeIgniter.php(904): App\Controllers\BaseController->initController(Object(CodeIgniter\HTTP\IncomingRequest), Object(CodeIgniter\HTTP\Response), Object(CodeIgniter\Log\Logger))
 2 SYSTEMPATH/CodeIgniter.php(498): CodeIgniter\CodeIgniter->createController()
 3 SYSTEMPATH/CodeIgniter.php(354): CodeIgniter\CodeIgniter->handleRequest(null, Object(Config\Cache), false)
 4 SYSTEMPATH/Boot.php(363): CodeIgniter\CodeIgniter->run()
 5 SYSTEMPATH/Boot.php(68): CodeIgniter\Boot::runCodeIgniter(Object(CodeIgniter\CodeIgniter))
 6 FCPATH/index.php(59): CodeIgniter\Boot::bootWeb(Object(Config\Paths))
WARNING - 2025-12-30 07:45:35 --> [DEPRECATED] Creation of dynamic property App\Controllers\Layanan::$nama is deprecated in APPPATH/Controllers/BaseController.php on line 44.
 1 SYSTEMPATH/CodeIgniter.php(904): App\Controllers\BaseController->initController(Object(CodeIgniter\HTTP\IncomingRequest), Object(CodeIgniter\HTTP\Response), Object(CodeIgniter\Log\Logger))
 2 SYSTEMPATH/CodeIgniter.php(498): CodeIgniter\CodeIgniter->createController()
 3 SYSTEMPATH/CodeIgniter.php(354): CodeIgniter\CodeIgniter->handleRequest(null, Object(Config\Cache), false)
 4 SYSTEMPATH/Boot.php(363): CodeIgniter\CodeIgniter->run()
 5 SYSTEMPATH/Boot.php(68): CodeIgniter\Boot::runCodeIgniter(Object(CodeIgniter\CodeIgniter))
 6 FCPATH/index.php(59): CodeIgniter\Boot::bootWeb(Object(Config\Paths))
WARNING - 2025-12-30 07:54:35 --> [DEPRECATED] Creation of dynamic property App\Controllers\Home::$nama is deprecated in APPPATH/Controllers/BaseController.php on line 44.
 1 SYSTEMPATH/CodeIgniter.php(904): App\Controllers\BaseController->initController(Object(CodeIgniter\HTTP\IncomingRequest), Object(CodeIgniter\HTTP\Response), Object(CodeIgniter\Log\Logger))
 2 SYSTEMPATH/CodeIgniter.php(498): CodeIgniter\CodeIgniter->createController()
 3 SYSTEMPATH/CodeIgniter.php(354): CodeIgniter\CodeIgniter->handleRequest(null, Object(Config\Cache), false)
 4 SYSTEMPATH/Boot.php(363): CodeIgniter\CodeIgniter->run()
 5 SYSTEMPATH/Boot.php(68): CodeIgniter\Boot::runCodeIgniter(Object(CodeIgniter\CodeIgniter))
 6 FCPATH/index.php(59): CodeIgniter\Boot::bootWeb(Object(Config\Paths))
WARNING - 2025-12-30 07:54:36 --> [DEPRECATED] Creation of dynamic property App\Controllers\Home::$nama is deprecated in APPPATH/Controllers/BaseController.php on line 44.
 1 SYSTEMPATH/CodeIgniter.php(904): App\Controllers\BaseController->initController(Object(CodeIgniter\HTTP\IncomingRequest), Object(CodeIgniter\HTTP\Response), Object(CodeIgniter\Log\Logger))
 2 SYSTEMPATH/CodeIgniter.php(498): CodeIgniter\CodeIgniter->createController()
 3 SYSTEMPATH/CodeIgniter.php(354): CodeIgniter\CodeIgniter->handleRequest(null, Object(Config\Cache), false)
 4 SYSTEMPATH/Boot.php(363): CodeIgniter\CodeIgniter->run()
 5 SYSTEMPATH/Boot.php(68): CodeIgniter\Boot::runCodeIgniter(Object(CodeIgniter\CodeIgniter))
 6 FCPATH/index.php(59): CodeIgniter\Boot::bootWeb(Object(Config\Paths))
WARNING - 2025-12-30 07:54:39 --> [DEPRECATED] Creation of dynamic property App\Controllers\Home::$nama is deprecated in APPPATH/Controllers/BaseController.php on line 44.
 1 SYSTEMPATH/CodeIgniter.php(904): App\Controllers\BaseController->initController(Object(CodeIgniter\HTTP\IncomingRequest), Object(CodeIgniter\HTTP\Response), Object(CodeIgniter\Log\Logger))
 2 SYSTEMPATH/CodeIgniter.php(498): CodeIgniter\CodeIgniter->createController()
 3 SYSTEMPATH/CodeIgniter.php(354): CodeIgniter\CodeIgniter->handleRequest(null, Object(Config\Cache), false)
 4 SYSTEMPATH/Boot.php(363): CodeIgniter\CodeIgniter->run()
 5 SYSTEMPATH/Boot.php(68): CodeIgniter\Boot::runCodeIgniter(Object(CodeIgniter\CodeIgniter))
 6 FCPATH/index.php(59): CodeIgniter\Boot::bootWeb(Object(Config\Paths))
WARNING - 2025-12-30 07:54:51 --> [DEPRECATED] Creation of dynamic property App\Controllers\Layanan::$nama is deprecated in APPPATH/Controllers/BaseController.php on line 44.
 1 SYSTEMPATH/CodeIgniter.php(904): App\Controllers\BaseController->initController(Object(CodeIgniter\HTTP\IncomingRequest), Object(CodeIgniter\HTTP\Response), Object(CodeIgniter\Log\Logger))
 2 SYSTEMPATH/CodeIgniter.php(498): CodeIgniter\CodeIgniter->createController()
 3 SYSTEMPATH/CodeIgniter.php(354): CodeIgniter\CodeIgniter->handleRequest(null, Object(Config\Cache), false)
 4 SYSTEMPATH/Boot.php(363): CodeIgniter\CodeIgniter->run()
 5 SYSTEMPATH/Boot.php(68): CodeIgniter\Boot::runCodeIgniter(Object(CodeIgniter\CodeIgniter))
 6 FCPATH/index.php(59): CodeIgniter\Boot::bootWeb(Object(Config\Paths))
WARNING - 2025-12-30 07:54:59 --> [DEPRECATED] Creation of dynamic property App\Controllers\Layanan::$nama is deprecated in APPPATH/Controllers/BaseController.php on line 44.
 1 SYSTEMPATH/CodeIgniter.php(904): App\Controllers\BaseController->initController(Object(CodeIgniter\HTTP\IncomingRequest), Object(CodeIgniter\HTTP\Response), Object(CodeIgniter\Log\Logger))
 2 SYSTEMPATH/CodeIgniter.php(498): CodeIgniter\CodeIgniter->createController()
 3 SYSTEMPATH/CodeIgniter.php(354): CodeIgniter\CodeIgniter->handleRequest(null, Object(Config\Cache), false)
 4 SYSTEMPATH/Boot.php(363): CodeIgniter\CodeIgniter->run()
 5 SYSTEMPATH/Boot.php(68): CodeIgniter\Boot::runCodeIgniter(Object(CodeIgniter\CodeIgniter))
 6 FCPATH/index.php(59): CodeIgniter\Boot::bootWeb(Object(Config\Paths))
CRITICAL - 2025-12-30 07:54:59 --> ErrorException: Undefined array key "notelp"
[Method: GET, Route: layanan/umkm-ni-mis]
in APPPATH/Views/produk.php on line 24.
 1 APPPATH/Views/produk.php(24): CodeIgniter\Debug\Exceptions->errorHandler(2, 'Undefined array key "notelp"', '/home/vol12_7/infinityfree.com/if0_40724951/htdocs/app/Views/produk.php', 24)
 2 SYSTEMPATH/View/View.php(226): include('/home/vol12_7/infinityfree.com/if0_40724951/htdocs/app/Views/produk.php')
 3 SYSTEMPATH/View/View.php(229): CodeIgniter\View\View->CodeIgniter\View\{closure}()
 4 SYSTEMPATH/Common.php(1199): CodeIgniter\View\View->render('produk', [], true)
 5 APPPATH/Controllers/Layanan.php(33): view('produk', [...])
 6 SYSTEMPATH/CodeIgniter.php(933): App\Controllers\Layanan->detail('umkm-ni-mis')
 7 SYSTEMPATH/CodeIgniter.php(507): CodeIgniter\CodeIgniter->runController(Object(App\Controllers\Layanan))
 8 SYSTEMPATH/CodeIgniter.php(354): CodeIgniter\CodeIgniter->handleRequest(null, Object(Config\Cache), false)
 9 SYSTEMPATH/Boot.php(363): CodeIgniter\CodeIgniter->run()
10 SYSTEMPATH/Boot.php(68): CodeIgniter\Boot::runCodeIgniter(Object(CodeIgniter\CodeIgniter))
11 FCPATH/index.php(59): CodeIgniter\Boot::bootWeb(Object(Config\Paths))
WARNING - 2025-12-30 07:55:24 --> [DEPRECATED] Creation of dynamic property App\Controllers\Layanan::$nama is deprecated in APPPATH/Controllers/BaseController.php on line 44.
 1 SYSTEMPATH/CodeIgniter.php(904): App\Controllers\BaseController->initController(Object(CodeIgniter\HTTP\IncomingRequest), Object(CodeIgniter\HTTP\Response), Object(CodeIgniter\Log\Logger))
 2 SYSTEMPATH/CodeIgniter.php(498): CodeIgniter\CodeIgniter->createController()
 3 SYSTEMPATH/CodeIgniter.php(354): CodeIgniter\CodeIgniter->handleRequest(null, Object(Config\Cache), false)
 4 SYSTEMPATH/Boot.php(363): CodeIgniter\CodeIgniter->run()
 5 SYSTEMPATH/Boot.php(68): CodeIgniter\Boot::runCodeIgniter(Object(CodeIgniter\CodeIgniter))
 6 FCPATH/index.php(59): CodeIgniter\Boot::bootWeb(Object(Config\Paths))
WARNING - 2025-12-30 07:55:28 --> [DEPRECATED] Creation of dynamic property App\Controllers\Layanan::$nama is deprecated in APPPATH/Controllers/BaseController.php on line 44.
 1 SYSTEMPATH/CodeIgniter.php(904): App\Controllers\BaseController->initController(Object(CodeIgniter\HTTP\IncomingRequest), Object(CodeIgniter\HTTP\Response), Object(CodeIgniter\Log\Logger))
 2 SYSTEMPATH/CodeIgniter.php(498): CodeIgniter\CodeIgniter->createController()
 3 SYSTEMPATH/CodeIgniter.php(354): CodeIgniter\CodeIgniter->handleRequest(null, Object(Config\Cache), false)
 4 SYSTEMPATH/Boot.php(363): CodeIgniter\CodeIgniter->run()
 5 SYSTEMPATH/Boot.php(68): CodeIgniter\Boot::runCodeIgniter(Object(CodeIgniter\CodeIgniter))
 6 FCPATH/index.php(59): CodeIgniter\Boot::bootWeb(Object(Config\Paths))
WARNING - 2025-12-30 07:55:40 --> [DEPRECATED] Creation of dynamic property App\Controllers\Layanan::$nama is deprecated in APPPATH/Controllers/BaseController.php on line 44.
 1 SYSTEMPATH/CodeIgniter.php(904): App\Controllers\BaseController->initController(Object(CodeIgniter\HTTP\IncomingRequest), Object(CodeIgniter\HTTP\Response), Object(CodeIgniter\Log\Logger))
 2 SYSTEMPATH/CodeIgniter.php(498): CodeIgniter\CodeIgniter->createController()
 3 SYSTEMPATH/CodeIgniter.php(354): CodeIgniter\CodeIgniter->handleRequest(null, Object(Config\Cache), false)
 4 SYSTEMPATH/Boot.php(363): CodeIgniter\CodeIgniter->run()
 5 SYSTEMPATH/Boot.php(68): CodeIgniter\Boot::runCodeIgniter(Object(CodeIgniter\CodeIgniter))
 6 FCPATH/index.php(59): CodeIgniter\Boot::bootWeb(Object(Config\Paths))
WARNING - 2025-12-30 07:56:46 --> [DEPRECATED] Creation of dynamic property App\Controllers\Home::$nama is deprecated in APPPATH/Controllers/BaseController.php on line 44.
 1 SYSTEMPATH/CodeIgniter.php(904): App\Controllers\BaseController->initController(Object(CodeIgniter\HTTP\IncomingRequest), Object(CodeIgniter\HTTP\Response), Object(CodeIgniter\Log\Logger))
 2 SYSTEMPATH/CodeIgniter.php(498): CodeIgniter\CodeIgniter->createController()
 3 SYSTEMPATH/CodeIgniter.php(354): CodeIgniter\CodeIgniter->handleRequest(null, Object(Config\Cache), false)
 4 SYSTEMPATH/Boot.php(363): CodeIgniter\CodeIgniter->run()
 5 SYSTEMPATH/Boot.php(68): CodeIgniter\Boot::runCodeIgniter(Object(CodeIgniter\CodeIgniter))
 6 FCPATH/index.php(59): CodeIgniter\Boot::bootWeb(Object(Config\Paths))
WARNING - 2025-12-30 07:57:43 --> [DEPRECATED] Creation of dynamic property App\Controllers\Home::$nama is deprecated in APPPATH/Controllers/BaseController.php on line 44.
 1 SYSTEMPATH/CodeIgniter.php(904): App\Controllers\BaseController->initController(Object(CodeIgniter\HTTP\IncomingRequest), Object(CodeIgniter\HTTP\Response), Object(CodeIgniter\Log\Logger))
 2 SYSTEMPATH/CodeIgniter.php(498): CodeIgniter\CodeIgniter->createController()
 3 SYSTEMPATH/CodeIgniter.php(354): CodeIgniter\CodeIgniter->handleRequest(null, Object(Config\Cache), false)
 4 SYSTEMPATH/Boot.php(363): CodeIgniter\CodeIgniter->run()
 5 SYSTEMPATH/Boot.php(68): CodeIgniter\Boot::runCodeIgniter(Object(CodeIgniter\CodeIgniter))
 6 FCPATH/index.php(59): CodeIgniter\Boot::bootWeb(Object(Config\Paths))
WARNING - 2025-12-30 07:57:52 --> [DEPRECATED] Creation of dynamic property App\Controllers\Layanan::$nama is deprecated in APPPATH/Controllers/BaseController.php on line 44.
 1 SYSTEMPATH/CodeIgniter.php(904): App\Controllers\BaseController->initController(Object(CodeIgniter\HTTP\IncomingRequest), Object(CodeIgniter\HTTP\Response), Object(CodeIgniter\Log\Logger))
 2 SYSTEMPATH/CodeIgniter.php(498): CodeIgniter\CodeIgniter->createController()
 3 SYSTEMPATH/CodeIgniter.php(354): CodeIgniter\CodeIgniter->handleRequest(null, Object(Config\Cache), false)
 4 SYSTEMPATH/Boot.php(363): CodeIgniter\CodeIgniter->run()
 5 SYSTEMPATH/Boot.php(68): CodeIgniter\Boot::runCodeIgniter(Object(CodeIgniter\CodeIgniter))
 6 FCPATH/index.php(59): CodeIgniter\Boot::bootWeb(Object(Config\Paths))
WARNING - 2025-12-30 07:57:58 --> [DEPRECATED] Creation of dynamic property App\Controllers\Layanan::$nama is deprecated in APPPATH/Controllers/BaseController.php on line 44.
 1 SYSTEMPATH/CodeIgniter.php(904): App\Controllers\BaseController->initController(Object(CodeIgniter\HTTP\IncomingRequest), Object(CodeIgniter\HTTP\Response), Object(CodeIgniter\Log\Logger))
 2 SYSTEMPATH/CodeIgniter.php(498): CodeIgniter\CodeIgniter->createController()
 3 SYSTEMPATH/CodeIgniter.php(354): CodeIgniter\CodeIgniter->handleRequest(null, Object(Config\Cache), false)
 4 SYSTEMPATH/Boot.php(363): CodeIgniter\CodeIgniter->run()
 5 SYSTEMPATH/Boot.php(68): CodeIgniter\Boot::runCodeIgniter(Object(CodeIgniter\CodeIgniter))
 6 FCPATH/index.php(59): CodeIgniter\Boot::bootWeb(Object(Config\Paths))
WARNING - 2025-12-30 07:58:26 --> [DEPRECATED] Creation of dynamic property App\Controllers\Layanan::$nama is deprecated in APPPATH/Controllers/BaseController.php on line 44.
 1 SYSTEMPATH/CodeIgniter.php(904): App\Controllers\BaseController->initController(Object(CodeIgniter\HTTP\IncomingRequest), Object(CodeIgniter\HTTP\Response), Object(CodeIgniter\Log\Logger))
 2 SYSTEMPATH/CodeIgniter.php(498): CodeIgniter\CodeIgniter->createController()
 3 SYSTEMPATH/CodeIgniter.php(354): CodeIgniter\CodeIgniter->handleRequest(null, Object(Config\Cache), false)
 4 SYSTEMPATH/Boot.php(363): CodeIgniter\CodeIgniter->run()
 5 SYSTEMPATH/Boot.php(68): CodeIgniter\Boot::runCodeIgniter(Object(CodeIgniter\CodeIgniter))
 6 FCPATH/index.php(59): CodeIgniter\Boot::bootWeb(Object(Config\Paths))
WARNING - 2025-12-30 07:58:34 --> [DEPRECATED] Creation of dynamic property App\Controllers\Layanan::$nama is deprecated in APPPATH/Controllers/BaseController.php on line 44.
 1 SYSTEMPATH/CodeIgniter.php(904): App\Controllers\BaseController->initController(Object(CodeIgniter\HTTP\IncomingRequest), Object(CodeIgniter\HTTP\Response), Object(CodeIgniter\Log\Logger))
 2 SYSTEMPATH/CodeIgniter.php(498): CodeIgniter\CodeIgniter->createController()
 3 SYSTEMPATH/CodeIgniter.php(354): CodeIgniter\CodeIgniter->handleRequest(null, Object(Config\Cache), false)
 4 SYSTEMPATH/Boot.php(363): CodeIgniter\CodeIgniter->run()
 5 SYSTEMPATH/Boot.php(68): CodeIgniter\Boot::runCodeIgniter(Object(CodeIgniter\CodeIgniter))
 6 FCPATH/index.php(59): CodeIgniter\Boot::bootWeb(Object(Config\Paths))
WARNING - 2025-12-30 07:58:46 --> [DEPRECATED] Creation of dynamic property App\Controllers\Layanan::$nama is deprecated in APPPATH/Controllers/BaseController.php on line 44.
 1 SYSTEMPATH/CodeIgniter.php(904): App\Controllers\BaseController->initController(Object(CodeIgniter\HTTP\IncomingRequest), Object(CodeIgniter\HTTP\Response), Object(CodeIgniter\Log\Logger))
 2 SYSTEMPATH/CodeIgniter.php(498): CodeIgniter\CodeIgniter->createController()
 3 SYSTEMPATH/CodeIgniter.php(354): CodeIgniter\CodeIgniter->handleRequest(null, Object(Config\Cache), false)
 4 SYSTEMPATH/Boot.php(363): CodeIgniter\CodeIgniter->run()
 5 SYSTEMPATH/Boot.php(68): CodeIgniter\Boot::runCodeIgniter(Object(CodeIgniter\CodeIgniter))
 6 FCPATH/index.php(59): CodeIgniter\Boot::bootWeb(Object(Config\Paths))
WARNING - 2025-12-30 07:59:11 --> [DEPRECATED] Creation of dynamic property App\Controllers\Home::$nama is deprecated in APPPATH/Controllers/BaseController.php on line 44.
 1 SYSTEMPATH/CodeIgniter.php(904): App\Controllers\BaseController->initController(Object(CodeIgniter\HTTP\IncomingRequest), Object(CodeIgniter\HTTP\Response), Object(CodeIgniter\Log\Logger))
 2 SYSTEMPATH/CodeIgniter.php(498): CodeIgniter\CodeIgniter->createController()
 3 SYSTEMPATH/CodeIgniter.php(354): CodeIgniter\CodeIgniter->handleRequest(null, Object(Config\Cache), false)
 4 SYSTEMPATH/Boot.php(363): CodeIgniter\CodeIgniter->run()
 5 SYSTEMPATH/Boot.php(68): CodeIgniter\Boot::runCodeIgniter(Object(CodeIgniter\CodeIgniter))
 6 FCPATH/index.php(59): CodeIgniter\Boot::bootWeb(Object(Config\Paths))
WARNING - 2025-12-30 07:59:13 --> [DEPRECATED] Creation of dynamic property App\Controllers\Layanan::$nama is deprecated in APPPATH/Controllers/BaseController.php on line 44.
 1 SYSTEMPATH/CodeIgniter.php(904): App\Controllers\BaseController->initController(Object(CodeIgniter\HTTP\IncomingRequest), Object(CodeIgniter\HTTP\Response), Object(CodeIgniter\Log\Logger))
 2 SYSTEMPATH/CodeIgniter.php(498): CodeIgniter\CodeIgniter->createController()
 3 SYSTEMPATH/CodeIgniter.php(354): CodeIgniter\CodeIgniter->handleRequest(null, Object(Config\Cache), false)
 4 SYSTEMPATH/Boot.php(363): CodeIgniter\CodeIgniter->run()
 5 SYSTEMPATH/Boot.php(68): CodeIgniter\Boot::runCodeIgniter(Object(CodeIgniter\CodeIgniter))
 6 FCPATH/index.php(59): CodeIgniter\Boot::bootWeb(Object(Config\Paths))
WARNING - 2025-12-30 07:59:39 --> [DEPRECATED] Creation of dynamic property App\Controllers\Layanan::$nama is deprecated in APPPATH/Controllers/BaseController.php on line 44.
 1 SYSTEMPATH/CodeIgniter.php(904): App\Controllers\BaseController->initController(Object(CodeIgniter\HTTP\IncomingRequest), Object(CodeIgniter\HTTP\Response), Object(CodeIgniter\Log\Logger))
 2 SYSTEMPATH/CodeIgniter.php(498): CodeIgniter\CodeIgniter->createController()
 3 SYSTEMPATH/CodeIgniter.php(354): CodeIgniter\CodeIgniter->handleRequest(null, Object(Config\Cache), false)
 4 SYSTEMPATH/Boot.php(363): CodeIgniter\CodeIgniter->run()
 5 SYSTEMPATH/Boot.php(68): CodeIgniter\Boot::runCodeIgniter(Object(CodeIgniter\CodeIgniter))
 6 FCPATH/index.php(59): CodeIgniter\Boot::bootWeb(Object(Config\Paths))
WARNING - 2025-12-30 07:59:49 --> [DEPRECATED] Creation of dynamic property App\Controllers\Layanan::$nama is deprecated in APPPATH/Controllers/BaseController.php on line 44.
 1 SYSTEMPATH/CodeIgniter.php(904): App\Controllers\BaseController->initController(Object(CodeIgniter\HTTP\IncomingRequest), Object(CodeIgniter\HTTP\Response), Object(CodeIgniter\Log\Logger))
 2 SYSTEMPATH/CodeIgniter.php(498): CodeIgniter\CodeIgniter->createController()
 3 SYSTEMPATH/CodeIgniter.php(354): CodeIgniter\CodeIgniter->handleRequest(null, Object(Config\Cache), false)
 4 SYSTEMPATH/Boot.php(363): CodeIgniter\CodeIgniter->run()
 5 SYSTEMPATH/Boot.php(68): CodeIgniter\Boot::runCodeIgniter(Object(CodeIgniter\CodeIgniter))
 6 FCPATH/index.php(59): CodeIgniter\Boot::bootWeb(Object(Config\Paths))
WARNING - 2025-12-30 08:00:12 --> [DEPRECATED] Creation of dynamic property App\Controllers\Layanan::$nama is deprecated in APPPATH/Controllers/BaseController.php on line 44.
 1 SYSTEMPATH/CodeIgniter.php(904): App\Controllers\BaseController->initController(Object(CodeIgniter\HTTP\IncomingRequest), Object(CodeIgniter\HTTP\Response), Object(CodeIgniter\Log\Logger))
 2 SYSTEMPATH/CodeIgniter.php(498): CodeIgniter\CodeIgniter->createController()
 3 SYSTEMPATH/CodeIgniter.php(354): CodeIgniter\CodeIgniter->handleRequest(null, Object(Config\Cache), false)
 4 SYSTEMPATH/Boot.php(363): CodeIgniter\CodeIgniter->run()
 5 SYSTEMPATH/Boot.php(68): CodeIgniter\Boot::runCodeIgniter(Object(CodeIgniter\CodeIgniter))
 6 FCPATH/index.php(59): CodeIgniter\Boot::bootWeb(Object(Config\Paths))
WARNING - 2025-12-30 08:00:19 --> [DEPRECATED] Creation of dynamic property App\Controllers\Layanan::$nama is deprecated in APPPATH/Controllers/BaseController.php on line 44.
 1 SYSTEMPATH/CodeIgniter.php(904): App\Controllers\BaseController->initController(Object(CodeIgniter\HTTP\IncomingRequest), Object(CodeIgniter\HTTP\Response), Object(CodeIgniter\Log\Logger))
 2 SYSTEMPATH/CodeIgniter.php(498): CodeIgniter\CodeIgniter->createController()
 3 SYSTEMPATH/CodeIgniter.php(354): CodeIgniter\CodeIgniter->handleRequest(null, Object(Config\Cache), false)
 4 SYSTEMPATH/Boot.php(363): CodeIgniter\CodeIgniter->run()
 5 SYSTEMPATH/Boot.php(68): CodeIgniter\Boot::runCodeIgniter(Object(CodeIgniter\CodeIgniter))
 6 FCPATH/index.php(59): CodeIgniter\Boot::bootWeb(Object(Config\Paths))
WARNING - 2025-12-30 08:00:44 --> [DEPRECATED] Creation of dynamic property App\Controllers\Layanan::$nama is deprecated in APPPATH/Controllers/BaseController.php on line 44.
 1 SYSTEMPATH/CodeIgniter.php(904): App\Controllers\BaseController->initController(Object(CodeIgniter\HTTP\IncomingRequest), Object(CodeIgniter\HTTP\Response), Object(CodeIgniter\Log\Logger))
 2 SYSTEMPATH/CodeIgniter.php(498): CodeIgniter\CodeIgniter->createController()
 3 SYSTEMPATH/CodeIgniter.php(354): CodeIgniter\CodeIgniter->handleRequest(null, Object(Config\Cache), false)
 4 SYSTEMPATH/Boot.php(363): CodeIgniter\CodeIgniter->run()
 5 SYSTEMPATH/Boot.php(68): CodeIgniter\Boot::runCodeIgniter(Object(CodeIgniter\CodeIgniter))
 6 FCPATH/index.php(59): CodeIgniter\Boot::bootWeb(Object(Config\Paths))
WARNING - 2025-12-30 08:08:51 --> [DEPRECATED] Creation of dynamic property App\Controllers\Layanan::$nama is deprecated in APPPATH/Controllers/BaseController.php on line 44.
 1 SYSTEMPATH/CodeIgniter.php(904): App\Controllers\BaseController->initController(Object(CodeIgniter\HTTP\IncomingRequest), Object(CodeIgniter\HTTP\Response), Object(CodeIgniter\Log\Logger))
 2 SYSTEMPATH/CodeIgniter.php(498): CodeIgniter\CodeIgniter->createController()
 3 SYSTEMPATH/CodeIgniter.php(354): CodeIgniter\CodeIgniter->handleRequest(null, Object(Config\Cache), false)
 4 SYSTEMPATH/Boot.php(363): CodeIgniter\CodeIgniter->run()
 5 SYSTEMPATH/Boot.php(68): CodeIgniter\Boot::runCodeIgniter(Object(CodeIgniter\CodeIgniter))
 6 FCPATH/index.php(59): CodeIgniter\Boot::bootWeb(Object(Config\Paths))
WARNING - 2025-12-30 08:11:07 --> [DEPRECATED] Creation of dynamic property App\Controllers\Layanan::$nama is deprecated in APPPATH/Controllers/BaseController.php on line 44.
 1 SYSTEMPATH/CodeIgniter.php(904): App\Controllers\BaseController->initController(Object(CodeIgniter\HTTP\IncomingRequest), Object(CodeIgniter\HTTP\Response), Object(CodeIgniter\Log\Logger))
 2 SYSTEMPATH/CodeIgniter.php(498): CodeIgniter\CodeIgniter->createController()
 3 SYSTEMPATH/CodeIgniter.php(354): CodeIgniter\CodeIgniter->handleRequest(null, Object(Config\Cache), false)
 4 SYSTEMPATH/Boot.php(363): CodeIgniter\CodeIgniter->run()
 5 SYSTEMPATH/Boot.php(68): CodeIgniter\Boot::runCodeIgniter(Object(CodeIgniter\CodeIgniter))
 6 FCPATH/index.php(59): CodeIgniter\Boot::bootWeb(Object(Config\Paths))
WARNING - 2025-12-30 08:11:15 --> [DEPRECATED] Creation of dynamic property App\Controllers\Layanan::$nama is deprecated in APPPATH/Controllers/BaseController.php on line 44.
 1 SYSTEMPATH/CodeIgniter.php(904): App\Controllers\BaseController->initController(Object(CodeIgniter\HTTP\IncomingRequest), Object(CodeIgniter\HTTP\Response), Object(CodeIgniter\Log\Logger))
 2 SYSTEMPATH/CodeIgniter.php(498): CodeIgniter\CodeIgniter->createController()
 3 SYSTEMPATH/CodeIgniter.php(354): CodeIgniter\CodeIgniter->handleRequest(null, Object(Config\Cache), false)
 4 SYSTEMPATH/Boot.php(363): CodeIgniter\CodeIgniter->run()
 5 SYSTEMPATH/Boot.php(68): CodeIgniter\Boot::runCodeIgniter(Object(CodeIgniter\CodeIgniter))
 6 FCPATH/index.php(59): CodeIgniter\Boot::bootWeb(Object(Config\Paths))
WARNING - 2025-12-30 08:11:27 --> [DEPRECATED] Creation of dynamic property App\Controllers\Layanan::$nama is deprecated in APPPATH/Controllers/BaseController.php on line 44.
 1 SYSTEMPATH/CodeIgniter.php(904): App\Controllers\BaseController->initController(Object(CodeIgniter\HTTP\IncomingRequest), Object(CodeIgniter\HTTP\Response), Object(CodeIgniter\Log\Logger))
 2 SYSTEMPATH/CodeIgniter.php(498): CodeIgniter\CodeIgniter->createController()
 3 SYSTEMPATH/CodeIgniter.php(354): CodeIgniter\CodeIgniter->handleRequest(null, Object(Config\Cache), false)
 4 SYSTEMPATH/Boot.php(363): CodeIgniter\CodeIgniter->run()
 5 SYSTEMPATH/Boot.php(68): CodeIgniter\Boot::runCodeIgniter(Object(CodeIgniter\CodeIgniter))
 6 FCPATH/index.php(59): CodeIgniter\Boot::bootWeb(Object(Config\Paths))
WARNING - 2025-12-30 08:11:43 --> [DEPRECATED] Creation of dynamic property App\Controllers\Home::$nama is deprecated in APPPATH/Controllers/BaseController.php on line 44.
 1 SYSTEMPATH/CodeIgniter.php(904): App\Controllers\BaseController->initController(Object(CodeIgniter\HTTP\IncomingRequest), Object(CodeIgniter\HTTP\Response), Object(CodeIgniter\Log\Logger))
 2 SYSTEMPATH/CodeIgniter.php(498): CodeIgniter\CodeIgniter->createController()
 3 SYSTEMPATH/CodeIgniter.php(354): CodeIgniter\CodeIgniter->handleRequest(null, Object(Config\Cache), false)
 4 SYSTEMPATH/Boot.php(363): CodeIgniter\CodeIgniter->run()
 5 SYSTEMPATH/Boot.php(68): CodeIgniter\Boot::runCodeIgniter(Object(CodeIgniter\CodeIgniter))
 6 FCPATH/index.php(59): CodeIgniter\Boot::bootWeb(Object(Config\Paths))
WARNING - 2025-12-30 08:11:50 --> [DEPRECATED] Creation of dynamic property App\Controllers\Layanan::$nama is deprecated in APPPATH/Controllers/BaseController.php on line 44.
 1 SYSTEMPATH/CodeIgniter.php(904): App\Controllers\BaseController->initController(Object(CodeIgniter\HTTP\IncomingRequest), Object(CodeIgniter\HTTP\Response), Object(CodeIgniter\Log\Logger))
 2 SYSTEMPATH/CodeIgniter.php(498): CodeIgniter\CodeIgniter->createController()
 3 SYSTEMPATH/CodeIgniter.php(354): CodeIgniter\CodeIgniter->handleRequest(null, Object(Config\Cache), false)
 4 SYSTEMPATH/Boot.php(363): CodeIgniter\CodeIgniter->run()
 5 SYSTEMPATH/Boot.php(68): CodeIgniter\Boot::runCodeIgniter(Object(CodeIgniter\CodeIgniter))
 6 FCPATH/index.php(59): CodeIgniter\Boot::bootWeb(Object(Config\Paths))
WARNING - 2025-12-30 08:12:06 --> [DEPRECATED] Creation of dynamic property App\Controllers\Layanan::$nama is deprecated in APPPATH/Controllers/BaseController.php on line 44.
 1 SYSTEMPATH/CodeIgniter.php(904): App\Controllers\BaseController->initController(Object(CodeIgniter\HTTP\IncomingRequest), Object(CodeIgniter\HTTP\Response), Object(CodeIgniter\Log\Logger))
 2 SYSTEMPATH/CodeIgniter.php(498): CodeIgniter\CodeIgniter->createController()
 3 SYSTEMPATH/CodeIgniter.php(354): CodeIgniter\CodeIgniter->handleRequest(null, Object(Config\Cache), false)
 4 SYSTEMPATH/Boot.php(363): CodeIgniter\CodeIgniter->run()
 5 SYSTEMPATH/Boot.php(68): CodeIgniter\Boot::runCodeIgniter(Object(CodeIgniter\CodeIgniter))
 6 FCPATH/index.php(59): CodeIgniter\Boot::bootWeb(Object(Config\Paths))
WARNING - 2025-12-30 08:12:59 --> [DEPRECATED] Creation of dynamic property App\Controllers\Layanan::$nama is deprecated in APPPATH/Controllers/BaseController.php on line 44.
 1 SYSTEMPATH/CodeIgniter.php(904): App\Controllers\BaseController->initController(Object(CodeIgniter\HTTP\IncomingRequest), Object(CodeIgniter\HTTP\Response), Object(CodeIgniter\Log\Logger))
 2 SYSTEMPATH/CodeIgniter.php(498): CodeIgniter\CodeIgniter->createController()
 3 SYSTEMPATH/CodeIgniter.php(354): CodeIgniter\CodeIgniter->handleRequest(null, Object(Config\Cache), false)
 4 SYSTEMPATH/Boot.php(363): CodeIgniter\CodeIgniter->run()
 5 SYSTEMPATH/Boot.php(68): CodeIgniter\Boot::runCodeIgniter(Object(CodeIgniter\CodeIgniter))
 6 FCPATH/index.php(59): CodeIgniter\Boot::bootWeb(Object(Config\Paths))
WARNING - 2025-12-30 08:13:14 --> [DEPRECATED] Creation of dynamic property App\Controllers\Layanan::$nama is deprecated in APPPATH/Controllers/BaseController.php on line 44.
 1 SYSTEMPATH/CodeIgniter.php(904): App\Controllers\BaseController->initController(Object(CodeIgniter\HTTP\IncomingRequest), Object(CodeIgniter\HTTP\Response), Object(CodeIgniter\Log\Logger))
 2 SYSTEMPATH/CodeIgniter.php(498): CodeIgniter\CodeIgniter->createController()
 3 SYSTEMPATH/CodeIgniter.php(354): CodeIgniter\CodeIgniter->handleRequest(null, Object(Config\Cache), false)
 4 SYSTEMPATH/Boot.php(363): CodeIgniter\CodeIgniter->run()
 5 SYSTEMPATH/Boot.php(68): CodeIgniter\Boot::runCodeIgniter(Object(CodeIgniter\CodeIgniter))
 6 FCPATH/index.php(59): CodeIgniter\Boot::bootWeb(Object(Config\Paths))
WARNING - 2025-12-30 08:13:25 --> [DEPRECATED] Creation of dynamic property App\Controllers\Layanan::$nama is deprecated in APPPATH/Controllers/BaseController.php on line 44.
 1 SYSTEMPATH/CodeIgniter.php(904): App\Controllers\BaseController->initController(Object(CodeIgniter\HTTP\IncomingRequest), Object(CodeIgniter\HTTP\Response), Object(CodeIgniter\Log\Logger))
 2 SYSTEMPATH/CodeIgniter.php(498): CodeIgniter\CodeIgniter->createController()
 3 SYSTEMPATH/CodeIgniter.php(354): CodeIgniter\CodeIgniter->handleRequest(null, Object(Config\Cache), false)
 4 SYSTEMPATH/Boot.php(363): CodeIgniter\CodeIgniter->run()
 5 SYSTEMPATH/Boot.php(68): CodeIgniter\Boot::runCodeIgniter(Object(CodeIgniter\CodeIgniter))
 6 FCPATH/index.php(59): CodeIgniter\Boot::bootWeb(Object(Config\Paths))
WARNING - 2025-12-30 08:13:47 --> [DEPRECATED] Creation of dynamic property App\Controllers\Layanan::$nama is deprecated in APPPATH/Controllers/BaseController.php on line 44.
 1 SYSTEMPATH/CodeIgniter.php(904): App\Controllers\BaseController->initController(Object(CodeIgniter\HTTP\IncomingRequest), Object(CodeIgniter\HTTP\Response), Object(CodeIgniter\Log\Logger))
 2 SYSTEMPATH/CodeIgniter.php(498): CodeIgniter\CodeIgniter->createController()
 3 SYSTEMPATH/CodeIgniter.php(354): CodeIgniter\CodeIgniter->handleRequest(null, Object(Config\Cache), false)
 4 SYSTEMPATH/Boot.php(363): CodeIgniter\CodeIgniter->run()
 5 SYSTEMPATH/Boot.php(68): CodeIgniter\Boot::runCodeIgniter(Object(CodeIgniter\CodeIgniter))
 6 FCPATH/index.php(59): CodeIgniter\Boot::bootWeb(Object(Config\Paths))
WARNING - 2025-12-30 08:16:56 --> [DEPRECATED] Creation of dynamic property App\Controllers\Home::$nama is deprecated in APPPATH/Controllers/BaseController.php on line 44.
 1 SYSTEMPATH/CodeIgniter.php(904): App\Controllers\BaseController->initController(Object(CodeIgniter\HTTP\IncomingRequest), Object(CodeIgniter\HTTP\Response), Object(CodeIgniter\Log\Logger))
 2 SYSTEMPATH/CodeIgniter.php(498): CodeIgniter\CodeIgniter->createController()
 3 SYSTEMPATH/CodeIgniter.php(354): CodeIgniter\CodeIgniter->handleRequest(null, Object(Config\Cache), false)
 4 SYSTEMPATH/Boot.php(363): CodeIgniter\CodeIgniter->run()
 5 SYSTEMPATH/Boot.php(68): CodeIgniter\Boot::runCodeIgniter(Object(CodeIgniter\CodeIgniter))
 6 FCPATH/index.php(59): CodeIgniter\Boot::bootWeb(Object(Config\Paths))
WARNING - 2025-12-30 08:16:59 --> [DEPRECATED] Creation of dynamic property App\Controllers\Layanan::$nama is deprecated in APPPATH/Controllers/BaseController.php on line 44.
 1 SYSTEMPATH/CodeIgniter.php(904): App\Controllers\BaseController->initController(Object(CodeIgniter\HTTP\IncomingRequest), Object(CodeIgniter\HTTP\Response), Object(CodeIgniter\Log\Logger))
 2 SYSTEMPATH/CodeIgniter.php(498): CodeIgniter\CodeIgniter->createController()
 3 SYSTEMPATH/CodeIgniter.php(354): CodeIgniter\CodeIgniter->handleRequest(null, Object(Config\Cache), false)
 4 SYSTEMPATH/Boot.php(363): CodeIgniter\CodeIgniter->run()
 5 SYSTEMPATH/Boot.php(68): CodeIgniter\Boot::runCodeIgniter(Object(CodeIgniter\CodeIgniter))
 6 FCPATH/index.php(59): CodeIgniter\Boot::bootWeb(Object(Config\Paths))
WARNING - 2025-12-30 08:17:06 --> [DEPRECATED] Creation of dynamic property App\Controllers\Layanan::$nama is deprecated in APPPATH/Controllers/BaseController.php on line 44.
 1 SYSTEMPATH/CodeIgniter.php(904): App\Controllers\BaseController->initController(Object(CodeIgniter\HTTP\IncomingRequest), Object(CodeIgniter\HTTP\Response), Object(CodeIgniter\Log\Logger))
 2 SYSTEMPATH/CodeIgniter.php(498): CodeIgniter\CodeIgniter->createController()
 3 SYSTEMPATH/CodeIgniter.php(354): CodeIgniter\CodeIgniter->handleRequest(null, Object(Config\Cache), false)
 4 SYSTEMPATH/Boot.php(363): CodeIgniter\CodeIgniter->run()
 5 SYSTEMPATH/Boot.php(68): CodeIgniter\Boot::runCodeIgniter(Object(CodeIgniter\CodeIgniter))
 6 FCPATH/index.php(59): CodeIgniter\Boot::bootWeb(Object(Config\Paths))
WARNING - 2025-12-30 08:17:25 --> [DEPRECATED] Creation of dynamic property App\Controllers\Layanan::$nama is deprecated in APPPATH/Controllers/BaseController.php on line 44.
 1 SYSTEMPATH/CodeIgniter.php(904): App\Controllers\BaseController->initController(Object(CodeIgniter\HTTP\IncomingRequest), Object(CodeIgniter\HTTP\Response), Object(CodeIgniter\Log\Logger))
 2 SYSTEMPATH/CodeIgniter.php(498): CodeIgniter\CodeIgniter->createController()
 3 SYSTEMPATH/CodeIgniter.php(354): CodeIgniter\CodeIgniter->handleRequest(null, Object(Config\Cache), false)
 4 SYSTEMPATH/Boot.php(363): CodeIgniter\CodeIgniter->run()
 5 SYSTEMPATH/Boot.php(68): CodeIgniter\Boot::runCodeIgniter(Object(CodeIgniter\CodeIgniter))
 6 FCPATH/index.php(59): CodeIgniter\Boot::bootWeb(Object(Config\Paths))
WARNING - 2025-12-30 08:18:28 --> [DEPRECATED] Creation of dynamic property App\Controllers\Layanan::$nama is deprecated in APPPATH/Controllers/BaseController.php on line 44.
 1 SYSTEMPATH/CodeIgniter.php(904): App\Controllers\BaseController->initController(Object(CodeIgniter\HTTP\IncomingRequest), Object(CodeIgniter\HTTP\Response), Object(CodeIgniter\Log\Logger))
 2 SYSTEMPATH/CodeIgniter.php(498): CodeIgniter\CodeIgniter->createController()
 3 SYSTEMPATH/CodeIgniter.php(354): CodeIgniter\CodeIgniter->handleRequest(null, Object(Config\Cache), false)
 4 SYSTEMPATH/Boot.php(363): CodeIgniter\CodeIgniter->run()
 5 SYSTEMPATH/Boot.php(68): CodeIgniter\Boot::runCodeIgniter(Object(CodeIgniter\CodeIgniter))
 6 FCPATH/index.php(59): CodeIgniter\Boot::bootWeb(Object(Config\Paths))
WARNING - 2025-12-30 08:18:51 --> [DEPRECATED] Creation of dynamic property App\Controllers\Layanan::$nama is deprecated in APPPATH/Controllers/BaseController.php on line 44.
 1 SYSTEMPATH/CodeIgniter.php(904): App\Controllers\BaseController->initController(Object(CodeIgniter\HTTP\IncomingRequest), Object(CodeIgniter\HTTP\Response), Object(CodeIgniter\Log\Logger))
 2 SYSTEMPATH/CodeIgniter.php(498): CodeIgniter\CodeIgniter->createController()
 3 SYSTEMPATH/CodeIgniter.php(354): CodeIgniter\CodeIgniter->handleRequest(null, Object(Config\Cache), false)
 4 SYSTEMPATH/Boot.php(363): CodeIgniter\CodeIgniter->run()
 5 SYSTEMPATH/Boot.php(68): CodeIgniter\Boot::runCodeIgniter(Object(CodeIgniter\CodeIgniter))
 6 FCPATH/index.php(59): CodeIgniter\Boot::bootWeb(Object(Config\Paths))
WARNING - 2025-12-30 08:21:21 --> [DEPRECATED] Creation of dynamic property App\Controllers\Beranda::$nama is deprecated in APPPATH/Controllers/BaseController.php on line 44.
 1 SYSTEMPATH/CodeIgniter.php(904): App\Controllers\BaseController->initController(Object(CodeIgniter\HTTP\IncomingRequest), Object(CodeIgniter\HTTP\Response), Object(CodeIgniter\Log\Logger))
 2 SYSTEMPATH/CodeIgniter.php(498): CodeIgniter\CodeIgniter->createController()
 3 SYSTEMPATH/CodeIgniter.php(354): CodeIgniter\CodeIgniter->handleRequest(null, Object(Config\Cache), false)
 4 SYSTEMPATH/Boot.php(363): CodeIgniter\CodeIgniter->run()
 5 SYSTEMPATH/Boot.php(68): CodeIgniter\Boot::runCodeIgniter(Object(CodeIgniter\CodeIgniter))
 6 FCPATH/index.php(59): CodeIgniter\Boot::bootWeb(Object(Config\Paths))
WARNING - 2025-12-30 08:21:23 --> [DEPRECATED] Creation of dynamic property App\Controllers\Layanan::$nama is deprecated in APPPATH/Controllers/BaseController.php on line 44.
 1 SYSTEMPATH/CodeIgniter.php(904): App\Controllers\BaseController->initController(Object(CodeIgniter\HTTP\IncomingRequest), Object(CodeIgniter\HTTP\Response), Object(CodeIgniter\Log\Logger))
 2 SYSTEMPATH/CodeIgniter.php(498): CodeIgniter\CodeIgniter->createController()
 3 SYSTEMPATH/CodeIgniter.php(354): CodeIgniter\CodeIgniter->handleRequest(null, Object(Config\Cache), false)
 4 SYSTEMPATH/Boot.php(363): CodeIgniter\CodeIgniter->run()
 5 SYSTEMPATH/Boot.php(68): CodeIgniter\Boot::runCodeIgniter(Object(CodeIgniter\CodeIgniter))
 6 FCPATH/index.php(59): CodeIgniter\Boot::bootWeb(Object(Config\Paths))
WARNING - 2025-12-30 08:21:24 --> [DEPRECATED] Creation of dynamic property App\Controllers\Beranda::$nama is deprecated in APPPATH/Controllers/BaseController.php on line 44.
 1 SYSTEMPATH/CodeIgniter.php(904): App\Controllers\BaseController->initController(Object(CodeIgniter\HTTP\IncomingRequest), Object(CodeIgniter\HTTP\Response), Object(CodeIgniter\Log\Logger))
 2 SYSTEMPATH/CodeIgniter.php(498): CodeIgniter\CodeIgniter->createController()
 3 SYSTEMPATH/CodeIgniter.php(354): CodeIgniter\CodeIgniter->handleRequest(null, Object(Config\Cache), false)
 4 SYSTEMPATH/Boot.php(363): CodeIgniter\CodeIgniter->run()
 5 SYSTEMPATH/Boot.php(68): CodeIgniter\Boot::runCodeIgniter(Object(CodeIgniter\CodeIgniter))
 6 FCPATH/index.php(59): CodeIgniter\Boot::bootWeb(Object(Config\Paths))
WARNING - 2025-12-30 08:21:26 --> [DEPRECATED] Creation of dynamic property App\Controllers\Home::$nama is deprecated in APPPATH/Controllers/BaseController.php on line 44.
 1 SYSTEMPATH/CodeIgniter.php(904): App\Controllers\BaseController->initController(Object(CodeIgniter\HTTP\IncomingRequest), Object(CodeIgniter\HTTP\Response), Object(CodeIgniter\Log\Logger))
 2 SYSTEMPATH/CodeIgniter.php(498): CodeIgniter\CodeIgniter->createController()
 3 SYSTEMPATH/CodeIgniter.php(354): CodeIgniter\CodeIgniter->handleRequest(null, Object(Config\Cache), false)
 4 SYSTEMPATH/Boot.php(363): CodeIgniter\CodeIgniter->run()
 5 SYSTEMPATH/Boot.php(68): CodeIgniter\Boot::runCodeIgniter(Object(CodeIgniter\CodeIgniter))
 6 FCPATH/index.php(59): CodeIgniter\Boot::bootWeb(Object(Config\Paths))
WARNING - 2025-12-30 08:22:25 --> [DEPRECATED] Creation of dynamic property App\Controllers\Layanan::$nama is deprecated in APPPATH/Controllers/BaseController.php on line 44.
 1 SYSTEMPATH/CodeIgniter.php(904): App\Controllers\BaseController->initController(Object(CodeIgniter\HTTP\IncomingRequest), Object(CodeIgniter\HTTP\Response), Object(CodeIgniter\Log\Logger))
 2 SYSTEMPATH/CodeIgniter.php(498): CodeIgniter\CodeIgniter->createController()
 3 SYSTEMPATH/CodeIgniter.php(354): CodeIgniter\CodeIgniter->handleRequest(null, Object(Config\Cache), false)
 4 SYSTEMPATH/Boot.php(363): CodeIgniter\CodeIgniter->run()
 5 SYSTEMPATH/Boot.php(68): CodeIgniter\Boot::runCodeIgniter(Object(CodeIgniter\CodeIgniter))
 6 FCPATH/index.php(59): CodeIgniter\Boot::bootWeb(Object(Config\Paths))
WARNING - 2025-12-30 08:22:35 --> [DEPRECATED] Creation of dynamic property App\Controllers\Portofolio::$nama is deprecated in APPPATH/Controllers/BaseController.php on line 44.
 1 SYSTEMPATH/CodeIgniter.php(904): App\Controllers\BaseController->initController(Object(CodeIgniter\HTTP\IncomingRequest), Object(CodeIgniter\HTTP\Response), Object(CodeIgniter\Log\Logger))
 2 SYSTEMPATH/CodeIgniter.php(498): CodeIgniter\CodeIgniter->createController()
 3 SYSTEMPATH/CodeIgniter.php(354): CodeIgniter\CodeIgniter->handleRequest(null, Object(Config\Cache), false)
 4 SYSTEMPATH/Boot.php(363): CodeIgniter\CodeIgniter->run()
 5 SYSTEMPATH/Boot.php(68): CodeIgniter\Boot::runCodeIgniter(Object(CodeIgniter\CodeIgniter))
 6 FCPATH/index.php(59): CodeIgniter\Boot::bootWeb(Object(Config\Paths))
WARNING - 2025-12-30 08:22:38 --> [DEPRECATED] Creation of dynamic property App\Controllers\Portofolio::$nama is deprecated in APPPATH/Controllers/BaseController.php on line 44.
 1 SYSTEMPATH/CodeIgniter.php(904): App\Controllers\BaseController->initController(Object(CodeIgniter\HTTP\IncomingRequest), Object(CodeIgniter\HTTP\Response), Object(CodeIgniter\Log\Logger))
 2 SYSTEMPATH/CodeIgniter.php(498): CodeIgniter\CodeIgniter->createController()
 3 SYSTEMPATH/CodeIgniter.php(354): CodeIgniter\CodeIgniter->handleRequest(null, Object(Config\Cache), false)
 4 SYSTEMPATH/Boot.php(363): CodeIgniter\CodeIgniter->run()
 5 SYSTEMPATH/Boot.php(68): CodeIgniter\Boot::runCodeIgniter(Object(CodeIgniter\CodeIgniter))
 6 FCPATH/index.php(59): CodeIgniter\Boot::bootWeb(Object(Config\Paths))
WARNING - 2025-12-30 08:22:41 --> [DEPRECATED] Creation of dynamic property App\Controllers\Layanan::$nama is deprecated in APPPATH/Controllers/BaseController.php on line 44.
 1 SYSTEMPATH/CodeIgniter.php(904): App\Controllers\BaseController->initController(Object(CodeIgniter\HTTP\IncomingRequest), Object(CodeIgniter\HTTP\Response), Object(CodeIgniter\Log\Logger))
 2 SYSTEMPATH/CodeIgniter.php(498): CodeIgniter\CodeIgniter->createController()
 3 SYSTEMPATH/CodeIgniter.php(354): CodeIgniter\CodeIgniter->handleRequest(null, Object(Config\Cache), false)
 4 SYSTEMPATH/Boot.php(363): CodeIgniter\CodeIgniter->run()
 5 SYSTEMPATH/Boot.php(68): CodeIgniter\Boot::runCodeIgniter(Object(CodeIgniter\CodeIgniter))
 6 FCPATH/index.php(59): CodeIgniter\Boot::bootWeb(Object(Config\Paths))
WARNING - 2025-12-30 08:22:57 --> [DEPRECATED] Creation of dynamic property App\Controllers\Layanan::$nama is deprecated in APPPATH/Controllers/BaseController.php on line 44.
 1 SYSTEMPATH/CodeIgniter.php(904): App\Controllers\BaseController->initController(Object(CodeIgniter\HTTP\IncomingRequest), Object(CodeIgniter\HTTP\Response), Object(CodeIgniter\Log\Logger))
 2 SYSTEMPATH/CodeIgniter.php(498): CodeIgniter\CodeIgniter->createController()
 3 SYSTEMPATH/CodeIgniter.php(354): CodeIgniter\CodeIgniter->handleRequest(null, Object(Config\Cache), false)
 4 SYSTEMPATH/Boot.php(363): CodeIgniter\CodeIgniter->run()
 5 SYSTEMPATH/Boot.php(68): CodeIgniter\Boot::runCodeIgniter(Object(CodeIgniter\CodeIgniter))
 6 FCPATH/index.php(59): CodeIgniter\Boot::bootWeb(Object(Config\Paths))
WARNING - 2025-12-30 08:23:01 --> [DEPRECATED] Creation of dynamic property App\Controllers\Layanan::$nama is deprecated in APPPATH/Controllers/BaseController.php on line 44.
 1 SYSTEMPATH/CodeIgniter.php(904): App\Controllers\BaseController->initController(Object(CodeIgniter\HTTP\IncomingRequest), Object(CodeIgniter\HTTP\Response), Object(CodeIgniter\Log\Logger))
 2 SYSTEMPATH/CodeIgniter.php(498): CodeIgniter\CodeIgniter->createController()
 3 SYSTEMPATH/CodeIgniter.php(354): CodeIgniter\CodeIgniter->handleRequest(null, Object(Config\Cache), false)
 4 SYSTEMPATH/Boot.php(363): CodeIgniter\CodeIgniter->run()
 5 SYSTEMPATH/Boot.php(68): CodeIgniter\Boot::runCodeIgniter(Object(CodeIgniter\CodeIgniter))
 6 FCPATH/index.php(59): CodeIgniter\Boot::bootWeb(Object(Config\Paths))
WARNING - 2025-12-30 08:23:24 --> [DEPRECATED] Creation of dynamic property App\Controllers\Portofolio::$nama is deprecated in APPPATH/Controllers/BaseController.php on line 44.
 1 SYSTEMPATH/CodeIgniter.php(904): App\Controllers\BaseController->initController(Object(CodeIgniter\HTTP\IncomingRequest), Object(CodeIgniter\HTTP\Response), Object(CodeIgniter\Log\Logger))
 2 SYSTEMPATH/CodeIgniter.php(498): CodeIgniter\CodeIgniter->createController()
 3 SYSTEMPATH/CodeIgniter.php(354): CodeIgniter\CodeIgniter->handleRequest(null, Object(Config\Cache), false)
 4 SYSTEMPATH/Boot.php(363): CodeIgniter\CodeIgniter->run()
 5 SYSTEMPATH/Boot.php(68): CodeIgniter\Boot::runCodeIgniter(Object(CodeIgniter\CodeIgniter))
 6 FCPATH/index.php(59): CodeIgniter\Boot::bootWeb(Object(Config\Paths))
WARNING - 2025-12-30 08:23:27 --> [DEPRECATED] Creation of dynamic property App\Controllers\Layanan::$nama is deprecated in APPPATH/Controllers/BaseController.php on line 44.
 1 SYSTEMPATH/CodeIgniter.php(904): App\Controllers\BaseController->initController(Object(CodeIgniter\HTTP\IncomingRequest), Object(CodeIgniter\HTTP\Response), Object(CodeIgniter\Log\Logger))
 2 SYSTEMPATH/CodeIgniter.php(498): CodeIgniter\CodeIgniter->createController()
 3 SYSTEMPATH/CodeIgniter.php(354): CodeIgniter\CodeIgniter->handleRequest(null, Object(Config\Cache), false)
 4 SYSTEMPATH/Boot.php(363): CodeIgniter\CodeIgniter->run()
 5 SYSTEMPATH/Boot.php(68): CodeIgniter\Boot::runCodeIgniter(Object(CodeIgniter\CodeIgniter))
 6 FCPATH/index.php(59): CodeIgniter\Boot::bootWeb(Object(Config\Paths))
WARNING - 2025-12-30 08:23:53 --> [DEPRECATED] Creation of dynamic property App\Controllers\Portofolio::$nama is deprecated in APPPATH/Controllers/BaseController.php on line 44.
 1 SYSTEMPATH/CodeIgniter.php(904): App\Controllers\BaseController->initController(Object(CodeIgniter\HTTP\IncomingRequest), Object(CodeIgniter\HTTP\Response), Object(CodeIgniter\Log\Logger))
 2 SYSTEMPATH/CodeIgniter.php(498): CodeIgniter\CodeIgniter->createController()
 3 SYSTEMPATH/CodeIgniter.php(354): CodeIgniter\CodeIgniter->handleRequest(null, Object(Config\Cache), false)
 4 SYSTEMPATH/Boot.php(363): CodeIgniter\CodeIgniter->run()
 5 SYSTEMPATH/Boot.php(68): CodeIgniter\Boot::runCodeIgniter(Object(CodeIgniter\CodeIgniter))
 6 FCPATH/index.php(59): CodeIgniter\Boot::bootWeb(Object(Config\Paths))
WARNING - 2025-12-30 08:23:58 --> [DEPRECATED] Creation of dynamic property App\Controllers\Layanan::$nama is deprecated in APPPATH/Controllers/BaseController.php on line 44.
 1 SYSTEMPATH/CodeIgniter.php(904): App\Controllers\BaseController->initController(Object(CodeIgniter\HTTP\IncomingRequest), Object(CodeIgniter\HTTP\Response), Object(CodeIgniter\Log\Logger))
 2 SYSTEMPATH/CodeIgniter.php(498): CodeIgniter\CodeIgniter->createController()
 3 SYSTEMPATH/CodeIgniter.php(354): CodeIgniter\CodeIgniter->handleRequest(null, Object(Config\Cache), false)
 4 SYSTEMPATH/Boot.php(363): CodeIgniter\CodeIgniter->run()
 5 SYSTEMPATH/Boot.php(68): CodeIgniter\Boot::runCodeIgniter(Object(CodeIgniter\CodeIgniter))
 6 FCPATH/index.php(59): CodeIgniter\Boot::bootWeb(Object(Config\Paths))
WARNING - 2025-12-30 08:24:00 --> [DEPRECATED] Creation of dynamic property App\Controllers\Beranda::$nama is deprecated in APPPATH/Controllers/BaseController.php on line 44.
 1 SYSTEMPATH/CodeIgniter.php(904): App\Controllers\BaseController->initController(Object(CodeIgniter\HTTP\IncomingRequest), Object(CodeIgniter\HTTP\Response), Object(CodeIgniter\Log\Logger))
 2 SYSTEMPATH/CodeIgniter.php(498): CodeIgniter\CodeIgniter->createController()
 3 SYSTEMPATH/CodeIgniter.php(354): CodeIgniter\CodeIgniter->handleRequest(null, Object(Config\Cache), false)
 4 SYSTEMPATH/Boot.php(363): CodeIgniter\CodeIgniter->run()
 5 SYSTEMPATH/Boot.php(68): CodeIgniter\Boot::runCodeIgniter(Object(CodeIgniter\CodeIgniter))
 6 FCPATH/index.php(59): CodeIgniter\Boot::bootWeb(Object(Config\Paths))
WARNING - 2025-12-30 08:24:03 --> [DEPRECATED] Creation of dynamic property App\Controllers\Layanan::$nama is deprecated in APPPATH/Controllers/BaseController.php on line 44.
 1 SYSTEMPATH/CodeIgniter.php(904): App\Controllers\BaseController->initController(Object(CodeIgniter\HTTP\IncomingRequest), Object(CodeIgniter\HTTP\Response), Object(CodeIgniter\Log\Logger))
 2 SYSTEMPATH/CodeIgniter.php(498): CodeIgniter\CodeIgniter->createController()
 3 SYSTEMPATH/CodeIgniter.php(354): CodeIgniter\CodeIgniter->handleRequest(null, Object(Config\Cache), false)
 4 SYSTEMPATH/Boot.php(363): CodeIgniter\CodeIgniter->run()
 5 SYSTEMPATH/Boot.php(68): CodeIgniter\Boot::runCodeIgniter(Object(CodeIgniter\CodeIgniter))
 6 FCPATH/index.php(59): CodeIgniter\Boot::bootWeb(Object(Config\Paths))
WARNING - 2025-12-30 08:24:21 --> [DEPRECATED] Creation of dynamic property App\Controllers\Layanan::$nama is deprecated in APPPATH/Controllers/BaseController.php on line 44.
 1 SYSTEMPATH/CodeIgniter.php(904): App\Controllers\BaseController->initController(Object(CodeIgniter\HTTP\IncomingRequest), Object(CodeIgniter\HTTP\Response), Object(CodeIgniter\Log\Logger))
 2 SYSTEMPATH/CodeIgniter.php(498): CodeIgniter\CodeIgniter->createController()
 3 SYSTEMPATH/CodeIgniter.php(354): CodeIgniter\CodeIgniter->handleRequest(null, Object(Config\Cache), false)
 4 SYSTEMPATH/Boot.php(363): CodeIgniter\CodeIgniter->run()
 5 SYSTEMPATH/Boot.php(68): CodeIgniter\Boot::runCodeIgniter(Object(CodeIgniter\CodeIgniter))
 6 FCPATH/index.php(59): CodeIgniter\Boot::bootWeb(Object(Config\Paths))
WARNING - 2025-12-30 08:24:27 --> [DEPRECATED] Creation of dynamic property App\Controllers\Layanan::$nama is deprecated in APPPATH/Controllers/BaseController.php on line 44.
 1 SYSTEMPATH/CodeIgniter.php(904): App\Controllers\BaseController->initController(Object(CodeIgniter\HTTP\IncomingRequest), Object(CodeIgniter\HTTP\Response), Object(CodeIgniter\Log\Logger))
 2 SYSTEMPATH/CodeIgniter.php(498): CodeIgniter\CodeIgniter->createController()
 3 SYSTEMPATH/CodeIgniter.php(354): CodeIgniter\CodeIgniter->handleRequest(null, Object(Config\Cache), false)
 4 SYSTEMPATH/Boot.php(363): CodeIgniter\CodeIgniter->run()
 5 SYSTEMPATH/Boot.php(68): CodeIgniter\Boot::runCodeIgniter(Object(CodeIgniter\CodeIgniter))
 6 FCPATH/index.php(59): CodeIgniter\Boot::bootWeb(Object(Config\Paths))
WARNING - 2025-12-30 08:24:34 --> [DEPRECATED] Creation of dynamic property App\Controllers\Layanan::$nama is deprecated in APPPATH/Controllers/BaseController.php on line 44.
 1 SYSTEMPATH/CodeIgniter.php(904): App\Controllers\BaseController->initController(Object(CodeIgniter\HTTP\IncomingRequest), Object(CodeIgniter\HTTP\Response), Object(CodeIgniter\Log\Logger))
 2 SYSTEMPATH/CodeIgniter.php(498): CodeIgniter\CodeIgniter->createController()
 3 SYSTEMPATH/CodeIgniter.php(354): CodeIgniter\CodeIgniter->handleRequest(null, Object(Config\Cache), false)
 4 SYSTEMPATH/Boot.php(363): CodeIgniter\CodeIgniter->run()
 5 SYSTEMPATH/Boot.php(68): CodeIgniter\Boot::runCodeIgniter(Object(CodeIgniter\CodeIgniter))
 6 FCPATH/index.php(59): CodeIgniter\Boot::bootWeb(Object(Config\Paths))
WARNING - 2025-12-30 08:24:48 --> [DEPRECATED] Creation of dynamic property App\Controllers\Layanan::$nama is deprecated in APPPATH/Controllers/BaseController.php on line 44.
 1 SYSTEMPATH/CodeIgniter.php(904): App\Controllers\BaseController->initController(Object(CodeIgniter\HTTP\IncomingRequest), Object(CodeIgniter\HTTP\Response), Object(CodeIgniter\Log\Logger))
 2 SYSTEMPATH/CodeIgniter.php(498): CodeIgniter\CodeIgniter->createController()
 3 SYSTEMPATH/CodeIgniter.php(354): CodeIgniter\CodeIgniter->handleRequest(null, Object(Config\Cache), false)
 4 SYSTEMPATH/Boot.php(363): CodeIgniter\CodeIgniter->run()
 5 SYSTEMPATH/Boot.php(68): CodeIgniter\Boot::runCodeIgniter(Object(CodeIgniter\CodeIgniter))
 6 FCPATH/index.php(59): CodeIgniter\Boot::bootWeb(Object(Config\Paths))
WARNING - 2025-12-30 08:24:57 --> [DEPRECATED] Creation of dynamic property App\Controllers\Beranda::$nama is deprecated in APPPATH/Controllers/BaseController.php on line 44.
 1 SYSTEMPATH/CodeIgniter.php(904): App\Controllers\BaseController->initController(Object(CodeIgniter\HTTP\IncomingRequest), Object(CodeIgniter\HTTP\Response), Object(CodeIgniter\Log\Logger))
 2 SYSTEMPATH/CodeIgniter.php(498): CodeIgniter\CodeIgniter->createController()
 3 SYSTEMPATH/CodeIgniter.php(354): CodeIgniter\CodeIgniter->handleRequest(null, Object(Config\Cache), false)
 4 SYSTEMPATH/Boot.php(363): CodeIgniter\CodeIgniter->run()
 5 SYSTEMPATH/Boot.php(68): CodeIgniter\Boot::runCodeIgniter(Object(CodeIgniter\CodeIgniter))
 6 FCPATH/index.php(59): CodeIgniter\Boot::bootWeb(Object(Config\Paths))
WARNING - 2025-12-30 08:25:16 --> [DEPRECATED] Creation of dynamic property App\Controllers\Layanan::$nama is deprecated in APPPATH/Controllers/BaseController.php on line 44.
 1 SYSTEMPATH/CodeIgniter.php(904): App\Controllers\BaseController->initController(Object(CodeIgniter\HTTP\IncomingRequest), Object(CodeIgniter\HTTP\Response), Object(CodeIgniter\Log\Logger))
 2 SYSTEMPATH/CodeIgniter.php(498): CodeIgniter\CodeIgniter->createController()
 3 SYSTEMPATH/CodeIgniter.php(354): CodeIgniter\CodeIgniter->handleRequest(null, Object(Config\Cache), false)
 4 SYSTEMPATH/Boot.php(363): CodeIgniter\CodeIgniter->run()
 5 SYSTEMPATH/Boot.php(68): CodeIgniter\Boot::runCodeIgniter(Object(CodeIgniter\CodeIgniter))
 6 FCPATH/index.php(59): CodeIgniter\Boot::bootWeb(Object(Config\Paths))
WARNING - 2025-12-30 08:25:23 --> [DEPRECATED] Creation of dynamic property App\Controllers\Layanan::$nama is deprecated in APPPATH/Controllers/BaseController.php on line 44.
 1 SYSTEMPATH/CodeIgniter.php(904): App\Controllers\BaseController->initController(Object(CodeIgniter\HTTP\IncomingRequest), Object(CodeIgniter\HTTP\Response), Object(CodeIgniter\Log\Logger))
 2 SYSTEMPATH/CodeIgniter.php(498): CodeIgniter\CodeIgniter->createController()
 3 SYSTEMPATH/CodeIgniter.php(354): CodeIgniter\CodeIgniter->handleRequest(null, Object(Config\Cache), false)
 4 SYSTEMPATH/Boot.php(363): CodeIgniter\CodeIgniter->run()
 5 SYSTEMPATH/Boot.php(68): CodeIgniter\Boot::runCodeIgniter(Object(CodeIgniter\CodeIgniter))
 6 FCPATH/index.php(59): CodeIgniter\Boot::bootWeb(Object(Config\Paths))
WARNING - 2025-12-30 08:25:26 --> [DEPRECATED] Creation of dynamic property App\Controllers\Layanan::$nama is deprecated in APPPATH/Controllers/BaseController.php on line 44.
 1 SYSTEMPATH/CodeIgniter.php(904): App\Controllers\BaseController->initController(Object(CodeIgniter\HTTP\IncomingRequest), Object(CodeIgniter\HTTP\Response), Object(CodeIgniter\Log\Logger))
 2 SYSTEMPATH/CodeIgniter.php(498): CodeIgniter\CodeIgniter->createController()
 3 SYSTEMPATH/CodeIgniter.php(354): CodeIgniter\CodeIgniter->handleRequest(null, Object(Config\Cache), false)
 4 SYSTEMPATH/Boot.php(363): CodeIgniter\CodeIgniter->run()
 5 SYSTEMPATH/Boot.php(68): CodeIgniter\Boot::runCodeIgniter(Object(CodeIgniter\CodeIgniter))
 6 FCPATH/index.php(59): CodeIgniter\Boot::bootWeb(Object(Config\Paths))
WARNING - 2025-12-30 08:25:49 --> [DEPRECATED] Creation of dynamic property App\Controllers\Layanan::$nama is deprecated in APPPATH/Controllers/BaseController.php on line 44.
 1 SYSTEMPATH/CodeIgniter.php(904): App\Controllers\BaseController->initController(Object(CodeIgniter\HTTP\IncomingRequest), Object(CodeIgniter\HTTP\Response), Object(CodeIgniter\Log\Logger))
 2 SYSTEMPATH/CodeIgniter.php(498): CodeIgniter\CodeIgniter->createController()
 3 SYSTEMPATH/CodeIgniter.php(354): CodeIgniter\CodeIgniter->handleRequest(null, Object(Config\Cache), false)
 4 SYSTEMPATH/Boot.php(363): CodeIgniter\CodeIgniter->run()
 5 SYSTEMPATH/Boot.php(68): CodeIgniter\Boot::runCodeIgniter(Object(CodeIgniter\CodeIgniter))
 6 FCPATH/index.php(59): CodeIgniter\Boot::bootWeb(Object(Config\Paths))
WARNING - 2025-12-30 08:26:00 --> [DEPRECATED] Creation of dynamic property App\Controllers\Layanan::$nama is deprecated in APPPATH/Controllers/BaseController.php on line 44.
 1 SYSTEMPATH/CodeIgniter.php(904): App\Controllers\BaseController->initController(Object(CodeIgniter\HTTP\IncomingRequest), Object(CodeIgniter\HTTP\Response), Object(CodeIgniter\Log\Logger))
 2 SYSTEMPATH/CodeIgniter.php(498): CodeIgniter\CodeIgniter->createController()
 3 SYSTEMPATH/CodeIgniter.php(354): CodeIgniter\CodeIgniter->handleRequest(null, Object(Config\Cache), false)
 4 SYSTEMPATH/Boot.php(363): CodeIgniter\CodeIgniter->run()
 5 SYSTEMPATH/Boot.php(68): CodeIgniter\Boot::runCodeIgniter(Object(CodeIgniter\CodeIgniter))
 6 FCPATH/index.php(59): CodeIgniter\Boot::bootWeb(Object(Config\Paths))
WARNING - 2025-12-30 08:26:34 --> [DEPRECATED] Creation of dynamic property App\Controllers\Home::$nama is deprecated in APPPATH/Controllers/BaseController.php on line 44.
 1 SYSTEMPATH/CodeIgniter.php(904): App\Controllers\BaseController->initController(Object(CodeIgniter\HTTP\IncomingRequest), Object(CodeIgniter\HTTP\Response), Object(CodeIgniter\Log\Logger))
 2 SYSTEMPATH/CodeIgniter.php(498): CodeIgniter\CodeIgniter->createController()
 3 SYSTEMPATH/CodeIgniter.php(354): CodeIgniter\CodeIgniter->handleRequest(null, Object(Config\Cache), false)
 4 SYSTEMPATH/Boot.php(363): CodeIgniter\CodeIgniter->run()
 5 SYSTEMPATH/Boot.php(68): CodeIgniter\Boot::runCodeIgniter(Object(CodeIgniter\CodeIgniter))
 6 FCPATH/index.php(59): CodeIgniter\Boot::bootWeb(Object(Config\Paths))
WARNING - 2025-12-30 08:26:37 --> [DEPRECATED] Creation of dynamic property App\Controllers\Layanan::$nama is deprecated in APPPATH/Controllers/BaseController.php on line 44.
 1 SYSTEMPATH/CodeIgniter.php(904): App\Controllers\BaseController->initController(Object(CodeIgniter\HTTP\IncomingRequest), Object(CodeIgniter\HTTP\Response), Object(CodeIgniter\Log\Logger))
 2 SYSTEMPATH/CodeIgniter.php(498): CodeIgniter\CodeIgniter->createController()
 3 SYSTEMPATH/CodeIgniter.php(354): CodeIgniter\CodeIgniter->handleRequest(null, Object(Config\Cache), false)
 4 SYSTEMPATH/Boot.php(363): CodeIgniter\CodeIgniter->run()
 5 SYSTEMPATH/Boot.php(68): CodeIgniter\Boot::runCodeIgniter(Object(CodeIgniter\CodeIgniter))
 6 FCPATH/index.php(59): CodeIgniter\Boot::bootWeb(Object(Config\Paths))
WARNING - 2025-12-30 08:34:00 --> [DEPRECATED] Creation of dynamic property App\Controllers\Layanan::$nama is deprecated in APPPATH/Controllers/BaseController.php on line 44.
 1 SYSTEMPATH/CodeIgniter.php(904): App\Controllers\BaseController->initController(Object(CodeIgniter\HTTP\IncomingRequest), Object(CodeIgniter\HTTP\Response), Object(CodeIgniter\Log\Logger))
 2 SYSTEMPATH/CodeIgniter.php(498): CodeIgniter\CodeIgniter->createController()
 3 SYSTEMPATH/CodeIgniter.php(354): CodeIgniter\CodeIgniter->handleRequest(null, Object(Config\Cache), false)
 4 SYSTEMPATH/Boot.php(363): CodeIgniter\CodeIgniter->run()
 5 SYSTEMPATH/Boot.php(68): CodeIgniter\Boot::runCodeIgniter(Object(CodeIgniter\CodeIgniter))
 6 FCPATH/index.php(59): CodeIgniter\Boot::bootWeb(Object(Config\Paths))
WARNING - 2025-12-30 09:08:43 --> [DEPRECATED] Creation of dynamic property App\Controllers\Layanan::$nama is deprecated in APPPATH/Controllers/BaseController.php on line 44.
 1 SYSTEMPATH/CodeIgniter.php(904): App\Controllers\BaseController->initController(Object(CodeIgniter\HTTP\IncomingRequest), Object(CodeIgniter\HTTP\Response), Object(CodeIgniter\Log\Logger))
 2 SYSTEMPATH/CodeIgniter.php(498): CodeIgniter\CodeIgniter->createController()
 3 SYSTEMPATH/CodeIgniter.php(354): CodeIgniter\CodeIgniter->handleRequest(null, Object(Config\Cache), false)
 4 SYSTEMPATH/Boot.php(363): CodeIgniter\CodeIgniter->run()
 5 SYSTEMPATH/Boot.php(68): CodeIgniter\Boot::runCodeIgniter(Object(CodeIgniter\CodeIgniter))
 6 FCPATH/index.php(59): CodeIgniter\Boot::bootWeb(Object(Config\Paths))
WARNING - 2025-12-30 09:08:45 --> [DEPRECATED] Creation of dynamic property App\Controllers\Layanan::$nama is deprecated in APPPATH/Controllers/BaseController.php on line 44.
 1 SYSTEMPATH/CodeIgniter.php(904): App\Controllers\BaseController->initController(Object(CodeIgniter\HTTP\IncomingRequest), Object(CodeIgniter\HTTP\Response), Object(CodeIgniter\Log\Logger))
 2 SYSTEMPATH/CodeIgniter.php(498): CodeIgniter\CodeIgniter->createController()
 3 SYSTEMPATH/CodeIgniter.php(354): CodeIgniter\CodeIgniter->handleRequest(null, Object(Config\Cache), false)
 4 SYSTEMPATH/Boot.php(363): CodeIgniter\CodeIgniter->run()
 5 SYSTEMPATH/Boot.php(68): CodeIgniter\Boot::runCodeIgniter(Object(CodeIgniter\CodeIgniter))
 6 FCPATH/index.php(59): CodeIgniter\Boot::bootWeb(Object(Config\Paths))
WARNING - 2025-12-30 09:08:50 --> [DEPRECATED] Creation of dynamic property App\Controllers\Layanan::$nama is deprecated in APPPATH/Controllers/BaseController.php on line 44.
 1 SYSTEMPATH/CodeIgniter.php(904): App\Controllers\BaseController->initController(Object(CodeIgniter\HTTP\IncomingRequest), Object(CodeIgniter\HTTP\Response), Object(CodeIgniter\Log\Logger))
 2 SYSTEMPATH/CodeIgniter.php(498): CodeIgniter\CodeIgniter->createController()
 3 SYSTEMPATH/CodeIgniter.php(354): CodeIgniter\CodeIgniter->handleRequest(null, Object(Config\Cache), false)
 4 SYSTEMPATH/Boot.php(363): CodeIgniter\CodeIgniter->run()
 5 SYSTEMPATH/Boot.php(68): CodeIgniter\Boot::runCodeIgniter(Object(CodeIgniter\CodeIgniter))
 6 FCPATH/index.php(59): CodeIgniter\Boot::bootWeb(Object(Config\Paths))
WARNING - 2025-12-30 09:08:54 --> [DEPRECATED] Creation of dynamic property App\Controllers\Layanan::$nama is deprecated in APPPATH/Controllers/BaseController.php on line 44.
 1 SYSTEMPATH/CodeIgniter.php(904): App\Controllers\BaseController->initController(Object(CodeIgniter\HTTP\IncomingRequest), Object(CodeIgniter\HTTP\Response), Object(CodeIgniter\Log\Logger))
 2 SYSTEMPATH/CodeIgniter.php(498): CodeIgniter\CodeIgniter->createController()
 3 SYSTEMPATH/CodeIgniter.php(354): CodeIgniter\CodeIgniter->handleRequest(null, Object(Config\Cache), false)
 4 SYSTEMPATH/Boot.php(363): CodeIgniter\CodeIgniter->run()
 5 SYSTEMPATH/Boot.php(68): CodeIgniter\Boot::runCodeIgniter(Object(CodeIgniter\CodeIgniter))
 6 FCPATH/index.php(59): CodeIgniter\Boot::bootWeb(Object(Config\Paths))
WARNING - 2025-12-30 09:09:59 --> [DEPRECATED] Creation of dynamic property App\Controllers\Layanan::$nama is deprecated in APPPATH/Controllers/BaseController.php on line 44.
 1 SYSTEMPATH/CodeIgniter.php(904): App\Controllers\BaseController->initController(Object(CodeIgniter\HTTP\IncomingRequest), Object(CodeIgniter\HTTP\Response), Object(CodeIgniter\Log\Logger))
 2 SYSTEMPATH/CodeIgniter.php(498): CodeIgniter\CodeIgniter->createController()
 3 SYSTEMPATH/CodeIgniter.php(354): CodeIgniter\CodeIgniter->handleRequest(null, Object(Config\Cache), false)
 4 SYSTEMPATH/Boot.php(363): CodeIgniter\CodeIgniter->run()
 5 SYSTEMPATH/Boot.php(68): CodeIgniter\Boot::runCodeIgniter(Object(CodeIgniter\CodeIgniter))
 6 FCPATH/index.php(59): CodeIgniter\Boot::bootWeb(Object(Config\Paths))
WARNING - 2025-12-30 09:10:30 --> [DEPRECATED] Creation of dynamic property App\Controllers\Layanan::$nama is deprecated in APPPATH/Controllers/BaseController.php on line 44.
 1 SYSTEMPATH/CodeIgniter.php(904): App\Controllers\BaseController->initController(Object(CodeIgniter\HTTP\IncomingRequest), Object(CodeIgniter\HTTP\Response), Object(CodeIgniter\Log\Logger))
 2 SYSTEMPATH/CodeIgniter.php(498): CodeIgniter\CodeIgniter->createController()
 3 SYSTEMPATH/CodeIgniter.php(354): CodeIgniter\CodeIgniter->handleRequest(null, Object(Config\Cache), false)
 4 SYSTEMPATH/Boot.php(363): CodeIgniter\CodeIgniter->run()
 5 SYSTEMPATH/Boot.php(68): CodeIgniter\Boot::runCodeIgniter(Object(CodeIgniter\CodeIgniter))
 6 FCPATH/index.php(59): CodeIgniter\Boot::bootWeb(Object(Config\Paths))
WARNING - 2025-12-30 09:10:46 --> [DEPRECATED] Creation of dynamic property App\Controllers\Layanan::$nama is deprecated in APPPATH/Controllers/BaseController.php on line 44.
 1 SYSTEMPATH/CodeIgniter.php(904): App\Controllers\BaseController->initController(Object(CodeIgniter\HTTP\IncomingRequest), Object(CodeIgniter\HTTP\Response), Object(CodeIgniter\Log\Logger))
 2 SYSTEMPATH/CodeIgniter.php(498): CodeIgniter\CodeIgniter->createController()
 3 SYSTEMPATH/CodeIgniter.php(354): CodeIgniter\CodeIgniter->handleRequest(null, Object(Config\Cache), false)
 4 SYSTEMPATH/Boot.php(363): CodeIgniter\CodeIgniter->run()
 5 SYSTEMPATH/Boot.php(68): CodeIgniter\Boot::runCodeIgniter(Object(CodeIgniter\CodeIgniter))
 6 FCPATH/index.php(59): CodeIgniter\Boot::bootWeb(Object(Config\Paths))
WARNING - 2025-12-30 09:10:57 --> [DEPRECATED] Creation of dynamic property App\Controllers\Layanan::$nama is deprecated in APPPATH/Controllers/BaseController.php on line 44.
 1 SYSTEMPATH/CodeIgniter.php(904): App\Controllers\BaseController->initController(Object(CodeIgniter\HTTP\IncomingRequest), Object(CodeIgniter\HTTP\Response), Object(CodeIgniter\Log\Logger))
 2 SYSTEMPATH/CodeIgniter.php(498): CodeIgniter\CodeIgniter->createController()
 3 SYSTEMPATH/CodeIgniter.php(354): CodeIgniter\CodeIgniter->handleRequest(null, Object(Config\Cache), false)
 4 SYSTEMPATH/Boot.php(363): CodeIgniter\CodeIgniter->run()
 5 SYSTEMPATH/Boot.php(68): CodeIgniter\Boot::runCodeIgniter(Object(CodeIgniter\CodeIgniter))
 6 FCPATH/index.php(59): CodeIgniter\Boot::bootWeb(Object(Config\Paths))
WARNING - 2025-12-30 09:11:00 --> [DEPRECATED] Creation of dynamic property App\Controllers\Layanan::$nama is deprecated in APPPATH/Controllers/BaseController.php on line 44.
 1 SYSTEMPATH/CodeIgniter.php(904): App\Controllers\BaseController->initController(Object(CodeIgniter\HTTP\IncomingRequest), Object(CodeIgniter\HTTP\Response), Object(CodeIgniter\Log\Logger))
 2 SYSTEMPATH/CodeIgniter.php(498): CodeIgniter\CodeIgniter->createController()
 3 SYSTEMPATH/CodeIgniter.php(354): CodeIgniter\CodeIgniter->handleRequest(null, Object(Config\Cache), false)
 4 SYSTEMPATH/Boot.php(363): CodeIgniter\CodeIgniter->run()
 5 SYSTEMPATH/Boot.php(68): CodeIgniter\Boot::runCodeIgniter(Object(CodeIgniter\CodeIgniter))
 6 FCPATH/index.php(59): CodeIgniter\Boot::bootWeb(Object(Config\Paths))
WARNING - 2025-12-30 09:11:03 --> [DEPRECATED] Creation of dynamic property App\Controllers\Portofolio::$nama is deprecated in APPPATH/Controllers/BaseController.php on line 44.
 1 SYSTEMPATH/CodeIgniter.php(904): App\Controllers\BaseController->initController(Object(CodeIgniter\HTTP\IncomingRequest), Object(CodeIgniter\HTTP\Response), Object(CodeIgniter\Log\Logger))
 2 SYSTEMPATH/CodeIgniter.php(498): CodeIgniter\CodeIgniter->createController()
 3 SYSTEMPATH/CodeIgniter.php(354): CodeIgniter\CodeIgniter->handleRequest(null, Object(Config\Cache), false)
 4 SYSTEMPATH/Boot.php(363): CodeIgniter\CodeIgniter->run()
 5 SYSTEMPATH/Boot.php(68): CodeIgniter\Boot::runCodeIgniter(Object(CodeIgniter\CodeIgniter))
 6 FCPATH/index.php(59): CodeIgniter\Boot::bootWeb(Object(Config\Paths))
WARNING - 2025-12-30 09:12:44 --> [DEPRECATED] Creation of dynamic property App\Controllers\Layanan::$nama is deprecated in APPPATH/Controllers/BaseController.php on line 44.
 1 SYSTEMPATH/CodeIgniter.php(904): App\Controllers\BaseController->initController(Object(CodeIgniter\HTTP\IncomingRequest), Object(CodeIgniter\HTTP\Response), Object(CodeIgniter\Log\Logger))
 2 SYSTEMPATH/CodeIgniter.php(498): CodeIgniter\CodeIgniter->createController()
 3 SYSTEMPATH/CodeIgniter.php(354): CodeIgniter\CodeIgniter->handleRequest(null, Object(Config\Cache), false)
 4 SYSTEMPATH/Boot.php(363): CodeIgniter\CodeIgniter->run()
 5 SYSTEMPATH/Boot.php(68): CodeIgniter\Boot::runCodeIgniter(Object(CodeIgniter\CodeIgniter))
 6 FCPATH/index.php(59): CodeIgniter\Boot::bootWeb(Object(Config\Paths))
WARNING - 2025-12-30 09:12:48 --> [DEPRECATED] Creation of dynamic property App\Controllers\Layanan::$nama is deprecated in APPPATH/Controllers/BaseController.php on line 44.
 1 SYSTEMPATH/CodeIgniter.php(904): App\Controllers\BaseController->initController(Object(CodeIgniter\HTTP\IncomingRequest), Object(CodeIgniter\HTTP\Response), Object(CodeIgniter\Log\Logger))
 2 SYSTEMPATH/CodeIgniter.php(498): CodeIgniter\CodeIgniter->createController()
 3 SYSTEMPATH/CodeIgniter.php(354): CodeIgniter\CodeIgniter->handleRequest(null, Object(Config\Cache), false)
 4 SYSTEMPATH/Boot.php(363): CodeIgniter\CodeIgniter->run()
 5 SYSTEMPATH/Boot.php(68): CodeIgniter\Boot::runCodeIgniter(Object(CodeIgniter\CodeIgniter))
 6 FCPATH/index.php(59): CodeIgniter\Boot::bootWeb(Object(Config\Paths))
WARNING - 2025-12-30 09:13:20 --> [DEPRECATED] Creation of dynamic property App\Controllers\Layanan::$nama is deprecated in APPPATH/Controllers/BaseController.php on line 44.
 1 SYSTEMPATH/CodeIgniter.php(904): App\Controllers\BaseController->initController(Object(CodeIgniter\HTTP\IncomingRequest), Object(CodeIgniter\HTTP\Response), Object(CodeIgniter\Log\Logger))
 2 SYSTEMPATH/CodeIgniter.php(498): CodeIgniter\CodeIgniter->createController()
 3 SYSTEMPATH/CodeIgniter.php(354): CodeIgniter\CodeIgniter->handleRequest(null, Object(Config\Cache), false)
 4 SYSTEMPATH/Boot.php(363): CodeIgniter\CodeIgniter->run()
 5 SYSTEMPATH/Boot.php(68): CodeIgniter\Boot::runCodeIgniter(Object(CodeIgniter\CodeIgniter))
 6 FCPATH/index.php(59): CodeIgniter\Boot::bootWeb(Object(Config\Paths))
WARNING - 2025-12-30 09:13:56 --> [DEPRECATED] Creation of dynamic property App\Controllers\Home::$nama is deprecated in APPPATH/Controllers/BaseController.php on line 44.
 1 SYSTEMPATH/CodeIgniter.php(904): App\Controllers\BaseController->initController(Object(CodeIgniter\HTTP\IncomingRequest), Object(CodeIgniter\HTTP\Response), Object(CodeIgniter\Log\Logger))
 2 SYSTEMPATH/CodeIgniter.php(498): CodeIgniter\CodeIgniter->createController()
 3 SYSTEMPATH/CodeIgniter.php(354): CodeIgniter\CodeIgniter->handleRequest(null, Object(Config\Cache), false)
 4 SYSTEMPATH/Boot.php(363): CodeIgniter\CodeIgniter->run()
 5 SYSTEMPATH/Boot.php(68): CodeIgniter\Boot::runCodeIgniter(Object(CodeIgniter\CodeIgniter))
 6 FCPATH/index.php(59): CodeIgniter\Boot::bootWeb(Object(Config\Paths))
WARNING - 2025-12-30 09:13:59 --> [DEPRECATED] Creation of dynamic property App\Controllers\Layanan::$nama is deprecated in APPPATH/Controllers/BaseController.php on line 44.
 1 SYSTEMPATH/CodeIgniter.php(904): App\Controllers\BaseController->initController(Object(CodeIgniter\HTTP\IncomingRequest), Object(CodeIgniter\HTTP\Response), Object(CodeIgniter\Log\Logger))
 2 SYSTEMPATH/CodeIgniter.php(498): CodeIgniter\CodeIgniter->createController()
 3 SYSTEMPATH/CodeIgniter.php(354): CodeIgniter\CodeIgniter->handleRequest(null, Object(Config\Cache), false)
 4 SYSTEMPATH/Boot.php(363): CodeIgniter\CodeIgniter->run()
 5 SYSTEMPATH/Boot.php(68): CodeIgniter\Boot::runCodeIgniter(Object(CodeIgniter\CodeIgniter))
 6 FCPATH/index.php(59): CodeIgniter\Boot::bootWeb(Object(Config\Paths))
WARNING - 2025-12-30 09:14:05 --> [DEPRECATED] Creation of dynamic property App\Controllers\Layanan::$nama is deprecated in APPPATH/Controllers/BaseController.php on line 44.
 1 SYSTEMPATH/CodeIgniter.php(904): App\Controllers\BaseController->initController(Object(CodeIgniter\HTTP\IncomingRequest), Object(CodeIgniter\HTTP\Response), Object(CodeIgniter\Log\Logger))
 2 SYSTEMPATH/CodeIgniter.php(498): CodeIgniter\CodeIgniter->createController()
 3 SYSTEMPATH/CodeIgniter.php(354): CodeIgniter\CodeIgniter->handleRequest(null, Object(Config\Cache), false)
 4 SYSTEMPATH/Boot.php(363): CodeIgniter\CodeIgniter->run()
 5 SYSTEMPATH/Boot.php(68): CodeIgniter\Boot::runCodeIgniter(Object(CodeIgniter\CodeIgniter))
 6 FCPATH/index.php(59): CodeIgniter\Boot::bootWeb(Object(Config\Paths))
WARNING - 2025-12-30 09:14:35 --> [DEPRECATED] Creation of dynamic property App\Controllers\Home::$nama is deprecated in APPPATH/Controllers/BaseController.php on line 44.
 1 SYSTEMPATH/CodeIgniter.php(904): App\Controllers\BaseController->initController(Object(CodeIgniter\HTTP\IncomingRequest), Object(CodeIgniter\HTTP\Response), Object(CodeIgniter\Log\Logger))
 2 SYSTEMPATH/CodeIgniter.php(498): CodeIgniter\CodeIgniter->createController()
 3 SYSTEMPATH/CodeIgniter.php(354): CodeIgniter\CodeIgniter->handleRequest(null, Object(Config\Cache), false)
 4 SYSTEMPATH/Boot.php(363): CodeIgniter\CodeIgniter->run()
 5 SYSTEMPATH/Boot.php(68): CodeIgniter\Boot::runCodeIgniter(Object(CodeIgniter\CodeIgniter))
 6 FCPATH/index.php(59): CodeIgniter\Boot::bootWeb(Object(Config\Paths))
WARNING - 2025-12-30 09:14:37 --> [DEPRECATED] Creation of dynamic property App\Controllers\Layanan::$nama is deprecated in APPPATH/Controllers/BaseController.php on line 44.
 1 SYSTEMPATH/CodeIgniter.php(904): App\Controllers\BaseController->initController(Object(CodeIgniter\HTTP\IncomingRequest), Object(CodeIgniter\HTTP\Response), Object(CodeIgniter\Log\Logger))
 2 SYSTEMPATH/CodeIgniter.php(498): CodeIgniter\CodeIgniter->createController()
 3 SYSTEMPATH/CodeIgniter.php(354): CodeIgniter\CodeIgniter->handleRequest(null, Object(Config\Cache), false)
 4 SYSTEMPATH/Boot.php(363): CodeIgniter\CodeIgniter->run()
 5 SYSTEMPATH/Boot.php(68): CodeIgniter\Boot::runCodeIgniter(Object(CodeIgniter\CodeIgniter))
 6 FCPATH/index.php(59): CodeIgniter\Boot::bootWeb(Object(Config\Paths))
WARNING - 2025-12-30 09:14:42 --> [DEPRECATED] Creation of dynamic property App\Controllers\Layanan::$nama is deprecated in APPPATH/Controllers/BaseController.php on line 44.
 1 SYSTEMPATH/CodeIgniter.php(904): App\Controllers\BaseController->initController(Object(CodeIgniter\HTTP\IncomingRequest), Object(CodeIgniter\HTTP\Response), Object(CodeIgniter\Log\Logger))
 2 SYSTEMPATH/CodeIgniter.php(498): CodeIgniter\CodeIgniter->createController()
 3 SYSTEMPATH/CodeIgniter.php(354): CodeIgniter\CodeIgniter->handleRequest(null, Object(Config\Cache), false)
 4 SYSTEMPATH/Boot.php(363): CodeIgniter\CodeIgniter->run()
 5 SYSTEMPATH/Boot.php(68): CodeIgniter\Boot::runCodeIgniter(Object(CodeIgniter\CodeIgniter))
 6 FCPATH/index.php(59): CodeIgniter\Boot::bootWeb(Object(Config\Paths))
WARNING - 2025-12-30 09:14:58 --> [DEPRECATED] Creation of dynamic property App\Controllers\Layanan::$nama is deprecated in APPPATH/Controllers/BaseController.php on line 44.
 1 SYSTEMPATH/CodeIgniter.php(904): App\Controllers\BaseController->initController(Object(CodeIgniter\HTTP\IncomingRequest), Object(CodeIgniter\HTTP\Response), Object(CodeIgniter\Log\Logger))
 2 SYSTEMPATH/CodeIgniter.php(498): CodeIgniter\CodeIgniter->createController()
 3 SYSTEMPATH/CodeIgniter.php(354): CodeIgniter\CodeIgniter->handleRequest(null, Object(Config\Cache), false)
 4 SYSTEMPATH/Boot.php(363): CodeIgniter\CodeIgniter->run()
 5 SYSTEMPATH/Boot.php(68): CodeIgniter\Boot::runCodeIgniter(Object(CodeIgniter\CodeIgniter))
 6 FCPATH/index.php(59): CodeIgniter\Boot::bootWeb(Object(Config\Paths))
WARNING - 2025-12-30 09:15:12 --> [DEPRECATED] Creation of dynamic property App\Controllers\Layanan::$nama is deprecated in APPPATH/Controllers/BaseController.php on line 44.
 1 SYSTEMPATH/CodeIgniter.php(904): App\Controllers\BaseController->initController(Object(CodeIgniter\HTTP\IncomingRequest), Object(CodeIgniter\HTTP\Response), Object(CodeIgniter\Log\Logger))
 2 SYSTEMPATH/CodeIgniter.php(498): CodeIgniter\CodeIgniter->createController()
 3 SYSTEMPATH/CodeIgniter.php(354): CodeIgniter\CodeIgniter->handleRequest(null, Object(Config\Cache), false)
 4 SYSTEMPATH/Boot.php(363): CodeIgniter\CodeIgniter->run()
 5 SYSTEMPATH/Boot.php(68): CodeIgniter\Boot::runCodeIgniter(Object(CodeIgniter\CodeIgniter))
 6 FCPATH/index.php(59): CodeIgniter\Boot::bootWeb(Object(Config\Paths))
WARNING - 2025-12-30 09:16:04 --> [DEPRECATED] Creation of dynamic property App\Controllers\Layanan::$nama is deprecated in APPPATH/Controllers/BaseController.php on line 44.
 1 SYSTEMPATH/CodeIgniter.php(904): App\Controllers\BaseController->initController(Object(CodeIgniter\HTTP\IncomingRequest), Object(CodeIgniter\HTTP\Response), Object(CodeIgniter\Log\Logger))
 2 SYSTEMPATH/CodeIgniter.php(498): CodeIgniter\CodeIgniter->createController()
 3 SYSTEMPATH/CodeIgniter.php(354): CodeIgniter\CodeIgniter->handleRequest(null, Object(Config\Cache), false)
 4 SYSTEMPATH/Boot.php(363): CodeIgniter\CodeIgniter->run()
 5 SYSTEMPATH/Boot.php(68): CodeIgniter\Boot::runCodeIgniter(Object(CodeIgniter\CodeIgniter))
 6 FCPATH/index.php(59): CodeIgniter\Boot::bootWeb(Object(Config\Paths))
WARNING - 2025-12-30 09:16:41 --> [DEPRECATED] Creation of dynamic property App\Controllers\Home::$nama is deprecated in APPPATH/Controllers/BaseController.php on line 44.
 1 SYSTEMPATH/CodeIgniter.php(904): App\Controllers\BaseController->initController(Object(CodeIgniter\HTTP\IncomingRequest), Object(CodeIgniter\HTTP\Response), Object(CodeIgniter\Log\Logger))
 2 SYSTEMPATH/CodeIgniter.php(498): CodeIgniter\CodeIgniter->createController()
 3 SYSTEMPATH/CodeIgniter.php(354): CodeIgniter\CodeIgniter->handleRequest(null, Object(Config\Cache), false)
 4 SYSTEMPATH/Boot.php(363): CodeIgniter\CodeIgniter->run()
 5 SYSTEMPATH/Boot.php(68): CodeIgniter\Boot::runCodeIgniter(Object(CodeIgniter\CodeIgniter))
 6 FCPATH/index.php(59): CodeIgniter\Boot::bootWeb(Object(Config\Paths))
WARNING - 2025-12-30 09:19:10 --> [DEPRECATED] Creation of dynamic property App\Controllers\Layanan::$nama is deprecated in APPPATH/Controllers/BaseController.php on line 44.
 1 SYSTEMPATH/CodeIgniter.php(904): App\Controllers\BaseController->initController(Object(CodeIgniter\HTTP\IncomingRequest), Object(CodeIgniter\HTTP\Response), Object(CodeIgniter\Log\Logger))
 2 SYSTEMPATH/CodeIgniter.php(498): CodeIgniter\CodeIgniter->createController()
 3 SYSTEMPATH/CodeIgniter.php(354): CodeIgniter\CodeIgniter->handleRequest(null, Object(Config\Cache), false)
 4 SYSTEMPATH/Boot.php(363): CodeIgniter\CodeIgniter->run()
 5 SYSTEMPATH/Boot.php(68): CodeIgniter\Boot::runCodeIgniter(Object(CodeIgniter\CodeIgniter))
 6 FCPATH/index.php(59): CodeIgniter\Boot::bootWeb(Object(Config\Paths))
WARNING - 2025-12-30 09:19:20 --> [DEPRECATED] Creation of dynamic property App\Controllers\Layanan::$nama is deprecated in APPPATH/Controllers/BaseController.php on line 44.
 1 SYSTEMPATH/CodeIgniter.php(904): App\Controllers\BaseController->initController(Object(CodeIgniter\HTTP\IncomingRequest), Object(CodeIgniter\HTTP\Response), Object(CodeIgniter\Log\Logger))
 2 SYSTEMPATH/CodeIgniter.php(498): CodeIgniter\CodeIgniter->createController()
 3 SYSTEMPATH/CodeIgniter.php(354): CodeIgniter\CodeIgniter->handleRequest(null, Object(Config\Cache), false)
 4 SYSTEMPATH/Boot.php(363): CodeIgniter\CodeIgniter->run()
 5 SYSTEMPATH/Boot.php(68): CodeIgniter\Boot::runCodeIgniter(Object(CodeIgniter\CodeIgniter))
 6 FCPATH/index.php(59): CodeIgniter\Boot::bootWeb(Object(Config\Paths))
WARNING - 2025-12-30 09:19:43 --> [DEPRECATED] Creation of dynamic property App\Controllers\Layanan::$nama is deprecated in APPPATH/Controllers/BaseController.php on line 44.
 1 SYSTEMPATH/CodeIgniter.php(904): App\Controllers\BaseController->initController(Object(CodeIgniter\HTTP\IncomingRequest), Object(CodeIgniter\HTTP\Response), Object(CodeIgniter\Log\Logger))
 2 SYSTEMPATH/CodeIgniter.php(498): CodeIgniter\CodeIgniter->createController()
 3 SYSTEMPATH/CodeIgniter.php(354): CodeIgniter\CodeIgniter->handleRequest(null, Object(Config\Cache), false)
 4 SYSTEMPATH/Boot.php(363): CodeIgniter\CodeIgniter->run()
 5 SYSTEMPATH/Boot.php(68): CodeIgniter\Boot::runCodeIgniter(Object(CodeIgniter\CodeIgniter))
 6 FCPATH/index.php(59): CodeIgniter\Boot::bootWeb(Object(Config\Paths))
WARNING - 2025-12-30 09:19:46 --> [DEPRECATED] Creation of dynamic property App\Controllers\Layanan::$nama is deprecated in APPPATH/Controllers/BaseController.php on line 44.
 1 SYSTEMPATH/CodeIgniter.php(904): App\Controllers\BaseController->initController(Object(CodeIgniter\HTTP\IncomingRequest), Object(CodeIgniter\HTTP\Response), Object(CodeIgniter\Log\Logger))
 2 SYSTEMPATH/CodeIgniter.php(498): CodeIgniter\CodeIgniter->createController()
 3 SYSTEMPATH/CodeIgniter.php(354): CodeIgniter\CodeIgniter->handleRequest(null, Object(Config\Cache), false)
 4 SYSTEMPATH/Boot.php(363): CodeIgniter\CodeIgniter->run()
 5 SYSTEMPATH/Boot.php(68): CodeIgniter\Boot::runCodeIgniter(Object(CodeIgniter\CodeIgniter))
 6 FCPATH/index.php(59): CodeIgniter\Boot::bootWeb(Object(Config\Paths))
WARNING - 2025-12-30 09:19:56 --> [DEPRECATED] Creation of dynamic property App\Controllers\Layanan::$nama is deprecated in APPPATH/Controllers/BaseController.php on line 44.
 1 SYSTEMPATH/CodeIgniter.php(904): App\Controllers\BaseController->initController(Object(CodeIgniter\HTTP\IncomingRequest), Object(CodeIgniter\HTTP\Response), Object(CodeIgniter\Log\Logger))
 2 SYSTEMPATH/CodeIgniter.php(498): CodeIgniter\CodeIgniter->createController()
 3 SYSTEMPATH/CodeIgniter.php(354): CodeIgniter\CodeIgniter->handleRequest(null, Object(Config\Cache), false)
 4 SYSTEMPATH/Boot.php(363): CodeIgniter\CodeIgniter->run()
 5 SYSTEMPATH/Boot.php(68): CodeIgniter\Boot::runCodeIgniter(Object(CodeIgniter\CodeIgniter))
 6 FCPATH/index.php(59): CodeIgniter\Boot::bootWeb(Object(Config\Paths))
WARNING - 2025-12-30 09:20:03 --> [DEPRECATED] Creation of dynamic property App\Controllers\Layanan::$nama is deprecated in APPPATH/Controllers/BaseController.php on line 44.
 1 SYSTEMPATH/CodeIgniter.php(904): App\Controllers\BaseController->initController(Object(CodeIgniter\HTTP\IncomingRequest), Object(CodeIgniter\HTTP\Response), Object(CodeIgniter\Log\Logger))
 2 SYSTEMPATH/CodeIgniter.php(498): CodeIgniter\CodeIgniter->createController()
 3 SYSTEMPATH/CodeIgniter.php(354): CodeIgniter\CodeIgniter->handleRequest(null, Object(Config\Cache), false)
 4 SYSTEMPATH/Boot.php(363): CodeIgniter\CodeIgniter->run()
 5 SYSTEMPATH/Boot.php(68): CodeIgniter\Boot::runCodeIgniter(Object(CodeIgniter\CodeIgniter))
 6 FCPATH/index.php(59): CodeIgniter\Boot::bootWeb(Object(Config\Paths))
WARNING - 2025-12-30 09:20:17 --> [DEPRECATED] Creation of dynamic property App\Controllers\Layanan::$nama is deprecated in APPPATH/Controllers/BaseController.php on line 44.
 1 SYSTEMPATH/CodeIgniter.php(904): App\Controllers\BaseController->initController(Object(CodeIgniter\HTTP\IncomingRequest), Object(CodeIgniter\HTTP\Response), Object(CodeIgniter\Log\Logger))
 2 SYSTEMPATH/CodeIgniter.php(498): CodeIgniter\CodeIgniter->createController()
 3 SYSTEMPATH/CodeIgniter.php(354): CodeIgniter\CodeIgniter->handleRequest(null, Object(Config\Cache), false)
 4 SYSTEMPATH/Boot.php(363): CodeIgniter\CodeIgniter->run()
 5 SYSTEMPATH/Boot.php(68): CodeIgniter\Boot::runCodeIgniter(Object(CodeIgniter\CodeIgniter))
 6 FCPATH/index.php(59): CodeIgniter\Boot::bootWeb(Object(Config\Paths))
WARNING - 2025-12-30 09:35:49 --> [DEPRECATED] Creation of dynamic property App\Controllers\Home::$nama is deprecated in APPPATH/Controllers/BaseController.php on line 44.
 1 SYSTEMPATH/CodeIgniter.php(904): App\Controllers\BaseController->initController(Object(CodeIgniter\HTTP\IncomingRequest), Object(CodeIgniter\HTTP\Response), Object(CodeIgniter\Log\Logger))
 2 SYSTEMPATH/CodeIgniter.php(498): CodeIgniter\CodeIgniter->createController()
 3 SYSTEMPATH/CodeIgniter.php(354): CodeIgniter\CodeIgniter->handleRequest(null, Object(Config\Cache), false)
 4 SYSTEMPATH/Boot.php(363): CodeIgniter\CodeIgniter->run()
 5 SYSTEMPATH/Boot.php(68): CodeIgniter\Boot::runCodeIgniter(Object(CodeIgniter\CodeIgniter))
 6 FCPATH/index.php(59): CodeIgniter\Boot::bootWeb(Object(Config\Paths))
WARNING - 2025-12-30 09:35:55 --> [DEPRECATED] Creation of dynamic property App\Controllers\Layanan::$nama is deprecated in APPPATH/Controllers/BaseController.php on line 44.
 1 SYSTEMPATH/CodeIgniter.php(904): App\Controllers\BaseController->initController(Object(CodeIgniter\HTTP\IncomingRequest), Object(CodeIgniter\HTTP\Response), Object(CodeIgniter\Log\Logger))
 2 SYSTEMPATH/CodeIgniter.php(498): CodeIgniter\CodeIgniter->createController()
 3 SYSTEMPATH/CodeIgniter.php(354): CodeIgniter\CodeIgniter->handleRequest(null, Object(Config\Cache), false)
 4 SYSTEMPATH/Boot.php(363): CodeIgniter\CodeIgniter->run()
 5 SYSTEMPATH/Boot.php(68): CodeIgniter\Boot::runCodeIgniter(Object(CodeIgniter\CodeIgniter))
 6 FCPATH/index.php(59): CodeIgniter\Boot::bootWeb(Object(Config\Paths))
WARNING - 2025-12-30 09:36:00 --> [DEPRECATED] Creation of dynamic property App\Controllers\Layanan::$nama is deprecated in APPPATH/Controllers/BaseController.php on line 44.
 1 SYSTEMPATH/CodeIgniter.php(904): App\Controllers\BaseController->initController(Object(CodeIgniter\HTTP\IncomingRequest), Object(CodeIgniter\HTTP\Response), Object(CodeIgniter\Log\Logger))
 2 SYSTEMPATH/CodeIgniter.php(498): CodeIgniter\CodeIgniter->createController()
 3 SYSTEMPATH/CodeIgniter.php(354): CodeIgniter\CodeIgniter->handleRequest(null, Object(Config\Cache), false)
 4 SYSTEMPATH/Boot.php(363): CodeIgniter\CodeIgniter->run()
 5 SYSTEMPATH/Boot.php(68): CodeIgniter\Boot::runCodeIgniter(Object(CodeIgniter\CodeIgniter))
 6 FCPATH/index.php(59): CodeIgniter\Boot::bootWeb(Object(Config\Paths))
WARNING - 2025-12-30 09:37:55 --> [DEPRECATED] Creation of dynamic property App\Controllers\Home::$nama is deprecated in APPPATH/Controllers/BaseController.php on line 44.
 1 SYSTEMPATH/CodeIgniter.php(904): App\Controllers\BaseController->initController(Object(CodeIgniter\HTTP\IncomingRequest), Object(CodeIgniter\HTTP\Response), Object(CodeIgniter\Log\Logger))
 2 SYSTEMPATH/CodeIgniter.php(498): CodeIgniter\CodeIgniter->createController()
 3 SYSTEMPATH/CodeIgniter.php(354): CodeIgniter\CodeIgniter->handleRequest(null, Object(Config\Cache), false)
 4 SYSTEMPATH/Boot.php(363): CodeIgniter\CodeIgniter->run()
 5 SYSTEMPATH/Boot.php(68): CodeIgniter\Boot::runCodeIgniter(Object(CodeIgniter\CodeIgniter))
 6 FCPATH/index.php(59): CodeIgniter\Boot::bootWeb(Object(Config\Paths))
WARNING - 2025-12-30 09:38:02 --> [DEPRECATED] Creation of dynamic property App\Controllers\Home::$nama is deprecated in APPPATH/Controllers/BaseController.php on line 44.
 1 SYSTEMPATH/CodeIgniter.php(904): App\Controllers\BaseController->initController(Object(CodeIgniter\HTTP\IncomingRequest), Object(CodeIgniter\HTTP\Response), Object(CodeIgniter\Log\Logger))
 2 SYSTEMPATH/CodeIgniter.php(498): CodeIgniter\CodeIgniter->createController()
 3 SYSTEMPATH/CodeIgniter.php(354): CodeIgniter\CodeIgniter->handleRequest(null, Object(Config\Cache), false)
 4 SYSTEMPATH/Boot.php(363): CodeIgniter\CodeIgniter->run()
 5 SYSTEMPATH/Boot.php(68): CodeIgniter\Boot::runCodeIgniter(Object(CodeIgniter\CodeIgniter))
 6 FCPATH/index.php(59): CodeIgniter\Boot::bootWeb(Object(Config\Paths))
WARNING - 2025-12-30 09:42:23 --> [DEPRECATED] Creation of dynamic property App\Controllers\Layanan::$nama is deprecated in APPPATH/Controllers/BaseController.php on line 44.
 1 SYSTEMPATH/CodeIgniter.php(904): App\Controllers\BaseController->initController(Object(CodeIgniter\HTTP\IncomingRequest), Object(CodeIgniter\HTTP\Response), Object(CodeIgniter\Log\Logger))
 2 SYSTEMPATH/CodeIgniter.php(498): CodeIgniter\CodeIgniter->createController()
 3 SYSTEMPATH/CodeIgniter.php(354): CodeIgniter\CodeIgniter->handleRequest(null, Object(Config\Cache), false)
 4 SYSTEMPATH/Boot.php(363): CodeIgniter\CodeIgniter->run()
 5 SYSTEMPATH/Boot.php(68): CodeIgniter\Boot::runCodeIgniter(Object(CodeIgniter\CodeIgniter))
 6 FCPATH/index.php(59): CodeIgniter\Boot::bootWeb(Object(Config\Paths))
WARNING - 2025-12-30 09:45:30 --> [DEPRECATED] Creation of dynamic property App\Controllers\Home::$nama is deprecated in APPPATH/Controllers/BaseController.php on line 44.
 1 SYSTEMPATH/CodeIgniter.php(904): App\Controllers\BaseController->initController(Object(CodeIgniter\HTTP\IncomingRequest), Object(CodeIgniter\HTTP\Response), Object(CodeIgniter\Log\Logger))
 2 SYSTEMPATH/CodeIgniter.php(498): CodeIgniter\CodeIgniter->createController()
 3 SYSTEMPATH/CodeIgniter.php(354): CodeIgniter\CodeIgniter->handleRequest(null, Object(Config\Cache), false)
 4 SYSTEMPATH/Boot.php(363): CodeIgniter\CodeIgniter->run()
 5 SYSTEMPATH/Boot.php(68): CodeIgniter\Boot::runCodeIgniter(Object(CodeIgniter\CodeIgniter))
 6 FCPATH/index.php(59): CodeIgniter\Boot::bootWeb(Object(Config\Paths))
WARNING - 2025-12-30 09:46:54 --> [DEPRECATED] Creation of dynamic property App\Controllers\Portofolio::$nama is deprecated in APPPATH/Controllers/BaseController.php on line 44.
 1 SYSTEMPATH/CodeIgniter.php(904): App\Controllers\BaseController->initController(Object(CodeIgniter\HTTP\IncomingRequest), Object(CodeIgniter\HTTP\Response), Object(CodeIgniter\Log\Logger))
 2 SYSTEMPATH/CodeIgniter.php(498): CodeIgniter\CodeIgniter->createController()
 3 SYSTEMPATH/CodeIgniter.php(354): CodeIgniter\CodeIgniter->handleRequest(null, Object(Config\Cache), false)
 4 SYSTEMPATH/Boot.php(363): CodeIgniter\CodeIgniter->run()
 5 SYSTEMPATH/Boot.php(68): CodeIgniter\Boot::runCodeIgniter(Object(CodeIgniter\CodeIgniter))
 6 FCPATH/index.php(59): CodeIgniter\Boot::bootWeb(Object(Config\Paths))
WARNING - 2025-12-30 09:46:56 --> [DEPRECATED] Creation of dynamic property App\Controllers\Layanan::$nama is deprecated in APPPATH/Controllers/BaseController.php on line 44.
 1 SYSTEMPATH/CodeIgniter.php(904): App\Controllers\BaseController->initController(Object(CodeIgniter\HTTP\IncomingRequest), Object(CodeIgniter\HTTP\Response), Object(CodeIgniter\Log\Logger))
 2 SYSTEMPATH/CodeIgniter.php(498): CodeIgniter\CodeIgniter->createController()
 3 SYSTEMPATH/CodeIgniter.php(354): CodeIgniter\CodeIgniter->handleRequest(null, Object(Config\Cache), false)
 4 SYSTEMPATH/Boot.php(363): CodeIgniter\CodeIgniter->run()
 5 SYSTEMPATH/Boot.php(68): CodeIgniter\Boot::runCodeIgniter(Object(CodeIgniter\CodeIgniter))
 6 FCPATH/index.php(59): CodeIgniter\Boot::bootWeb(Object(Config\Paths))
WARNING - 2025-12-30 09:47:01 --> [DEPRECATED] Creation of dynamic property App\Controllers\Layanan::$nama is deprecated in APPPATH/Controllers/BaseController.php on line 44.
 1 SYSTEMPATH/CodeIgniter.php(904): App\Controllers\BaseController->initController(Object(CodeIgniter\HTTP\IncomingRequest), Object(CodeIgniter\HTTP\Response), Object(CodeIgniter\Log\Logger))
 2 SYSTEMPATH/CodeIgniter.php(498): CodeIgniter\CodeIgniter->createController()
 3 SYSTEMPATH/CodeIgniter.php(354): CodeIgniter\CodeIgniter->handleRequest(null, Object(Config\Cache), false)
 4 SYSTEMPATH/Boot.php(363): CodeIgniter\CodeIgniter->run()
 5 SYSTEMPATH/Boot.php(68): CodeIgniter\Boot::runCodeIgniter(Object(CodeIgniter\CodeIgniter))
 6 FCPATH/index.php(59): CodeIgniter\Boot::bootWeb(Object(Config\Paths))
WARNING - 2025-12-30 10:10:17 --> [DEPRECATED] Creation of dynamic property App\Controllers\Layanan::$nama is deprecated in APPPATH/Controllers/BaseController.php on line 44.
 1 SYSTEMPATH/CodeIgniter.php(904): App\Controllers\BaseController->initController(Object(CodeIgniter\HTTP\IncomingRequest), Object(CodeIgniter\HTTP\Response), Object(CodeIgniter\Log\Logger))
 2 SYSTEMPATH/CodeIgniter.php(498): CodeIgniter\CodeIgniter->createController()
 3 SYSTEMPATH/CodeIgniter.php(354): CodeIgniter\CodeIgniter->handleRequest(null, Object(Config\Cache), false)
 4 SYSTEMPATH/Boot.php(363): CodeIgniter\CodeIgniter->run()
 5 SYSTEMPATH/Boot.php(68): CodeIgniter\Boot::runCodeIgniter(Object(CodeIgniter\CodeIgniter))
 6 FCPATH/index.php(59): CodeIgniter\Boot::bootWeb(Object(Config\Paths))
WARNING - 2025-12-30 13:36:46 --> [DEPRECATED] Creation of dynamic property App\Controllers\Layanan::$nama is deprecated in APPPATH/Controllers/BaseController.php on line 44.
 1 SYSTEMPATH/CodeIgniter.php(904): App\Controllers\BaseController->initController(Object(CodeIgniter\HTTP\IncomingRequest), Object(CodeIgniter\HTTP\Response), Object(CodeIgniter\Log\Logger))
 2 SYSTEMPATH/CodeIgniter.php(498): CodeIgniter\CodeIgniter->createController()
 3 SYSTEMPATH/CodeIgniter.php(354): CodeIgniter\CodeIgniter->handleRequest(null, Object(Config\Cache), false)
 4 SYSTEMPATH/Boot.php(363): CodeIgniter\CodeIgniter->run()
 5 SYSTEMPATH/Boot.php(68): CodeIgniter\Boot::runCodeIgniter(Object(CodeIgniter\CodeIgniter))
 6 FCPATH/index.php(59): CodeIgniter\Boot::bootWeb(Object(Config\Paths))
WARNING - 2025-12-30 13:37:10 --> [DEPRECATED] Creation of dynamic property App\Controllers\Layanan::$nama is deprecated in APPPATH/Controllers/BaseController.php on line 44.
 1 SYSTEMPATH/CodeIgniter.php(904): App\Controllers\BaseController->initController(Object(CodeIgniter\HTTP\IncomingRequest), Object(CodeIgniter\HTTP\Response), Object(CodeIgniter\Log\Logger))
 2 SYSTEMPATH/CodeIgniter.php(498): CodeIgniter\CodeIgniter->createController()
 3 SYSTEMPATH/CodeIgniter.php(354): CodeIgniter\CodeIgniter->handleRequest(null, Object(Config\Cache), false)
 4 SYSTEMPATH/Boot.php(363): CodeIgniter\CodeIgniter->run()
 5 SYSTEMPATH/Boot.php(68): CodeIgniter\Boot::runCodeIgniter(Object(CodeIgniter\CodeIgniter))
 6 FCPATH/index.php(59): CodeIgniter\Boot::bootWeb(Object(Config\Paths))
WARNING - 2025-12-30 13:37:13 --> [DEPRECATED] Creation of dynamic property App\Controllers\Layanan::$nama is deprecated in APPPATH/Controllers/BaseController.php on line 44.
 1 SYSTEMPATH/CodeIgniter.php(904): App\Controllers\BaseController->initController(Object(CodeIgniter\HTTP\IncomingRequest), Object(CodeIgniter\HTTP\Response), Object(CodeIgniter\Log\Logger))
 2 SYSTEMPATH/CodeIgniter.php(498): CodeIgniter\CodeIgniter->createController()
 3 SYSTEMPATH/CodeIgniter.php(354): CodeIgniter\CodeIgniter->handleRequest(null, Object(Config\Cache), false)
 4 SYSTEMPATH/Boot.php(363): CodeIgniter\CodeIgniter->run()
 5 SYSTEMPATH/Boot.php(68): CodeIgniter\Boot::runCodeIgniter(Object(CodeIgniter\CodeIgniter))
 6 FCPATH/index.php(59): CodeIgniter\Boot::bootWeb(Object(Config\Paths))
WARNING - 2025-12-30 13:37:14 --> [DEPRECATED] Creation of dynamic property App\Controllers\Layanan::$nama is deprecated in APPPATH/Controllers/BaseController.php on line 44.
 1 SYSTEMPATH/CodeIgniter.php(904): App\Controllers\BaseController->initController(Object(CodeIgniter\HTTP\IncomingRequest), Object(CodeIgniter\HTTP\Response), Object(CodeIgniter\Log\Logger))
 2 SYSTEMPATH/CodeIgniter.php(498): CodeIgniter\CodeIgniter->createController()
 3 SYSTEMPATH/CodeIgniter.php(354): CodeIgniter\CodeIgniter->handleRequest(null, Object(Config\Cache), false)
 4 SYSTEMPATH/Boot.php(363): CodeIgniter\CodeIgniter->run()
 5 SYSTEMPATH/Boot.php(68): CodeIgniter\Boot::runCodeIgniter(Object(CodeIgniter\CodeIgniter))
 6 FCPATH/index.php(59): CodeIgniter\Boot::bootWeb(Object(Config\Paths))
WARNING - 2025-12-30 13:37:14 --> [DEPRECATED] Creation of dynamic property App\Controllers\Layanan::$nama is deprecated in APPPATH/Controllers/BaseController.php on line 44.
 1 SYSTEMPATH/CodeIgniter.php(904): App\Controllers\BaseController->initController(Object(CodeIgniter\HTTP\IncomingRequest), Object(CodeIgniter\HTTP\Response), Object(CodeIgniter\Log\Logger))
 2 SYSTEMPATH/CodeIgniter.php(498): CodeIgniter\CodeIgniter->createController()
 3 SYSTEMPATH/CodeIgniter.php(354): CodeIgniter\CodeIgniter->handleRequest(null, Object(Config\Cache), false)
 4 SYSTEMPATH/Boot.php(363): CodeIgniter\CodeIgniter->run()
 5 SYSTEMPATH/Boot.php(68): CodeIgniter\Boot::runCodeIgniter(Object(CodeIgniter\CodeIgniter))
 6 FCPATH/index.php(59): CodeIgniter\Boot::bootWeb(Object(Config\Paths))
WARNING - 2025-12-30 13:37:29 --> [DEPRECATED] Creation of dynamic property App\Controllers\Layanan::$nama is deprecated in APPPATH/Controllers/BaseController.php on line 44.
 1 SYSTEMPATH/CodeIgniter.php(904): App\Controllers\BaseController->initController(Object(CodeIgniter\HTTP\IncomingRequest), Object(CodeIgniter\HTTP\Response), Object(CodeIgniter\Log\Logger))
 2 SYSTEMPATH/CodeIgniter.php(498): CodeIgniter\CodeIgniter->createController()
 3 SYSTEMPATH/CodeIgniter.php(354): CodeIgniter\CodeIgniter->handleRequest(null, Object(Config\Cache), false)
 4 SYSTEMPATH/Boot.php(363): CodeIgniter\CodeIgniter->run()
 5 SYSTEMPATH/Boot.php(68): CodeIgniter\Boot::runCodeIgniter(Object(CodeIgniter\CodeIgniter))
 6 FCPATH/index.php(59): CodeIgniter\Boot::bootWeb(Object(Config\Paths))
WARNING - 2025-12-30 13:37:31 --> [DEPRECATED] Creation of dynamic property App\Controllers\Layanan::$nama is deprecated in APPPATH/Controllers/BaseController.php on line 44.
 1 SYSTEMPATH/CodeIgniter.php(904): App\Controllers\BaseController->initController(Object(CodeIgniter\HTTP\IncomingRequest), Object(CodeIgniter\HTTP\Response), Object(CodeIgniter\Log\Logger))
 2 SYSTEMPATH/CodeIgniter.php(498): CodeIgniter\CodeIgniter->createController()
 3 SYSTEMPATH/CodeIgniter.php(354): CodeIgniter\CodeIgniter->handleRequest(null, Object(Config\Cache), false)
 4 SYSTEMPATH/Boot.php(363): CodeIgniter\CodeIgniter->run()
 5 SYSTEMPATH/Boot.php(68): CodeIgniter\Boot::runCodeIgniter(Object(CodeIgniter\CodeIgniter))
 6 FCPATH/index.php(59): CodeIgniter\Boot::bootWeb(Object(Config\Paths))
WARNING - 2025-12-30 13:37:42 --> [DEPRECATED] Creation of dynamic property App\Controllers\Layanan::$nama is deprecated in APPPATH/Controllers/BaseController.php on line 44.
 1 SYSTEMPATH/CodeIgniter.php(904): App\Controllers\BaseController->initController(Object(CodeIgniter\HTTP\IncomingRequest), Object(CodeIgniter\HTTP\Response), Object(CodeIgniter\Log\Logger))
 2 SYSTEMPATH/CodeIgniter.php(498): CodeIgniter\CodeIgniter->createController()
 3 SYSTEMPATH/CodeIgniter.php(354): CodeIgniter\CodeIgniter->handleRequest(null, Object(Config\Cache), false)
 4 SYSTEMPATH/Boot.php(363): CodeIgniter\CodeIgniter->run()
 5 SYSTEMPATH/Boot.php(68): CodeIgniter\Boot::runCodeIgniter(Object(CodeIgniter\CodeIgniter))
 6 FCPATH/index.php(59): CodeIgniter\Boot::bootWeb(Object(Config\Paths))
WARNING - 2025-12-30 13:42:26 --> [DEPRECATED] Creation of dynamic property App\Controllers\Layanan::$nama is deprecated in APPPATH/Controllers/BaseController.php on line 44.
 1 SYSTEMPATH/CodeIgniter.php(904): App\Controllers\BaseController->initController(Object(CodeIgniter\HTTP\IncomingRequest), Object(CodeIgniter\HTTP\Response), Object(CodeIgniter\Log\Logger))
 2 SYSTEMPATH/CodeIgniter.php(498): CodeIgniter\CodeIgniter->createController()
 3 SYSTEMPATH/CodeIgniter.php(354): CodeIgniter\CodeIgniter->handleRequest(null, Object(Config\Cache), false)
 4 SYSTEMPATH/Boot.php(363): CodeIgniter\CodeIgniter->run()
 5 SYSTEMPATH/Boot.php(68): CodeIgniter\Boot::runCodeIgniter(Object(CodeIgniter\CodeIgniter))
 6 FCPATH/index.php(59): CodeIgniter\Boot::bootWeb(Object(Config\Paths))
WARNING - 2025-12-30 13:42:30 --> [DEPRECATED] Creation of dynamic property App\Controllers\Layanan::$nama is deprecated in APPPATH/Controllers/BaseController.php on line 44.
 1 SYSTEMPATH/CodeIgniter.php(904): App\Controllers\BaseController->initController(Object(CodeIgniter\HTTP\IncomingRequest), Object(CodeIgniter\HTTP\Response), Object(CodeIgniter\Log\Logger))
 2 SYSTEMPATH/CodeIgniter.php(498): CodeIgniter\CodeIgniter->createController()
 3 SYSTEMPATH/CodeIgniter.php(354): CodeIgniter\CodeIgniter->handleRequest(null, Object(Config\Cache), false)
 4 SYSTEMPATH/Boot.php(363): CodeIgniter\CodeIgniter->run()
 5 SYSTEMPATH/Boot.php(68): CodeIgniter\Boot::runCodeIgniter(Object(CodeIgniter\CodeIgniter))
 6 FCPATH/index.php(59): CodeIgniter\Boot::bootWeb(Object(Config\Paths))
WARNING - 2025-12-30 13:42:31 --> [DEPRECATED] Creation of dynamic property App\Controllers\Layanan::$nama is deprecated in APPPATH/Controllers/BaseController.php on line 44.
 1 SYSTEMPATH/CodeIgniter.php(904): App\Controllers\BaseController->initController(Object(CodeIgniter\HTTP\IncomingRequest), Object(CodeIgniter\HTTP\Response), Object(CodeIgniter\Log\Logger))
 2 SYSTEMPATH/CodeIgniter.php(498): CodeIgniter\CodeIgniter->createController()
 3 SYSTEMPATH/CodeIgniter.php(354): CodeIgniter\CodeIgniter->handleRequest(null, Object(Config\Cache), false)
 4 SYSTEMPATH/Boot.php(363): CodeIgniter\CodeIgniter->run()
 5 SYSTEMPATH/Boot.php(68): CodeIgniter\Boot::runCodeIgniter(Object(CodeIgniter\CodeIgniter))
 6 FCPATH/index.php(59): CodeIgniter\Boot::bootWeb(Object(Config\Paths))
WARNING - 2025-12-30 13:42:31 --> [DEPRECATED] Creation of dynamic property App\Controllers\Layanan::$nama is deprecated in APPPATH/Controllers/BaseController.php on line 44.
 1 SYSTEMPATH/CodeIgniter.php(904): App\Controllers\BaseController->initController(Object(CodeIgniter\HTTP\IncomingRequest), Object(CodeIgniter\HTTP\Response), Object(CodeIgniter\Log\Logger))
 2 SYSTEMPATH/CodeIgniter.php(498): CodeIgniter\CodeIgniter->createController()
 3 SYSTEMPATH/CodeIgniter.php(354): CodeIgniter\CodeIgniter->handleRequest(null, Object(Config\Cache), false)
 4 SYSTEMPATH/Boot.php(363): CodeIgniter\CodeIgniter->run()
 5 SYSTEMPATH/Boot.php(68): CodeIgniter\Boot::runCodeIgniter(Object(CodeIgniter\CodeIgniter))
 6 FCPATH/index.php(59): CodeIgniter\Boot::bootWeb(Object(Config\Paths))
